date_time_dimension_full_date,sensor_strain_gauge_raw_engineer_vw,sensor_strain_gauge_rawfksensor_id
2000-11-07 00:00:00,4418.4,1
2000-11-07 00:00:00,5510.2,22
2000-11-07 00:00:00,5463.4,21
2000-11-07 00:00:00,6469.1,20
2000-11-07 00:00:00,6481.3,19
2000-11-07 00:00:00,4500.5,18
2000-11-07 00:00:00,4487.1,17
2000-11-07 00:00:00,5493.8,16
2000-11-07 00:00:00,5409.9,15
2000-11-07 00:00:00,6394.7,14
2000-11-07 00:00:00,4461.2,23
2000-11-07 00:00:00,6511.6,13
2000-11-07 00:00:00,4504.4,11
2000-11-07 00:00:00,5483.9,10
2000-11-07 00:00:00,5513.3,9
2000-11-07 00:00:00,6507.7,8
2000-11-07 00:00:00,6580.9,7
2000-11-07 00:00:00,6476.8,6
2000-11-07 00:00:00,6454.4,5
2000-11-07 00:00:00,4475.6,4
2000-11-07 00:00:00,4473.4,3
2000-11-07 00:00:00,4501.1,12
2000-11-07 00:00:00,4486.8,24
2000-11-07 00:00:00,4477.2,2
2000-11-08 01:00:00,6462.5,5
2000-11-08 01:00:00,4500.0,24
2000-11-08 01:00:00,6507.3,8
2000-11-08 01:00:00,4442.8,23
2000-11-08 01:00:00,4416.2,1
2000-11-08 01:00:00,4471.1,3
2000-11-08 01:00:00,5505.7,22
2000-11-08 01:00:00,6466.8,6
2000-11-08 01:00:00,4490.8,17
2000-11-08 01:00:00,4472.3,4
2000-11-08 01:00:00,4497.1,18
2000-11-08 01:00:00,6480.6,19
2000-11-08 01:00:00,6388.8,14
2000-11-08 01:00:00,6467.9,20
2000-11-08 01:00:00,5408.1,15
2000-11-08 01:00:00,5482.1,10
2000-11-08 01:00:00,4515.4,11
2000-11-08 01:00:00,6579.7,7
2000-11-08 01:00:00,6506.8,13
2000-11-08 01:00:00,5492.4,16
2000-11-08 01:00:00,4474.6,2
2000-11-08 01:00:00,5514.7,9
2000-11-08 01:00:00,4501.6,12
2000-11-08 01:00:00,5474.4,21
2000-11-09 02:00:00,4468.3,4
2000-11-09 02:00:00,6467.4,20
2000-11-09 02:00:00,4414.0,1
2000-11-09 02:00:00,4497.2,18
2000-11-09 02:00:00,6440.7,5
2000-11-09 02:00:00,6457.8,6
2000-11-09 02:00:00,4467.3,3
2000-11-09 02:00:00,6263.6,14
2000-11-09 02:00:00,4455.1,23
2000-11-09 02:00:00,6484.0,19
2000-11-09 02:00:00,4471.0,2
2000-11-09 02:00:00,5443.0,21
2000-11-09 02:00:00,5514.0,9
2000-11-09 02:00:00,5469.7,16
2000-11-09 02:00:00,6501.2,7
2000-11-09 02:00:00,5475.5,10
2000-11-09 02:00:00,5392.2,15
2000-11-09 02:00:00,6273.0,13
2000-11-09 02:00:00,4491.0,17
2000-11-09 02:00:00,5530.7,22
2000-11-09 02:00:00,4502.7,12
2000-11-09 02:00:00,4516.1,11
2000-11-09 02:00:00,4481.8,24
2000-11-09 02:00:00,6480.1,8
2000-11-10 03:00:00,6456.8,8
2000-11-10 03:00:00,4413.2,1
2000-11-10 03:00:00,5529.5,22
2000-11-10 03:00:00,4525.0,11
2000-11-10 03:00:00,6449.3,5
2000-11-10 03:00:00,6484.4,19
2000-11-10 03:00:00,4466.2,3
2000-11-10 03:00:00,5452.7,21
2000-11-10 03:00:00,4467.8,2
2000-11-10 03:00:00,5451.6,16
2000-11-10 03:00:00,5469.8,10
2000-11-10 03:00:00,6420.0,7
2000-11-10 03:00:00,6072.8,13
2000-11-10 03:00:00,4491.8,17
2000-11-10 03:00:00,4460.0,23
2000-11-10 03:00:00,4506.3,12
2000-11-10 03:00:00,5383.2,15
2000-11-10 03:00:00,4467.1,4
2000-11-10 03:00:00,6454.8,6
2000-11-10 03:00:00,5512.7,9
2000-11-10 03:00:00,4497.7,18
2000-11-10 03:00:00,6465.9,20
2000-11-10 03:00:00,6167.9,14
2000-11-10 03:00:00,4486.3,24
2000-11-11 04:00:00,4467.9,4
2000-11-11 04:00:00,6463.8,20
2000-11-11 04:00:00,4510.2,12
2000-11-11 04:00:00,5847.2,13
2000-11-11 04:00:00,5529.6,22
2000-11-11 04:00:00,6048.5,14
2000-11-11 04:00:00,4478.7,23
2000-11-11 04:00:00,4498.5,24
2000-11-11 04:00:00,4468.1,2
2000-11-11 04:00:00,5440.1,16
2000-11-11 04:00:00,5464.6,10
2000-11-11 04:00:00,6306.8,7
2000-11-11 04:00:00,4492.7,17
2000-11-11 04:00:00,5372.5,15
2000-11-11 04:00:00,6457.6,5
2000-11-11 04:00:00,6453.4,6
2000-11-11 04:00:00,4413.0,1
2000-11-11 04:00:00,5455.5,21
2000-11-11 04:00:00,4498.1,18
2000-11-11 04:00:00,6443.0,8
2000-11-11 04:00:00,4466.7,3
2000-11-11 04:00:00,4536.5,11
2000-11-11 04:00:00,5512.2,9
2000-11-11 04:00:00,6484.6,19
2000-11-12 05:00:00,6458.2,5
2000-11-12 05:00:00,6418.3,8
2000-11-12 05:00:00,,1
2000-11-12 05:00:00,6483.5,19
2000-11-12 05:00:00,6459.3,20
2000-11-12 05:00:00,4492.2,17
2000-11-12 05:00:00,5360.4,15
2000-11-12 05:00:00,5955.6,14
2000-11-12 05:00:00,6453.9,6
2000-11-12 05:00:00,4499.5,18
2000-11-12 05:00:00,6184.7,7
2000-11-12 05:00:00,5652.9,13
2000-11-12 05:00:00,5427.1,16
2000-11-12 05:00:00,5510.3,9
2000-11-12 05:00:00,4511.1,12
2000-11-12 05:00:00,,2
2000-11-12 05:00:00,4498.5,24
2000-11-12 05:00:00,4545.0,11
2000-11-12 05:00:00,4465.3,4
2000-11-12 05:00:00,5457.6,10
2000-11-12 05:00:00,5528.5,22
2000-11-12 05:00:00,4466.4,3
2000-11-12 05:00:00,4482.8,23
2000-11-12 05:00:00,5461.8,21
2000-11-13 06:00:00,4503.1,18
2000-11-13 06:00:00,5528.6,22
2000-11-13 06:00:00,5397.4,13
2000-11-13 06:00:00,5463.5,21
2000-11-13 06:00:00,6454.1,20
2000-11-13 06:00:00,6446.6,5
2000-11-13 06:00:00,4465.1,3
2000-11-13 06:00:00,4411.9,1
2000-11-13 06:00:00,4556.4,11
2000-11-13 06:00:00,6483.3,19
2000-11-13 06:00:00,5774.7,14
2000-11-13 06:00:00,4485.6,23
2000-11-13 06:00:00,5507.2,9
2000-11-13 06:00:00,4494.1,17
2000-11-13 06:00:00,6434.8,6
2000-11-13 06:00:00,4514.0,12
2000-11-13 06:00:00,4498.5,24
2000-11-13 06:00:00,5337.2,15
2000-11-13 06:00:00,4467.0,2
2000-11-13 06:00:00,6396.7,8
2000-11-13 06:00:00,5409.2,16
2000-11-13 06:00:00,4465.8,4
2000-11-13 06:00:00,5449.3,10
2000-11-13 06:00:00,6019.4,7
2000-11-14 07:00:00,5364.3,16
2000-11-14 07:00:00,4466.3,3
2000-11-14 07:00:00,4467.4,2
2000-11-14 07:00:00,5432.2,10
2000-11-14 07:00:00,6483.0,19
2000-11-14 07:00:00,4499.1,24
2000-11-14 07:00:00,5451.0,9
2000-11-14 07:00:00,4499.7,17
2000-11-14 07:00:00,5463.4,14
2000-11-14 07:00:00,5124.3,15
2000-11-14 07:00:00,4627.5,18
2000-11-14 07:00:00,6436.4,6
2000-11-14 07:00:00,5607.8,7
2000-11-14 07:00:00,4607.0,11
2000-11-14 07:00:00,4487.0,23
2000-11-14 07:00:00,6313.2,8
2000-11-14 07:00:00,4465.2,4
2000-11-14 07:00:00,5459.3,21
2000-11-14 07:00:00,4412.2,1
2000-11-14 07:00:00,4522.2,12
2000-11-14 07:00:00,6448.9,5
2000-11-14 07:00:00,4776.1,13
2000-11-14 07:00:00,6452.5,20
2000-11-14 07:00:00,5528.5,22
2000-11-15 08:00:00,4414.2,1
2000-11-15 08:00:00,4481.2,4
2000-11-15 08:00:00,4526.3,23
2000-11-15 08:00:00,6424.8,20
2000-11-15 08:00:00,5438.3,9
2000-11-15 08:00:00,4630.0,11
2000-11-15 08:00:00,6450.0,6
2000-11-15 08:00:00,5424.7,10
2000-11-15 08:00:00,4525.5,12
2000-11-15 08:00:00,6227.5,8
2000-11-15 08:00:00,5052.3,15
2000-11-15 08:00:00,4512.1,17
2000-11-15 08:00:00,5413.3,7
2000-11-15 08:00:00,4472.5,2
2000-11-15 08:00:00,4671.4,18
2000-11-15 08:00:00,5312.8,14
2000-11-15 08:00:00,6436.3,19
2000-11-15 08:00:00,5346.2,16
2000-11-15 08:00:00,4477.8,3
2000-11-15 08:00:00,6451.0,5
2000-11-15 08:00:00,5477.0,21
2000-11-15 08:00:00,4528.9,13
2000-11-15 08:00:00,4528.8,24
2000-11-15 08:00:00,5532.1,22
2000-11-19 09:00:00,6416.9,19
2000-11-19 09:00:00,4521.2,17
2000-11-19 09:00:00,4543.2,24
2000-11-19 09:00:00,4656.9,11
2000-11-19 09:00:00,4528.2,12
2000-11-19 09:00:00,5415.4,10
2000-11-19 09:00:00,4404.2,13
2000-11-19 09:00:00,5022.0,15
2000-11-19 09:00:00,5329.8,16
2000-11-19 09:00:00,6183.7,8
2000-11-19 09:00:00,5544.0,22
2000-11-19 09:00:00,5490.2,21
2000-11-19 09:00:00,5243.7,14
2000-11-19 09:00:00,6404.7,20
2000-11-19 09:00:00,5328.6,7
2000-11-19 09:00:00,4545.0,23
2000-11-19 09:00:00,4697.5,18
2000-11-19 09:00:00,5418.1,9
2000-11-20 09:00:00,4473.9,3
2000-11-20 09:00:00,4475.6,4
2000-11-20 09:00:00,6391.4,5
2000-11-20 09:00:00,4411.8,1
2000-11-20 09:00:00,4473.2,2
2000-11-20 09:00:00,6396.3,6
2000-11-20 10:00:00,5330.7,16
2000-11-20 10:00:00,4544.1,24
2000-11-20 10:00:00,5021.9,15
2000-11-20 10:00:00,4529.7,12
2000-11-20 10:00:00,6417.2,19
2000-11-20 10:00:00,6183.3,8
2000-11-20 10:00:00,4404.9,13
2000-11-20 10:00:00,4653.9,11
2000-11-20 10:00:00,5545.1,22
2000-11-20 10:00:00,5246.1,14
2000-11-20 10:00:00,5326.9,7
2000-11-20 10:00:00,4547.9,23
2000-11-20 10:00:00,4696.3,18
2000-11-20 10:00:00,5418.0,9
2000-11-20 10:00:00,4524.6,17
2000-11-20 10:00:00,6404.9,20
2000-11-20 10:00:00,5493.7,21
2000-11-20 10:00:00,5414.0,10
2000-11-21 10:00:00,4411.2,1
2000-11-21 10:00:00,4471.6,4
2000-11-21 10:00:00,4472.2,3
2000-11-21 10:00:00,6390.3,5
2000-11-21 10:00:00,4472.0,2
2000-11-21 10:00:00,6392.5,6
2000-11-21 11:00:00,4391.5,13
2000-11-21 11:00:00,5415.0,9
2000-11-21 11:00:00,5413.8,10
2000-11-21 11:00:00,5327.5,7
2000-11-21 11:00:00,6178.7,8
2000-11-21 11:00:00,4528.6,12
2000-11-21 11:00:00,5020.7,15
2000-11-21 11:00:00,4661.1,11
2000-11-21 11:00:00,5236.9,14
2000-11-21 11:00:00,4523.0,17
2000-11-21 11:00:00,4698.5,18
2000-11-21 11:00:00,6403.2,20
2000-11-21 11:00:00,4544.0,24
2000-11-21 11:00:00,5327.8,16
2000-11-21 11:00:00,5490.9,21
2000-11-21 11:00:00,6414.7,19
2000-11-21 11:00:00,4548.9,23
2000-11-21 11:00:00,5543.3,22
2000-11-22 11:00:00,4470.8,2
2000-11-22 11:00:00,6389.5,5
2000-11-22 11:00:00,6390.9,6
2000-11-22 11:00:00,4471.2,3
2000-11-22 11:00:00,4410.3,1
2000-11-22 11:00:00,4470.3,4
2000-11-22 12:00:00,5235.0,14
2000-11-22 12:00:00,5325.6,7
2000-11-22 12:00:00,5413.0,10
2000-11-22 12:00:00,4544.1,24
2000-11-22 12:00:00,5326.5,16
2000-11-22 12:00:00,4384.1,13
2000-11-22 12:00:00,4699.4,18
2000-11-22 12:00:00,6177.4,8
2000-11-22 12:00:00,4528.6,12
2000-11-22 12:00:00,5491.3,21
2000-11-22 12:00:00,4550.2,23
2000-11-22 12:00:00,4663.3,11
2000-11-22 12:00:00,5542.9,22
2000-11-22 12:00:00,6402.1,20
2000-11-22 12:00:00,6405.5,19
2000-11-22 12:00:00,5413.4,9
2000-11-22 12:00:00,5020.1,15
2000-11-22 12:00:00,4524.2,17
2000-11-23 12:00:00,6388.7,5
2000-11-23 12:00:00,4409.0,1
2000-11-23 12:00:00,4469.2,2
2000-11-23 12:00:00,6388.3,6
2000-11-23 12:00:00,4467.4,4
2000-11-23 12:00:00,4469.3,3
2000-11-23 13:00:00,6177.0,8
2000-11-23 13:00:00,6400.6,20
2000-11-23 13:00:00,5411.7,9
2000-11-23 13:00:00,4528.3,12
2000-11-23 13:00:00,4381.2,13
2000-11-23 13:00:00,6403.0,19
2000-11-23 13:00:00,5019.7,15
2000-11-23 13:00:00,5412.8,10
2000-11-23 13:00:00,5490.5,21
2000-11-23 13:00:00,4663.9,11
2000-11-23 13:00:00,4551.9,23
2000-11-23 13:00:00,5542.6,22
2000-11-23 13:00:00,5324.7,16
2000-11-23 13:00:00,4524.2,17
2000-11-23 13:00:00,4697.1,18
2000-11-23 13:00:00,4549.6,24
2000-11-23 13:00:00,5323.9,7
2000-11-23 13:00:00,5234.8,14
2000-11-24 13:00:00,4466.9,4
2000-11-24 13:00:00,4468.5,3
2000-11-24 13:00:00,6387.6,6
2000-11-24 13:00:00,6386.9,5
2000-11-24 13:00:00,4466.8,2
2000-11-24 13:00:00,4407.7,1
2000-11-24 14:00:00,6395.7,19
2000-11-24 14:00:00,6400.9,20
2000-11-24 14:00:00,4522.9,17
2000-11-24 14:00:00,5322.1,7
2000-11-24 14:00:00,5410.6,9
2000-11-24 14:00:00,4549.7,24
2000-11-24 14:00:00,5491.8,21
2000-11-24 14:00:00,4552.8,23
2000-11-24 14:00:00,4526.7,12
2000-11-24 14:00:00,4375.1,13
2000-11-24 14:00:00,6175.3,8
2000-11-24 14:00:00,4698.3,18
2000-11-24 14:00:00,5542.4,22
2000-11-24 14:00:00,4661.8,11
2000-11-24 14:00:00,5234.4,14
2000-11-24 14:00:00,5021.5,15
2000-11-24 14:00:00,5411.5,10
2000-11-24 14:00:00,5325.2,16
2000-11-25 14:00:00,4464.1,4
2000-11-25 14:00:00,6387.8,5
2000-11-25 14:00:00,4466.7,2
2000-11-25 14:00:00,6389.3,6
2000-11-25 14:00:00,4408.0,1
2000-11-25 14:00:00,4467.0,3
2000-11-25 15:00:00,5409.8,9
2000-11-25 15:00:00,4549.6,24
2000-11-25 15:00:00,5541.6,22
2000-11-25 15:00:00,4528.2,12
2000-11-25 15:00:00,5493.2,21
2000-11-25 15:00:00,6171.9,8
2000-11-25 15:00:00,5323.6,16
2000-11-25 15:00:00,4578.1,17
2000-11-25 15:00:00,4672.4,11
2000-11-25 15:00:00,5018.1,15
2000-11-25 15:00:00,4553.6,23
2000-11-25 15:00:00,4747.3,18
2000-11-25 15:00:00,5217.5,14
2000-11-25 15:00:00,6395.4,19
2000-11-25 15:00:00,6401.4,20
2000-11-25 15:00:00,5321.3,7
2000-11-25 15:00:00,4367.5,13
2000-11-25 15:00:00,5410.0,10
2000-11-26 16:00:00,4550.0,24
2000-11-26 16:00:00,4368.1,13
2000-11-26 16:00:00,5016.7,15
2000-11-26 16:00:00,6172.3,8
2000-11-26 16:00:00,5543.4,22
2000-11-26 16:00:00,5216.1,14
2000-11-26 16:00:00,5410.0,10
2000-11-26 16:00:00,5321.4,7
2000-11-26 16:00:00,4763.4,18
2000-11-26 16:00:00,5494.3,21
2000-11-26 16:00:00,6395.9,19
2000-11-26 16:00:00,4674.6,11
2000-11-26 16:00:00,5321.1,16
2000-11-26 16:00:00,5409.3,9
2000-11-26 16:00:00,4591.9,17
2000-11-26 16:00:00,4553.2,23
2000-11-26 16:00:00,6403.6,20
2000-11-26 16:00:00,4529.7,12
2000-11-27 15:00:00,4466.6,2
2000-11-27 15:00:00,4467.6,3
2000-11-27 15:00:00,4407.7,1
2000-11-27 15:00:00,6388.0,5
2000-11-27 15:00:00,6389.1,6
2000-11-27 15:00:00,4465.5,4
2000-11-27 17:00:00,4552.9,24
2000-11-27 17:00:00,5407.5,9
2000-11-27 17:00:00,5408.7,10
2000-11-27 17:00:00,5541.7,22
2000-11-27 17:00:00,4558.0,23
2000-11-27 17:00:00,6402.2,20
2000-11-27 17:00:00,5209.9,14
2000-11-27 17:00:00,4357.4,13
2000-11-27 17:00:00,6390.7,19
2000-11-27 17:00:00,5316.1,7
2000-11-27 17:00:00,4746.9,18
2000-11-27 17:00:00,4529.1,12
2000-11-27 17:00:00,5494.5,21
2000-11-27 17:00:00,4679.1,11
2000-11-27 17:00:00,5320.5,16
2000-11-27 17:00:00,6170.2,8
2000-11-27 17:00:00,5016.8,15
2000-11-27 17:00:00,4578.9,17
2000-11-28 16:00:00,4466.8,3
2000-11-28 16:00:00,4463.7,4
2000-11-28 16:00:00,6369.4,6
2000-11-28 16:00:00,4465.3,2
2000-11-28 16:00:00,6378.5,5
2000-11-28 16:00:00,4406.7,1
2000-11-28 18:00:00,5209.0,14
2000-11-28 18:00:00,5313.7,7
2000-11-28 18:00:00,4747.1,18
2000-11-28 18:00:00,4579.2,17
2000-11-28 18:00:00,4679.9,11
2000-11-28 18:00:00,5408.8,10
2000-11-28 18:00:00,4355.4,13
2000-11-28 18:00:00,4552.6,24
2000-11-28 18:00:00,6388.9,19
2000-11-28 18:00:00,4558.0,23
2000-11-28 18:00:00,5320.1,16
2000-11-28 18:00:00,6401.1,20
2000-11-28 18:00:00,4529.4,12
2000-11-28 18:00:00,5495.1,21
2000-11-28 18:00:00,5545.6,22
2000-11-28 18:00:00,6171.4,8
2000-11-28 18:00:00,5017.0,15
2000-11-28 18:00:00,5407.6,9
2000-11-29 17:00:00,6371.4,6
2000-11-29 17:00:00,4406.1,1
2000-11-29 17:00:00,4464.0,2
2000-11-29 17:00:00,4463.3,4
2000-11-29 17:00:00,4466.7,3
2000-11-29 17:00:00,6379.5,5
2000-11-29 19:00:00,5312.8,7
2000-11-29 19:00:00,6171.5,8
2000-11-29 19:00:00,5407.9,9
2000-11-29 19:00:00,4324.7,13
2000-11-29 19:00:00,5016.9,15
2000-11-29 19:00:00,4946.2,14
2000-11-29 19:00:00,6402.0,20
2000-11-29 19:00:00,4579.5,17
2000-11-29 19:00:00,5319.5,16
2000-11-29 19:00:00,5552.2,22
2000-11-29 19:00:00,5409.2,10
2000-11-29 19:00:00,6387.8,19
2000-11-29 19:00:00,5497.2,21
2000-11-29 19:00:00,4529.6,12
2000-11-29 19:00:00,4747.1,18
2000-11-29 19:00:00,4558.3,23
2000-11-29 19:00:00,4552.7,24
2000-11-29 19:00:00,4682.3,11
2000-11-30 18:00:00,6372.4,6
2000-11-30 18:00:00,4465.1,4
2000-11-30 18:00:00,6380.1,5
2000-11-30 18:00:00,4465.2,2
2000-11-30 18:00:00,4406.8,1
2000-11-30 18:00:00,4465.8,3
2000-11-30 20:00:00,4580.2,17
2000-11-30 20:00:00,4560.3,23
2000-11-30 20:00:00,4319.8,13
2000-11-30 20:00:00,5406.1,9
2000-11-30 20:00:00,4749.2,18
2000-11-30 20:00:00,5318.8,16
2000-11-30 20:00:00,4527.6,12
2000-11-30 20:00:00,4680.2,11
2000-11-30 20:00:00,5016.8,15
2000-11-30 20:00:00,5408.3,10
2000-11-30 20:00:00,5498.6,21
2000-11-30 20:00:00,5556.1,22
2000-11-30 20:00:00,5308.6,7
2000-11-30 20:00:00,6168.4,8
2000-11-30 20:00:00,4553.9,24
2000-11-30 20:00:00,6404.2,20
2000-11-30 20:00:00,4918.7,14
2000-11-30 20:00:00,6390.5,19
2000-12-01 19:00:00,4466.3,2
2000-12-01 19:00:00,4467.7,3
2000-12-01 19:00:00,4465.1,4
2000-12-01 19:00:00,4407.4,1
2000-12-01 19:00:00,6364.0,6
2000-12-01 19:00:00,6373.0,5
2000-12-01 21:00:00,5017.9,15
2000-12-01 21:00:00,4940.0,14
2000-12-01 21:00:00,4560.5,23
2000-12-01 21:00:00,5313.0,7
2000-12-01 21:00:00,5319.5,16
2000-12-01 21:00:00,5407.6,9
2000-12-01 21:00:00,4319.0,13
2000-12-01 21:00:00,4529.8,12
2000-12-01 21:00:00,6387.8,19
2000-12-01 21:00:00,5555.4,22
2000-12-01 21:00:00,6171.7,8
2000-12-01 21:00:00,4554.9,24
2000-12-01 21:00:00,4686.1,11
2000-12-01 21:00:00,6404.8,20
2000-12-01 21:00:00,5409.9,10
2000-12-01 21:00:00,5497.5,21
2000-12-01 21:00:00,4580.9,17
2000-12-01 21:00:00,4747.4,18
2000-12-02 20:00:00,6374.5,5
2000-12-02 20:00:00,4465.9,4
2000-12-02 20:00:00,4407.1,1
2000-12-02 20:00:00,6365.6,6
2000-12-02 20:00:00,4467.6,3
2000-12-02 20:00:00,4465.9,2
2000-12-02 22:00:00,5319.9,16
2000-12-02 22:00:00,5316.3,7
2000-12-02 22:00:00,4561.0,23
2000-12-02 22:00:00,4533.4,12
2000-12-02 22:00:00,4938.3,14
2000-12-02 22:00:00,4749.3,18
2000-12-02 22:00:00,4581.5,17
2000-12-02 22:00:00,5556.2,22
2000-12-02 22:00:00,6386.5,19
2000-12-02 22:00:00,6175.4,8
2000-12-02 22:00:00,4555.2,24
2000-12-02 22:00:00,6403.9,20
2000-12-02 22:00:00,5411.7,10
2000-12-02 22:00:00,5019.7,15
2000-12-02 22:00:00,5497.1,21
2000-12-02 22:00:00,5409.6,9
2000-12-02 22:00:00,4689.3,11
2000-12-02 22:00:00,4321.7,13
2000-12-05 21:00:00,4465.4,4
2000-12-05 21:00:00,4464.9,2
2000-12-05 21:00:00,6404.6,5
2000-12-05 21:00:00,4405.8,1
2000-12-05 21:00:00,6326.3,6
2000-12-05 21:00:00,4467.5,3
2000-12-05 23:00:00,6404.1,20
2000-12-05 23:00:00,5409.4,10
2000-12-05 23:00:00,4941.6,14
2000-12-05 23:00:00,5554.1,22
2000-12-05 23:00:00,5017.3,15
2000-12-05 23:00:00,4747.2,18
2000-12-05 23:00:00,5312.1,7
2000-12-05 23:00:00,4555.0,24
2000-12-05 23:00:00,6172.2,8
2000-12-05 23:00:00,5499.1,21
2000-12-05 23:00:00,4580.3,17
2000-12-05 23:00:00,5318.9,16
2000-12-05 23:00:00,4692.8,11
2000-12-05 23:00:00,4327.7,13
2000-12-05 23:00:00,4561.6,23
2000-12-05 23:00:00,5406.8,9
2000-12-05 23:00:00,6385.3,19
2000-12-05 23:00:00,4530.5,12
2000-12-06 00:00:00,6175.6,8
2000-12-06 00:00:00,5311.8,7
2000-12-06 00:00:00,5017.6,15
2000-12-06 00:00:00,6403.9,20
2000-12-06 00:00:00,4555.0,24
2000-12-06 00:00:00,5406.9,9
2000-12-06 00:00:00,4941.3,14
2000-12-06 00:00:00,5500.2,21
2000-12-06 00:00:00,5409.6,10
2000-12-06 00:00:00,4694.6,11
2000-12-06 00:00:00,6378.0,19
2000-12-06 00:00:00,5553.8,22
2000-12-06 00:00:00,5318.9,16
2000-12-06 00:00:00,4580.5,17
2000-12-06 00:00:00,4562.8,23
2000-12-06 00:00:00,4328.1,13
2000-12-06 00:00:00,4530.7,12
2000-12-06 00:00:00,4747.2,18
2000-12-06 22:00:00,4468.2,3
2000-12-06 22:00:00,6402.3,5
2000-12-06 22:00:00,4464.5,2
2000-12-06 22:00:00,4405.7,1
2000-12-06 22:00:00,6332.8,6
2000-12-06 22:00:00,4465.9,4
2000-12-07 01:00:00,5501.6,21
2000-12-07 01:00:00,4941.8,14
2000-12-07 01:00:00,5311.3,7
2000-12-07 01:00:00,4748.0,18
2000-12-07 01:00:00,5319.1,16
2000-12-07 01:00:00,4580.7,17
2000-12-07 01:00:00,5408.1,9
2000-12-07 01:00:00,4557.5,24
2000-12-07 01:00:00,6377.7,19
2000-12-07 01:00:00,4531.6,12
2000-12-07 01:00:00,4564.6,23
2000-12-07 01:00:00,4695.7,11
2000-12-07 01:00:00,5410.3,10
2000-12-07 01:00:00,5556.6,22
2000-12-07 01:00:00,5017.6,15
2000-12-07 01:00:00,6176.3,8
2000-12-07 01:00:00,4328.9,13
2000-12-07 01:00:00,6403.3,20
2000-12-07 23:00:00,6409.5,5
2000-12-07 23:00:00,6319.2,6
2000-12-07 23:00:00,4405.5,1
2000-12-07 23:00:00,4464.4,2
2000-12-07 23:00:00,4468.0,3
2000-12-07 23:00:00,4465.7,4
2000-12-08 00:00:00,4462.6,2
2000-12-08 00:00:00,6405.4,5
2000-12-08 00:00:00,4404.0,1
2000-12-08 00:00:00,4463.3,4
2000-12-08 00:00:00,4465.9,3
2000-12-08 00:00:00,6309.4,6
2000-12-08 02:00:00,4559.5,24
2000-12-08 02:00:00,5406.5,9
2000-12-08 02:00:00,5409.9,10
2000-12-08 02:00:00,6176.0,8
2000-12-08 02:00:00,4699.5,11
2000-12-08 02:00:00,4565.9,23
2000-12-08 02:00:00,4531.3,12
2000-12-08 02:00:00,5311.4,7
2000-12-08 02:00:00,4327.7,13
2000-12-08 02:00:00,4941.4,14
2000-12-08 02:00:00,5318.5,16
2000-12-08 02:00:00,5017.2,15
2000-12-08 02:00:00,5506.8,21
2000-12-08 02:00:00,6402.4,20
2000-12-08 02:00:00,4580.2,17
2000-12-08 02:00:00,6373.4,19
2000-12-08 02:00:00,5554.5,22
2000-12-08 02:00:00,4746.7,18
2000-12-09 01:00:00,4460.3,4
2000-12-09 01:00:00,4402.8,1
2000-12-09 01:00:00,4463.9,3
2000-12-09 01:00:00,4460.2,2
2000-12-09 01:00:00,6403.7,5
2000-12-09 01:00:00,6304.1,6
2000-12-09 03:00:00,4559.7,24
2000-12-09 03:00:00,6399.6,20
2000-12-09 03:00:00,5017.0,15
2000-12-09 03:00:00,5405.3,9
2000-12-09 03:00:00,5505.5,21
2000-12-09 03:00:00,5407.6,10
2000-12-09 03:00:00,6175.9,8
2000-12-09 03:00:00,4940.9,14
2000-12-09 03:00:00,6370.8,19
2000-12-09 03:00:00,4699.9,11
2000-12-09 03:00:00,4566.3,23
2000-12-09 03:00:00,5558.7,22
2000-12-09 03:00:00,4530.6,12
2000-12-09 03:00:00,5311.9,7
2000-12-09 03:00:00,4746.2,18
2000-12-09 03:00:00,4579.7,17
2000-12-09 03:00:00,5318.1,16
2000-12-09 03:00:00,4327.4,13
2000-12-11 02:00:00,4459.9,2
2000-12-11 02:00:00,6295.7,6
2000-12-11 02:00:00,4463.6,3
2000-12-11 02:00:00,4403.2,1
2000-12-11 02:00:00,6376.5,5
2000-12-11 02:00:00,4460.0,4
2000-12-11 04:00:00,6174.9,8
2000-12-11 04:00:00,5017.0,15
2000-12-11 04:00:00,4567.0,23
2000-12-11 04:00:00,6399.5,20
2000-12-11 04:00:00,5309.7,7
2000-12-11 04:00:00,4559.6,24
2000-12-11 04:00:00,4327.1,13
2000-12-11 04:00:00,5505.2,21
2000-12-11 04:00:00,4530.7,12
2000-12-11 04:00:00,4703.2,11
2000-12-11 04:00:00,5408.8,10
2000-12-11 04:00:00,4580.1,17
2000-12-11 04:00:00,5404.6,9
2000-12-11 04:00:00,4746.4,18
2000-12-11 04:00:00,6369.8,19
2000-12-11 04:00:00,5317.6,16
2000-12-11 04:00:00,5558.5,22
2000-12-11 04:00:00,4898.9,14
2000-12-12 03:00:00,4463.1,3
2000-12-12 03:00:00,4458.6,2
2000-12-12 03:00:00,4459.8,4
2000-12-12 03:00:00,4401.9,1
2000-12-12 03:00:00,6384.9,5
2000-12-12 03:00:00,6305.8,6
2000-12-12 05:00:00,6369.6,19
2000-12-12 05:00:00,6174.5,8
2000-12-12 05:00:00,4874.8,14
2000-12-12 05:00:00,5505.4,21
2000-12-12 05:00:00,5404.7,9
2000-12-12 05:00:00,5558.7,22
2000-12-12 05:00:00,5309.3,7
2000-12-12 05:00:00,4703.8,11
2000-12-12 05:00:00,4327.4,13
2000-12-12 05:00:00,5016.9,15
2000-12-12 05:00:00,5317.0,16
2000-12-12 05:00:00,4559.9,24
2000-12-12 05:00:00,4747.1,18
2000-12-12 05:00:00,5408.2,10
2000-12-12 05:00:00,4531.1,12
2000-12-12 05:00:00,4567.3,23
2000-12-12 05:00:00,6399.5,20
2000-12-12 05:00:00,4580.7,17
2000-12-13 04:00:00,6379.6,5
2000-12-13 04:00:00,6299.4,6
2000-12-13 04:00:00,4459.4,3
2000-12-13 04:00:00,4454.6,4
2000-12-13 04:00:00,4403.8,1
2000-12-13 04:00:00,4458.9,2
2000-12-13 06:00:00,5402.5,9
2000-12-13 06:00:00,4746.2,18
2000-12-13 06:00:00,4530.7,12
2000-12-13 06:00:00,5015.1,15
2000-12-13 06:00:00,5315.4,16
2000-12-13 06:00:00,6367.8,19
2000-12-13 06:00:00,5557.6,22
2000-12-13 06:00:00,6396.1,20
2000-12-13 06:00:00,4324.6,13
2000-12-13 06:00:00,4567.3,23
2000-12-13 06:00:00,6173.7,8
2000-12-13 06:00:00,4559.4,24
2000-12-13 06:00:00,5504.4,21
2000-12-13 06:00:00,5405.8,10
2000-12-13 06:00:00,4706.6,11
2000-12-13 06:00:00,4880.5,14
2000-12-13 06:00:00,5307.3,7
2000-12-13 06:00:00,4580.4,17
2000-12-14 05:00:00,4453.3,4
2000-12-14 05:00:00,4458.8,3
2000-12-14 05:00:00,4399.9,1
2000-12-14 05:00:00,6376.4,5
2000-12-14 05:00:00,4455.2,2
2000-12-14 05:00:00,6296.1,6
2000-12-14 07:00:00,5014.8,15
2000-12-14 07:00:00,4879.5,14
2000-12-14 07:00:00,4708.9,11
2000-12-14 07:00:00,4568.0,23
2000-12-14 07:00:00,5504.9,21
2000-12-14 07:00:00,5404.9,10
2000-12-14 07:00:00,6396.4,20
2000-12-14 07:00:00,4529.7,12
2000-12-14 07:00:00,5401.7,9
2000-12-14 07:00:00,4560.1,24
2000-12-14 07:00:00,4580.6,17
2000-12-14 07:00:00,5305.0,7
2000-12-14 07:00:00,4323.3,13
2000-12-14 07:00:00,6169.5,8
2000-12-14 07:00:00,5556.8,22
2000-12-14 07:00:00,5314.8,16
2000-12-14 07:00:00,4746.2,18
2000-12-14 07:00:00,6367.1,19
2000-12-15 06:00:00,6296.4,6
2000-12-15 06:00:00,4452.0,4
2000-12-15 06:00:00,6377.8,5
2000-12-15 06:00:00,4398.9,1
2000-12-15 06:00:00,4458.2,3
2000-12-15 06:00:00,4453.1,2
2000-12-15 08:00:00,5314.6,16
2000-12-15 08:00:00,4581.2,17
2000-12-15 08:00:00,4323.2,13
2000-12-15 08:00:00,4747.2,18
2000-12-15 08:00:00,4561.0,24
2000-12-15 08:00:00,5013.6,15
2000-12-15 08:00:00,5505.7,21
2000-12-15 08:00:00,5401.3,9
2000-12-15 08:00:00,6366.7,19
2000-12-15 08:00:00,4880.1,14
2000-12-15 08:00:00,5304.8,7
2000-12-15 08:00:00,4707.6,11
2000-12-15 08:00:00,6168.8,8
2000-12-15 08:00:00,4528.7,12
2000-12-15 08:00:00,6395.2,20
2000-12-15 08:00:00,5558.1,22
2000-12-15 08:00:00,4568.4,23
2000-12-15 08:00:00,5404.0,10
2000-12-16 07:00:00,4400.4,1
2000-12-16 07:00:00,4458.4,3
2000-12-16 07:00:00,4454.3,2
2000-12-16 07:00:00,6377.5,5
2000-12-16 07:00:00,4452.6,4
2000-12-16 07:00:00,6295.9,6
2000-12-16 09:00:00,6396.4,20
2000-12-16 09:00:00,4567.9,23
2000-12-16 09:00:00,5314.3,16
2000-12-16 09:00:00,4561.0,24
2000-12-16 09:00:00,4322.7,13
2000-12-16 09:00:00,4529.2,12
2000-12-16 09:00:00,4878.6,14
2000-12-16 09:00:00,5408.3,10
2000-12-16 09:00:00,5305.6,7
2000-12-16 09:00:00,4707.5,11
2000-12-16 09:00:00,6366.1,19
2000-12-16 09:00:00,5558.8,22
2000-12-16 09:00:00,5402.8,9
2000-12-16 09:00:00,4747.7,18
2000-12-16 09:00:00,5012.9,15
2000-12-16 09:00:00,4582.8,17
2000-12-16 09:00:00,5506.3,21
2000-12-16 09:00:00,6168.9,8
2000-12-17 10:00:00,5310.7,7
2000-12-17 10:00:00,4565.4,24
2000-12-17 10:00:00,5316.8,16
2000-12-17 10:00:00,4583.5,17
2000-12-17 10:00:00,5559.0,22
2000-12-17 10:00:00,4749.8,18
2000-12-17 10:00:00,4879.0,14
2000-12-17 10:00:00,6364.7,19
2000-12-17 10:00:00,6402.7,20
2000-12-17 10:00:00,5408.6,10
2000-12-17 10:00:00,4717.0,11
2000-12-17 10:00:00,5403.4,9
2000-12-17 10:00:00,4532.8,12
2000-12-17 10:00:00,4572.9,23
2000-12-17 10:00:00,5018.5,15
2000-12-17 10:00:00,4323.0,13
2000-12-17 10:00:00,6169.2,8
2000-12-17 10:00:00,5510.2,21
2000-12-18 08:00:00,4461.2,2
2000-12-18 08:00:00,4404.5,1
2000-12-18 08:00:00,6300.4,6
2000-12-18 08:00:00,6384.7,5
2000-12-18 08:00:00,4462.6,3
2000-12-18 08:00:00,4457.8,4
2000-12-18 11:00:00,6170.0,8
2000-12-18 11:00:00,5512.8,21
2000-12-18 11:00:00,6365.9,19
2000-12-18 11:00:00,5015.8,15
2000-12-18 11:00:00,5403.9,9
2000-12-18 11:00:00,4574.6,23
2000-12-18 11:00:00,5559.0,22
2000-12-18 11:00:00,5311.6,7
2000-12-18 11:00:00,6401.6,20
2000-12-18 11:00:00,4877.6,14
2000-12-18 11:00:00,4319.3,13
2000-12-18 11:00:00,5408.9,10
2000-12-18 11:00:00,4567.1,24
2000-12-18 11:00:00,4584.7,17
2000-12-18 11:00:00,5315.1,16
2000-12-18 11:00:00,4750.6,18
2000-12-18 11:00:00,4724.2,11
2000-12-18 11:00:00,4534.0,12
2000-12-19 09:00:00,4461.2,4
2000-12-19 09:00:00,4460.4,2
2000-12-19 09:00:00,6383.5,5
2000-12-19 09:00:00,4466.1,3
2000-12-19 09:00:00,6305.1,6
2000-12-19 09:00:00,4403.5,1
2000-12-19 12:00:00,4725.2,11
2000-12-19 12:00:00,5407.4,10
2000-12-19 12:00:00,5016.6,15
2000-12-19 12:00:00,5512.8,21
2000-12-19 12:00:00,4534.3,12
2000-12-19 12:00:00,5402.9,9
2000-12-19 12:00:00,6364.9,19
2000-12-19 12:00:00,4566.6,24
2000-12-19 12:00:00,5315.7,16
2000-12-19 12:00:00,4318.7,13
2000-12-19 12:00:00,6170.9,8
2000-12-19 12:00:00,4750.6,18
2000-12-19 12:00:00,4573.9,23
2000-12-19 12:00:00,5310.5,7
2000-12-19 12:00:00,5558.4,22
2000-12-19 12:00:00,6400.4,20
2000-12-19 12:00:00,4876.7,14
2000-12-19 12:00:00,4584.7,17
2000-12-20 10:00:00,4402.3,1
2000-12-20 10:00:00,4459.6,2
2000-12-20 10:00:00,4463.5,4
2000-12-20 10:00:00,4467.4,3
2000-12-20 10:00:00,6385.2,5
2000-12-20 10:00:00,6306.4,6
2000-12-20 13:00:00,5556.6,22
2000-12-20 13:00:00,5309.2,7
2000-12-20 13:00:00,5315.3,16
2000-12-20 13:00:00,4749.7,18
2000-12-20 13:00:00,6170.6,8
2000-12-20 13:00:00,4535.2,12
2000-12-20 13:00:00,4876.5,14
2000-12-20 13:00:00,6363.6,19
2000-12-20 13:00:00,4584.4,17
2000-12-20 13:00:00,5511.6,21
2000-12-20 13:00:00,4318.2,13
2000-12-20 13:00:00,5016.6,15
2000-12-20 13:00:00,4571.8,23
2000-12-20 13:00:00,6399.1,20
2000-12-20 13:00:00,5406.9,10
2000-12-20 13:00:00,4725.9,11
2000-12-20 13:00:00,5402.6,9
2000-12-20 13:00:00,4565.3,24
2000-12-21 11:00:00,6387.1,5
2000-12-21 11:00:00,4463.7,3
2000-12-21 11:00:00,6309.2,6
2000-12-21 11:00:00,4458.3,2
2000-12-21 11:00:00,4401.6,1
2000-12-21 11:00:00,4457.9,4
2000-12-21 14:00:00,5557.7,22
2000-12-21 14:00:00,5401.5,9
2000-12-21 14:00:00,4748.6,18
2000-12-21 14:00:00,4877.7,14
2000-12-21 14:00:00,6169.2,8
2000-12-21 14:00:00,4318.6,13
2000-12-21 14:00:00,4573.7,23
2000-12-21 14:00:00,6398.6,20
2000-12-21 14:00:00,5307.4,7
2000-12-21 14:00:00,4565.5,24
2000-12-21 14:00:00,5406.4,10
2000-12-21 14:00:00,4583.1,17
2000-12-21 14:00:00,5511.4,21
2000-12-21 14:00:00,6361.9,19
2000-12-21 14:00:00,4536.9,12
2000-12-21 14:00:00,4725.1,11
2000-12-21 14:00:00,5018.0,15
2000-12-21 14:00:00,5315.8,16
2000-12-22 12:00:00,4401.7,1
2000-12-22 12:00:00,4455.7,4
2000-12-22 12:00:00,4458.0,2
2000-12-22 12:00:00,6389.8,5
2000-12-22 12:00:00,4461.5,3
2000-12-22 12:00:00,6311.6,6
2000-12-22 15:00:00,5307.2,7
2000-12-22 15:00:00,5511.7,21
2000-12-22 15:00:00,4582.7,17
2000-12-22 15:00:00,6397.5,20
2000-12-22 15:00:00,4724.8,11
2000-12-22 15:00:00,5316.9,16
2000-12-22 15:00:00,4564.6,24
2000-12-22 15:00:00,4747.5,18
2000-12-22 15:00:00,4879.2,14
2000-12-22 15:00:00,5019.6,15
2000-12-22 15:00:00,5400.3,9
2000-12-22 15:00:00,4319.5,13
2000-12-22 15:00:00,6360.8,19
2000-12-22 15:00:00,5558.9,22
2000-12-22 15:00:00,4572.8,23
2000-12-22 15:00:00,6168.8,8
2000-12-22 15:00:00,4536.8,12
2000-12-22 15:00:00,5405.2,10
2000-12-25 16:00:00,4574.2,23
2000-12-25 16:00:00,4613.7,17
2000-12-25 16:00:00,4312.2,13
2000-12-25 16:00:00,5401.4,9
2000-12-25 16:00:00,4778.3,18
2000-12-25 16:00:00,5558.5,22
2000-12-25 16:00:00,6399.4,20
2000-12-25 16:00:00,5314.5,16
2000-12-25 16:00:00,5513.7,21
2000-12-25 16:00:00,4537.5,12
2000-12-25 16:00:00,5307.5,7
2000-12-25 16:00:00,5015.8,15
2000-12-25 16:00:00,4734.0,11
2000-12-25 16:00:00,6361.7,19
2000-12-25 16:00:00,6170.9,8
2000-12-25 16:00:00,4873.7,14
2000-12-25 16:00:00,4565.7,24
2000-12-25 16:00:00,5405.3,10
2000-12-28 13:00:00,4399.3,1
2000-12-28 13:00:00,4456.1,4
2000-12-28 13:00:00,4454.0,2
2000-12-28 13:00:00,4463.8,3
2000-12-28 13:00:00,6304.4,6
2000-12-28 13:00:00,6387.8,5
2000-12-28 17:00:00,4574.7,23
2000-12-28 17:00:00,6398.7,20
2000-12-28 17:00:00,6169.7,8
2000-12-28 17:00:00,4614.3,17
2000-12-28 17:00:00,5557.9,22
2000-12-28 17:00:00,6360.5,19
2000-12-28 17:00:00,4565.6,24
2000-12-28 17:00:00,4778.4,18
2000-12-28 17:00:00,5314.2,16
2000-12-28 17:00:00,4537.4,12
2000-12-28 17:00:00,5400.9,9
2000-12-28 17:00:00,5307.2,7
2000-12-28 17:00:00,5405.0,10
2000-12-28 17:00:00,5016.1,15
2000-12-28 17:00:00,4869.3,14
2000-12-28 17:00:00,4737.8,11
2000-12-28 17:00:00,4307.8,13
2000-12-28 17:00:00,5513.8,21
2001-01-01 18:00:00,5314.1,16
2001-01-01 18:00:00,6399.1,20
2001-01-01 18:00:00,4565.7,24
2001-01-01 18:00:00,5016.1,15
2001-01-01 18:00:00,4300.3,13
2001-01-01 18:00:00,4575.0,23
2001-01-01 18:00:00,5514.8,21
2001-01-01 18:00:00,5557.9,22
2001-01-01 18:00:00,4863.6,14
2001-01-01 18:00:00,4741.5,11
2001-01-01 18:00:00,6360.1,19
2001-01-01 18:00:00,5305.6,7
2001-01-01 18:00:00,5400.9,9
2001-01-01 18:00:00,4615.6,17
2001-01-01 18:00:00,5404.1,10
2001-01-01 18:00:00,4537.4,12
2001-01-01 18:00:00,6168.9,8
2001-01-01 18:00:00,4778.7,18
2001-01-04 14:00:00,4452.9,4
2001-01-04 14:00:00,4397.4,1
2001-01-04 14:00:00,6377.9,5
2001-01-04 14:00:00,6298.7,6
2001-01-04 14:00:00,4461.0,3
2001-01-04 14:00:00,4454.3,2
2001-01-04 19:00:00,5303.1,7
2001-01-04 19:00:00,4861.1,14
2001-01-04 19:00:00,6397.4,20
2001-01-04 19:00:00,4299.0,13
2001-01-04 19:00:00,5556.8,22
2001-01-04 19:00:00,4565.7,24
2001-01-04 19:00:00,4536.8,12
2001-01-04 19:00:00,5399.8,9
2001-01-04 19:00:00,4615.3,17
2001-01-04 19:00:00,4575.5,23
2001-01-04 19:00:00,6359.3,19
2001-01-04 19:00:00,4746.2,11
2001-01-04 19:00:00,4778.2,18
2001-01-04 19:00:00,5313.2,16
2001-01-04 19:00:00,5514.4,21
2001-01-04 19:00:00,5402.0,10
2001-01-04 19:00:00,6166.2,8
2001-01-04 19:00:00,5015.6,15
2001-01-08 15:00:00,4451.5,4
2001-01-08 15:00:00,6379.3,5
2001-01-08 15:00:00,4395.0,1
2001-01-08 15:00:00,4461.0,3
2001-01-08 15:00:00,4447.1,2
2001-01-08 15:00:00,6307.9,6
2001-01-08 20:00:00,5557.0,22
2001-01-08 20:00:00,6398.7,20
2001-01-08 20:00:00,4576.9,23
2001-01-08 20:00:00,6358.6,19
2001-01-08 20:00:00,4822.9,14
2001-01-08 20:00:00,5516.3,21
2001-01-08 20:00:00,5312.9,16
2001-01-08 20:00:00,4539.6,12
2001-01-08 20:00:00,4565.8,24
2001-01-08 20:00:00,4628.2,17
2001-01-08 20:00:00,5400.7,10
2001-01-08 20:00:00,5015.0,15
2001-01-08 20:00:00,4288.0,13
2001-01-08 20:00:00,5301.5,7
2001-01-08 20:00:00,4798.7,18
2001-01-08 20:00:00,6164.9,8
2001-01-08 20:00:00,5399.6,9
2001-01-08 20:00:00,4752.3,11
2001-01-11 16:00:00,6306.4,6
2001-01-11 16:00:00,4453.6,4
2001-01-11 16:00:00,4463.4,3
2001-01-11 16:00:00,6378.7,5
2001-01-11 16:00:00,4395.3,1
2001-01-11 16:00:00,4446.9,2
2001-01-11 21:00:00,4579.3,23
2001-01-11 21:00:00,5399.9,9
2001-01-11 21:00:00,4641.7,17
2001-01-11 21:00:00,6160.1,8
2001-01-11 21:00:00,5312.0,16
2001-01-11 21:00:00,5519.1,21
2001-01-11 21:00:00,5561.5,22
2001-01-11 21:00:00,4539.9,12
2001-01-11 21:00:00,5398.4,10
2001-01-11 21:00:00,4822.9,14
2001-01-11 21:00:00,5293.7,7
2001-01-11 21:00:00,6398.8,20
2001-01-11 21:00:00,6358.5,19
2001-01-11 21:00:00,4566.9,24
2001-01-11 21:00:00,4755.2,11
2001-01-11 21:00:00,5014.7,15
2001-01-11 21:00:00,4260.2,13
2001-01-11 21:00:00,4799.7,18
2001-01-12 22:00:00,4802.6,14
2001-01-12 22:00:00,4800.8,18
2001-01-12 22:00:00,4643.5,17
2001-01-12 22:00:00,5312.1,16
2001-01-12 22:00:00,4236.4,13
2001-01-12 22:00:00,5014.7,15
2001-01-13 23:00:00,4797.7,14
2001-01-13 23:00:00,4799.8,18
2001-01-13 23:00:00,5309.7,16
2001-01-13 23:00:00,4642.5,17
2001-01-13 23:00:00,5012.6,15
2001-01-13 23:00:00,4233.9,13
2001-01-14 00:00:00,4793.8,14
2001-01-14 00:00:00,5011.9,15
2001-01-14 00:00:00,4799.7,18
2001-01-14 00:00:00,5308.7,16
2001-01-14 00:00:00,4642.7,17
2001-01-14 00:00:00,4232.6,13
2001-01-15 01:00:00,5011.8,15
2001-01-15 01:00:00,4232.7,13
2001-01-15 01:00:00,4642.7,17
2001-01-15 01:00:00,5308.6,16
2001-01-15 01:00:00,4793.4,14
2001-01-15 01:00:00,4799.8,18
2001-01-15 17:00:00,6401.6,5
2001-01-15 17:00:00,4448.9,2
2001-01-15 17:00:00,4462.8,3
2001-01-15 17:00:00,4453.6,4
2001-01-15 17:00:00,6295.2,6
2001-01-15 17:00:00,4396.4,1
2001-01-15 22:00:00,5520.3,21
2001-01-15 22:00:00,6137.8,8
2001-01-15 22:00:00,5399.0,9
2001-01-15 22:00:00,5289.5,7
2001-01-15 22:00:00,4539.7,12
2001-01-15 22:00:00,6358.5,19
2001-01-15 22:00:00,4583.4,23
2001-01-15 22:00:00,5396.2,10
2001-01-15 22:00:00,4570.0,24
2001-01-15 22:00:00,6399.4,20
2001-01-15 22:00:00,5561.8,22
2001-01-15 22:00:00,4759.4,11
2001-01-16 02:00:00,5011.6,15
2001-01-16 02:00:00,4799.3,18
2001-01-16 02:00:00,5308.2,16
2001-01-16 02:00:00,4232.3,13
2001-01-16 02:00:00,4642.6,17
2001-01-16 02:00:00,4789.7,14
2001-01-17 03:00:00,4799.7,18
2001-01-17 03:00:00,5011.6,15
2001-01-17 03:00:00,4227.4,13
2001-01-17 03:00:00,5307.5,16
2001-01-17 03:00:00,4745.9,14
2001-01-17 03:00:00,4643.1,17
2001-01-18 04:00:00,4799.6,18
2001-01-18 04:00:00,4642.9,17
2001-01-18 04:00:00,4217.8,13
2001-01-18 04:00:00,5010.8,15
2001-01-18 04:00:00,4740.0,14
2001-01-18 04:00:00,5306.4,16
2001-01-18 18:00:00,4394.7,1
2001-01-18 18:00:00,4450.9,4
2001-01-18 18:00:00,4446.8,2
2001-01-18 18:00:00,4462.1,3
2001-01-18 18:00:00,6400.9,5
2001-01-18 18:00:00,6297.1,6
2001-01-18 23:00:00,4767.4,11
2001-01-18 23:00:00,4541.6,12
2001-01-18 23:00:00,5393.4,10
2001-01-18 23:00:00,5397.6,9
2001-01-18 23:00:00,5280.7,7
2001-01-18 23:00:00,4571.9,24
2001-01-18 23:00:00,6357.9,19
2001-01-18 23:00:00,4583.4,23
2001-01-18 23:00:00,5520.8,21
2001-01-18 23:00:00,5561.7,22
2001-01-18 23:00:00,6119.5,8
2001-01-18 23:00:00,6399.3,20
2001-01-19 05:00:00,4734.8,14
2001-01-19 05:00:00,5010.3,15
2001-01-19 05:00:00,4219.9,13
2001-01-19 05:00:00,4642.9,17
2001-01-19 05:00:00,4799.6,18
2001-01-19 05:00:00,5304.8,16
2001-01-20 06:00:00,5010.8,15
2001-01-20 06:00:00,4214.6,13
2001-01-20 06:00:00,4799.6,18
2001-01-20 06:00:00,4734.0,14
2001-01-20 06:00:00,5304.7,16
2001-01-20 06:00:00,4643.2,17
2001-01-21 07:00:00,4644.0,17
2001-01-21 07:00:00,4215.2,13
2001-01-21 07:00:00,4800.3,18
2001-01-21 07:00:00,5305.3,16
2001-01-21 07:00:00,5011.9,15
2001-01-21 07:00:00,4734.0,14
2001-01-22 00:00:00,5561.9,22
2001-01-22 00:00:00,6399.3,20
2001-01-22 00:00:00,4542.3,12
2001-01-22 00:00:00,5394.9,10
2001-01-22 00:00:00,4573.9,24
2001-01-22 00:00:00,5282.0,7
2001-01-22 00:00:00,6358.0,19
2001-01-22 00:00:00,5523.0,21
2001-01-22 00:00:00,4584.5,23
2001-01-22 00:00:00,6120.8,8
2001-01-22 00:00:00,5398.1,9
2001-01-22 00:00:00,4772.8,11
2001-01-22 08:00:00,4732.3,14
2001-01-22 08:00:00,4643.2,17
2001-01-22 08:00:00,4799.3,18
2001-01-22 08:00:00,4213.6,13
2001-01-22 08:00:00,5010.1,15
2001-01-22 08:00:00,5303.3,16
2001-01-22 19:00:00,4452.8,4
2001-01-22 19:00:00,4395.6,1
2001-01-22 19:00:00,6296.4,6
2001-01-22 19:00:00,6399.8,5
2001-01-22 19:00:00,4465.0,3
2001-01-22 19:00:00,4448.0,2
2001-01-23 09:00:00,4799.2,18
2001-01-23 09:00:00,4730.0,14
2001-01-23 09:00:00,4213.0,13
2001-01-23 09:00:00,5009.7,15
2001-01-23 09:00:00,4643.2,17
2001-01-23 09:00:00,5303.3,16
2001-01-24 10:00:00,4727.7,14
2001-01-24 10:00:00,4643.3,17
2001-01-24 10:00:00,4799.4,18
2001-01-24 10:00:00,5303.1,16
2001-01-24 10:00:00,4212.6,13
2001-01-24 10:00:00,5009.9,15
2001-01-25 01:00:00,4782.8,11
2001-01-25 01:00:00,5394.0,10
2001-01-25 01:00:00,4573.8,24
2001-01-25 01:00:00,5519.8,21
2001-01-25 01:00:00,5282.6,7
2001-01-25 01:00:00,6120.6,8
2001-01-25 01:00:00,4584.4,23
2001-01-25 01:00:00,5397.2,9
2001-01-25 01:00:00,6359.4,19
2001-01-25 01:00:00,4545.3,12
2001-01-25 01:00:00,5571.9,22
2001-01-25 01:00:00,6396.6,20
2001-01-25 11:00:00,4212.4,13
2001-01-25 11:00:00,4799.4,18
2001-01-25 11:00:00,4643.5,17
2001-01-25 11:00:00,5302.8,16
2001-01-25 11:00:00,4726.8,14
2001-01-25 11:00:00,5010.1,15
2001-01-25 20:00:00,4464.3,3
2001-01-25 20:00:00,4447.7,2
2001-01-25 20:00:00,4450.6,4
2001-01-25 20:00:00,6397.0,5
2001-01-25 20:00:00,6297.8,6
2001-01-25 20:00:00,4395.0,1
2001-01-26 12:00:00,5010.0,15
2001-01-26 12:00:00,4799.4,18
2001-01-26 12:00:00,4643.5,17
2001-01-26 12:00:00,5303.0,16
2001-01-26 12:00:00,4212.5,13
2001-01-26 12:00:00,4726.1,14
2001-01-27 13:00:00,4643.2,17
2001-01-27 13:00:00,5302.7,16
2001-01-27 13:00:00,4212.6,13
2001-01-27 13:00:00,4725.6,14
2001-01-27 13:00:00,5017.7,15
2001-01-27 13:00:00,4799.4,18
2001-01-29 02:00:00,6123.5,8
2001-01-29 02:00:00,5394.4,10
2001-01-29 02:00:00,6399.1,20
2001-01-29 02:00:00,5397.7,9
2001-01-29 02:00:00,4546.0,12
2001-01-29 02:00:00,5570.4,22
2001-01-29 02:00:00,4576.3,24
2001-01-29 02:00:00,5520.4,21
2001-01-29 02:00:00,4790.3,11
2001-01-29 02:00:00,4586.9,23
2001-01-29 02:00:00,6360.4,19
2001-01-29 02:00:00,5286.2,7
2001-01-29 14:00:00,4799.8,18
2001-01-29 14:00:00,4212.7,13
2001-01-29 14:00:00,4725.2,14
2001-01-29 14:00:00,4644.1,17
2001-01-29 14:00:00,5302.8,16
2001-01-29 14:00:00,5011.1,15
2001-01-29 21:00:00,6401.1,5
2001-01-29 21:00:00,4394.9,1
2001-01-29 21:00:00,4450.9,4
2001-01-29 21:00:00,4447.0,2
2001-01-29 21:00:00,6298.0,6
2001-01-29 21:00:00,4465.7,3
2001-01-31 15:00:00,4212.2,13
2001-01-31 15:00:00,5302.8,16
2001-01-31 15:00:00,4645.7,17
2001-01-31 15:00:00,5011.2,15
2001-01-31 15:00:00,4724.7,14
2001-01-31 15:00:00,4800.0,18
2001-02-01 03:00:00,5393.7,10
2001-02-01 03:00:00,4545.9,12
2001-02-01 03:00:00,5570.9,22
2001-02-01 03:00:00,4586.7,23
2001-02-01 03:00:00,4794.6,11
2001-02-01 03:00:00,6397.0,20
2001-02-01 03:00:00,4578.4,24
2001-02-01 03:00:00,6363.5,19
2001-02-01 03:00:00,6123.1,8
2001-02-01 03:00:00,5285.0,7
2001-02-01 03:00:00,5397.7,9
2001-02-01 03:00:00,5520.1,21
2001-02-01 16:00:00,5302.6,16
2001-02-01 16:00:00,4212.5,13
2001-02-01 16:00:00,4725.0,14
2001-02-01 16:00:00,4800.9,18
2001-02-01 16:00:00,5010.6,15
2001-02-01 16:00:00,4645.7,17
2001-02-01 22:00:00,4445.2,2
2001-02-01 22:00:00,4447.9,4
2001-02-01 22:00:00,6297.0,6
2001-02-01 22:00:00,4392.7,1
2001-02-01 22:00:00,6400.1,5
2001-02-01 22:00:00,4463.9,3
2001-02-02 17:00:00,4212.0,13
2001-02-02 17:00:00,5010.7,15
2001-02-02 17:00:00,4646.0,17
2001-02-02 17:00:00,4799.7,18
2001-02-02 17:00:00,5302.7,16
2001-02-02 17:00:00,4724.5,14
2001-02-03 18:00:00,5010.8,15
2001-02-03 18:00:00,4801.7,18
2001-02-03 18:00:00,4211.1,13
2001-02-03 18:00:00,5302.4,16
2001-02-03 18:00:00,4723.0,14
2001-02-03 18:00:00,4647.3,17
2001-02-05 04:00:00,4548.1,12
2001-02-05 04:00:00,5569.9,22
2001-02-05 04:00:00,6364.7,19
2001-02-05 04:00:00,5520.6,21
2001-02-05 04:00:00,5280.3,7
2001-02-05 04:00:00,6127.9,8
2001-02-05 04:00:00,4578.4,24
2001-02-05 04:00:00,5398.0,9
2001-02-05 04:00:00,5394.0,10
2001-02-05 04:00:00,4586.5,23
2001-02-05 04:00:00,4799.4,11
2001-02-05 04:00:00,6398.7,20
2001-02-05 19:00:00,4801.7,18
2001-02-05 19:00:00,5010.8,15
2001-02-05 19:00:00,4718.7,14
2001-02-05 19:00:00,5302.6,16
2001-02-05 19:00:00,4212.0,13
2001-02-05 19:00:00,4647.6,17
2001-02-05 23:00:00,4393.8,1
2001-02-05 23:00:00,6299.0,6
2001-02-05 23:00:00,4445.9,2
2001-02-05 23:00:00,6393.4,5
2001-02-05 23:00:00,4448.6,4
2001-02-05 23:00:00,4465.3,3
2001-02-06 20:00:00,4802.0,18
2001-02-06 20:00:00,4212.1,13
2001-02-06 20:00:00,5302.7,16
2001-02-06 20:00:00,4648.7,17
2001-02-06 20:00:00,5011.0,15
2001-02-06 20:00:00,4714.1,14
2001-02-07 21:00:00,5010.7,15
2001-02-07 21:00:00,4647.0,17
2001-02-07 21:00:00,4212.6,13
2001-02-07 21:00:00,5302.7,16
2001-02-07 21:00:00,4801.3,18
2001-02-07 21:00:00,4715.8,14
2001-02-08 00:00:00,6293.8,6
2001-02-08 00:00:00,4445.0,2
2001-02-08 00:00:00,4444.6,4
2001-02-08 00:00:00,6390.7,5
2001-02-08 00:00:00,4462.3,3
2001-02-08 00:00:00,4391.9,1
2001-02-08 05:00:00,5397.2,9
2001-02-08 05:00:00,4587.1,23
2001-02-08 05:00:00,5520.8,21
2001-02-08 05:00:00,4579.3,24
2001-02-08 05:00:00,4796.6,11
2001-02-08 05:00:00,6129.1,8
2001-02-08 05:00:00,5568.9,22
2001-02-08 05:00:00,4546.3,12
2001-02-08 05:00:00,5277.7,7
2001-02-08 05:00:00,6399.5,20
2001-02-08 05:00:00,5392.9,10
2001-02-08 05:00:00,6365.8,19
2001-02-08 22:00:00,4210.4,13
2001-02-08 22:00:00,5011.3,15
2001-02-08 22:00:00,4708.3,14
2001-02-08 22:00:00,5302.4,16
2001-02-08 22:00:00,4658.5,17
2001-02-08 22:00:00,4807.8,18
2001-02-09 23:00:00,5011.5,15
2001-02-09 23:00:00,4708.2,14
2001-02-09 23:00:00,5302.6,16
2001-02-09 23:00:00,4658.7,17
2001-02-09 23:00:00,4210.9,13
2001-02-09 23:00:00,4808.2,18
2001-02-10 00:00:00,4808.4,18
2001-02-10 00:00:00,5012.0,15
2001-02-10 00:00:00,4708.1,14
2001-02-10 00:00:00,4659.4,17
2001-02-10 00:00:00,4210.2,13
2001-02-10 00:00:00,5302.8,16
2001-02-12 01:00:00,4659.1,17
2001-02-12 01:00:00,4808.3,18
2001-02-12 01:00:00,4707.4,14
2001-02-12 01:00:00,5302.7,16
2001-02-12 01:00:00,4210.1,13
2001-02-12 01:00:00,5012.3,15
2001-02-12 06:00:00,5398.3,9
2001-02-12 06:00:00,4586.8,23
2001-02-12 06:00:00,5393.1,10
2001-02-12 06:00:00,4579.2,24
2001-02-12 06:00:00,6363.8,19
2001-02-12 06:00:00,4797.3,11
2001-02-12 06:00:00,5571.0,22
2001-02-12 06:00:00,6129.8,8
2001-02-12 06:00:00,5280.3,7
2001-02-12 06:00:00,4547.8,12
2001-02-12 06:00:00,6398.5,20
2001-02-12 06:00:00,5519.0,21
2001-02-13 02:00:00,4708.0,14
2001-02-13 02:00:00,5303.4,16
2001-02-13 02:00:00,5013.2,15
2001-02-13 02:00:00,4659.5,17
2001-02-13 02:00:00,4210.0,13
2001-02-13 02:00:00,4808.5,18
2001-02-14 03:00:00,4808.5,18
2001-02-14 03:00:00,4659.4,17
2001-02-14 03:00:00,5303.5,16
2001-02-14 03:00:00,5013.5,15
2001-02-14 03:00:00,4210.7,13
2001-02-14 03:00:00,4707.6,14
2001-02-15 01:00:00,6402.5,5
2001-02-15 01:00:00,4392.0,1
2001-02-15 01:00:00,6291.0,6
2001-02-15 01:00:00,4446.5,4
2001-02-15 01:00:00,4445.1,2
2001-02-15 01:00:00,4464.8,3
2001-02-15 04:00:00,4210.7,13
2001-02-15 04:00:00,4818.8,18
2001-02-15 04:00:00,4707.3,14
2001-02-15 04:00:00,5303.6,16
2001-02-15 04:00:00,4672.8,17
2001-02-15 04:00:00,5013.4,15
2001-02-15 07:00:00,5399.4,9
2001-02-15 07:00:00,5278.7,7
2001-02-15 07:00:00,5521.3,21
2001-02-15 07:00:00,6404.2,20
2001-02-15 07:00:00,4548.4,12
2001-02-15 07:00:00,4580.4,24
2001-02-15 07:00:00,6136.8,8
2001-02-15 07:00:00,6365.9,19
2001-02-15 07:00:00,5571.2,22
2001-02-15 07:00:00,4842.0,11
2001-02-15 07:00:00,5394.2,10
2001-02-15 07:00:00,4588.2,23
2001-02-16 05:00:00,4210.3,13
2001-02-16 05:00:00,4706.5,14
2001-02-16 05:00:00,5013.0,15
2001-02-16 05:00:00,5303.1,16
2001-02-16 05:00:00,4820.9,18
2001-02-16 05:00:00,4675.0,17
2001-02-17 06:00:00,4706.6,14
2001-02-17 06:00:00,5013.5,15
2001-02-17 06:00:00,4677.6,17
2001-02-17 06:00:00,5303.4,16
2001-02-17 06:00:00,4821.2,18
2001-02-17 06:00:00,4210.6,13
2001-02-19 02:00:00,4444.9,2
2001-02-19 02:00:00,6293.0,6
2001-02-19 02:00:00,4462.8,3
2001-02-19 02:00:00,4445.0,4
2001-02-19 02:00:00,6401.4,5
2001-02-19 02:00:00,4392.1,1
2001-02-19 07:00:00,4704.7,14
2001-02-19 07:00:00,5303.1,16
2001-02-19 07:00:00,5013.2,15
2001-02-19 07:00:00,4211.7,13
2001-02-19 07:00:00,4821.4,18
2001-02-19 07:00:00,4680.4,17
2001-02-19 08:00:00,5572.1,22
2001-02-19 08:00:00,6403.4,20
2001-02-19 08:00:00,6130.3,8
2001-02-19 08:00:00,4846.4,11
2001-02-19 08:00:00,5520.6,21
2001-02-19 08:00:00,5399.1,9
2001-02-19 08:00:00,4580.3,24
2001-02-19 08:00:00,5394.0,10
2001-02-19 08:00:00,4545.5,12
2001-02-19 08:00:00,4587.9,23
2001-02-19 08:00:00,5284.6,7
2001-02-19 08:00:00,6365.3,19
2001-02-20 08:00:00,4681.0,17
2001-02-20 08:00:00,4702.9,14
2001-02-20 08:00:00,4210.2,13
2001-02-20 08:00:00,4823.1,18
2001-02-20 08:00:00,5303.1,16
2001-02-20 08:00:00,5013.0,15
2001-02-21 09:00:00,4823.3,18
2001-02-21 09:00:00,4210.1,13
2001-02-21 09:00:00,4683.8,17
2001-02-21 09:00:00,5303.0,16
2001-02-21 09:00:00,4702.5,14
2001-02-21 09:00:00,5013.1,15
2001-02-22 03:00:00,6398.3,5
2001-02-22 03:00:00,4443.0,4
2001-02-22 03:00:00,4390.3,1
2001-02-22 03:00:00,4442.6,2
2001-02-22 03:00:00,6291.3,6
2001-02-22 03:00:00,4461.4,3
2001-02-22 09:00:00,4548.4,12
2001-02-22 09:00:00,4579.4,24
2001-02-22 09:00:00,5394.0,10
2001-02-22 09:00:00,5570.5,22
2001-02-22 09:00:00,5285.8,7
2001-02-22 09:00:00,4588.0,23
2001-02-22 09:00:00,4847.6,11
2001-02-22 09:00:00,6403.2,20
2001-02-22 09:00:00,5521.7,21
2001-02-22 09:00:00,6365.0,19
2001-02-22 09:00:00,6130.4,8
2001-02-22 09:00:00,5399.3,9
2001-02-22 10:00:00,4682.6,17
2001-02-22 10:00:00,4823.6,18
2001-02-22 10:00:00,5014.0,15
2001-02-22 10:00:00,4702.2,14
2001-02-22 10:00:00,5303.4,16
2001-02-22 10:00:00,4209.4,13
2001-02-24 11:00:00,4701.6,14
2001-02-24 11:00:00,4684.0,17
2001-02-24 11:00:00,5014.0,15
2001-02-24 11:00:00,4209.3,13
2001-02-24 11:00:00,5303.2,16
2001-02-24 11:00:00,4823.8,18
2001-02-26 04:00:00,4441.9,4
2001-02-26 04:00:00,4390.5,1
2001-02-26 04:00:00,6290.6,6
2001-02-26 04:00:00,4460.7,3
2001-02-26 04:00:00,4441.9,2
2001-02-26 04:00:00,6399.1,5
2001-02-26 10:00:00,4587.7,23
2001-02-26 10:00:00,6364.5,19
2001-02-26 10:00:00,5288.2,7
2001-02-26 10:00:00,4579.5,24
2001-02-26 10:00:00,6130.9,8
2001-02-26 10:00:00,5393.6,10
2001-02-26 10:00:00,6403.3,20
2001-02-26 10:00:00,5520.4,21
2001-02-26 10:00:00,4546.7,12
2001-02-26 10:00:00,5570.3,22
2001-02-26 10:00:00,4840.9,11
2001-02-26 10:00:00,5393.7,9
2001-02-26 12:00:00,4699.5,14
2001-02-26 12:00:00,4209.5,13
2001-02-26 12:00:00,4684.3,17
2001-02-26 12:00:00,5303.1,16
2001-02-26 12:00:00,4823.5,18
2001-02-26 12:00:00,5014.5,15
2001-02-27 13:00:00,5014.9,15
2001-02-27 13:00:00,4210.0,13
2001-02-27 13:00:00,4697.6,14
2001-02-27 13:00:00,4823.8,18
2001-02-27 13:00:00,4684.4,17
2001-02-27 13:00:00,5303.5,16
2001-03-01 05:00:00,6284.6,6
2001-03-01 05:00:00,4439.5,4
2001-03-01 05:00:00,4440.0,2
2001-03-01 05:00:00,6396.1,5
2001-03-01 05:00:00,4388.4,1
2001-03-01 05:00:00,4459.8,3
2001-03-01 11:00:00,4544.7,12
2001-03-01 11:00:00,6366.0,19
2001-03-01 11:00:00,4588.2,23
2001-03-01 11:00:00,6131.3,8
2001-03-01 11:00:00,5522.3,21
2001-03-01 11:00:00,5569.3,22
2001-03-01 11:00:00,4854.6,11
2001-03-01 11:00:00,4579.2,24
2001-03-01 11:00:00,6406.7,20
2001-03-01 11:00:00,5393.5,10
2001-03-01 11:00:00,5289.5,7
2001-03-01 11:00:00,5398.4,9
2001-03-01 14:00:00,4823.8,18
2001-03-01 14:00:00,4685.0,17
2001-03-01 14:00:00,5303.2,16
2001-03-01 14:00:00,4690.0,14
2001-03-01 14:00:00,4210.5,13
2001-03-01 14:00:00,5014.9,15
2001-03-05 06:00:00,4442.9,4
2001-03-05 06:00:00,4442.7,2
2001-03-05 06:00:00,6397.8,5
2001-03-05 06:00:00,6291.8,6
2001-03-05 06:00:00,4391.4,1
2001-03-05 06:00:00,4461.3,3
2001-03-05 12:00:00,5292.7,7
2001-03-05 12:00:00,4588.1,23
2001-03-05 12:00:00,4553.7,12
2001-03-05 12:00:00,6365.7,19
2001-03-05 12:00:00,5568.9,22
2001-03-05 12:00:00,6407.4,20
2001-03-05 12:00:00,5394.6,10
2001-03-05 12:00:00,5523.3,21
2001-03-05 12:00:00,4578.8,24
2001-03-05 12:00:00,5398.8,9
2001-03-05 12:00:00,6134.9,8
2001-03-05 12:00:00,4858.8,11
2001-03-05 15:00:00,5304.5,16
2001-03-05 15:00:00,4823.6,18
2001-03-05 15:00:00,4210.8,13
2001-03-05 15:00:00,5018.2,15
2001-03-05 15:00:00,4685.0,17
2001-03-05 15:00:00,4687.5,14
2001-03-06 16:00:00,5304.5,16
2001-03-06 16:00:00,4210.0,13
2001-03-06 16:00:00,4823.7,18
2001-03-06 16:00:00,5017.8,15
2001-03-06 16:00:00,4685.2,17
2001-03-06 16:00:00,4685.2,14
2001-03-07 17:00:00,4823.9,18
2001-03-07 17:00:00,4210.9,13
2001-03-07 17:00:00,5305.0,16
2001-03-07 17:00:00,5018.1,15
2001-03-07 17:00:00,4681.0,14
2001-03-07 17:00:00,4686.4,17
2001-03-08 07:00:00,6398.2,5
2001-03-08 07:00:00,4443.2,4
2001-03-08 07:00:00,4461.9,3
2001-03-08 07:00:00,4442.9,2
2001-03-08 07:00:00,6292.0,6
2001-03-08 07:00:00,4391.7,1
2001-03-08 13:00:00,5293.9,7
2001-03-08 13:00:00,5523.9,21
2001-03-08 13:00:00,5399.2,9
2001-03-08 13:00:00,4553.0,12
2001-03-08 13:00:00,4588.6,23
2001-03-08 13:00:00,4858.0,11
2001-03-08 13:00:00,6408.3,20
2001-03-08 13:00:00,5394.8,10
2001-03-08 13:00:00,6137.0,8
2001-03-08 13:00:00,4579.2,24
2001-03-08 13:00:00,5569.3,22
2001-03-08 13:00:00,6365.6,19
2001-03-08 18:00:00,4211.0,13
2001-03-08 18:00:00,4686.0,17
2001-03-08 18:00:00,5018.3,15
2001-03-08 18:00:00,5305.1,16
2001-03-08 18:00:00,4679.9,14
2001-03-08 18:00:00,4823.0,18
2001-03-09 19:00:00,5305.6,16
2001-03-09 19:00:00,4685.4,17
2001-03-09 19:00:00,4823.9,18
2001-03-09 19:00:00,4211.1,13
2001-03-09 19:00:00,4698.0,14
2001-03-09 19:00:00,5018.3,15
2001-03-12 08:00:00,4439.8,2
2001-03-12 08:00:00,4463.8,3
2001-03-12 08:00:00,4389.1,1
2001-03-12 08:00:00,6290.9,6
2001-03-12 08:00:00,4443.1,4
2001-03-12 08:00:00,6398.7,5
2001-03-12 14:00:00,4550.7,12
2001-03-12 14:00:00,6139.4,8
2001-03-12 14:00:00,4866.1,11
2001-03-12 14:00:00,4579.4,24
2001-03-12 14:00:00,4589.3,23
2001-03-12 14:00:00,5401.8,9
2001-03-12 14:00:00,6367.8,19
2001-03-12 14:00:00,5298.7,7
2001-03-12 14:00:00,5569.4,22
2001-03-12 14:00:00,5525.2,21
2001-03-12 14:00:00,5396.7,10
2001-03-12 14:00:00,6411.5,20
2001-03-12 20:00:00,5019.9,15
2001-03-12 20:00:00,4685.8,17
2001-03-12 20:00:00,4392.7,14
2001-03-12 20:00:00,4211.5,13
2001-03-12 20:00:00,4823.8,18
2001-03-12 20:00:00,5306.5,16
2001-03-13 21:00:00,5020.2,15
2001-03-13 21:00:00,4685.9,17
2001-03-13 21:00:00,4211.6,13
2001-03-13 21:00:00,4391.4,14
2001-03-13 21:00:00,4823.8,18
2001-03-13 21:00:00,5306.9,16
2001-03-14 22:00:00,5306.8,16
2001-03-14 22:00:00,5020.2,15
2001-03-14 22:00:00,4386.6,14
2001-03-14 22:00:00,4685.6,17
2001-03-14 22:00:00,4211.5,13
2001-03-14 22:00:00,4823.6,18
2001-03-15 09:00:00,4437.5,4
2001-03-15 09:00:00,6391.9,5
2001-03-15 09:00:00,4460.4,3
2001-03-15 09:00:00,4437.9,2
2001-03-15 09:00:00,6285.7,6
2001-03-15 09:00:00,4387.4,1
2001-03-15 15:00:00,4552.1,12
2001-03-15 15:00:00,4588.9,23
2001-03-15 15:00:00,6410.0,20
2001-03-15 15:00:00,6138.1,8
2001-03-15 15:00:00,4874.6,11
2001-03-15 15:00:00,5522.9,21
2001-03-15 15:00:00,5567.9,22
2001-03-15 15:00:00,6368.9,19
2001-03-15 15:00:00,5395.3,10
2001-03-15 15:00:00,5297.6,7
2001-03-15 15:00:00,5402.1,9
2001-03-15 15:00:00,4578.7,24
2001-03-15 23:00:00,4687.9,17
2001-03-15 23:00:00,4824.3,18
2001-03-15 23:00:00,4384.0,14
2001-03-15 23:00:00,5313.6,16
2001-03-15 23:00:00,4211.5,13
2001-03-15 23:00:00,5020.9,15
2001-03-19 00:00:00,4724.8,17
2001-03-19 00:00:00,4223.9,13
2001-03-19 00:00:00,4852.8,18
2001-03-19 00:00:00,5309.1,16
2001-03-19 00:00:00,4402.1,14
2001-03-19 00:00:00,5024.9,15
2001-03-19 10:00:00,6389.6,5
2001-03-19 10:00:00,4439.0,4
2001-03-19 10:00:00,4387.9,1
2001-03-19 10:00:00,4463.2,3
2001-03-19 10:00:00,6289.6,6
2001-03-19 10:00:00,4459.0,2
2001-03-19 16:00:00,6413.5,20
2001-03-19 16:00:00,5393.0,10
2001-03-19 16:00:00,5304.4,7
2001-03-19 16:00:00,5570.7,22
2001-03-19 16:00:00,5413.7,9
2001-03-19 16:00:00,6132.5,8
2001-03-19 16:00:00,4589.7,23
2001-03-19 16:00:00,4551.0,12
2001-03-19 16:00:00,4884.4,11
2001-03-19 16:00:00,4578.3,24
2001-03-19 16:00:00,5526.0,21
2001-03-19 16:00:00,6368.3,19
2001-04-11 01:00:00,,16
2001-04-11 01:00:00,,15
2001-04-11 01:00:00,,17
2001-04-11 01:00:00,,14
2001-04-11 01:00:00,,18
2001-04-11 01:00:00,,13
2001-04-11 11:00:00,,3
2001-04-11 11:00:00,,1
2001-04-11 11:00:00,,4
2001-04-11 11:00:00,,5
2001-04-11 11:00:00,,2
2001-04-11 11:00:00,,6
2001-04-11 17:00:00,,12
2001-04-11 17:00:00,,8
2001-04-11 17:00:00,,7
2001-04-11 17:00:00,,9
2001-04-11 17:00:00,,10
2001-04-11 17:00:00,,11
2001-04-12 02:00:00,,14
2001-04-12 02:00:00,,13
2001-04-12 02:00:00,,18
2001-04-12 02:00:00,,16
2001-04-12 02:00:00,,15
2001-04-12 02:00:00,,17
2001-04-12 03:00:00,,13
2001-04-12 03:00:00,,17
2001-04-12 03:00:00,,14
2001-04-12 03:00:00,,15
2001-04-12 03:00:00,,16
2001-04-12 03:00:00,,18
2001-04-12 04:00:00,,14
2001-04-12 04:00:00,,17
2001-04-12 04:00:00,,18
2001-04-12 04:00:00,,15
2001-04-12 04:00:00,,16
2001-04-12 04:00:00,,13
2001-04-12 05:00:00,,16
2001-04-12 05:00:00,,15
2001-04-12 05:00:00,,17
2001-04-12 05:00:00,,13
2001-04-12 05:00:00,,14
2001-04-12 05:00:00,,18
2001-04-12 06:00:00,,15
2001-04-12 06:00:00,,14
2001-04-12 06:00:00,,17
2001-04-12 06:00:00,,13
2001-04-12 06:00:00,,16
2001-04-12 06:00:00,,18
2001-04-12 07:00:00,,18
2001-04-12 07:00:00,,14
2001-04-12 07:00:00,,15
2001-04-12 07:00:00,,17
2001-04-12 07:00:00,,13
2001-04-12 07:00:00,,16
2001-04-12 08:00:00,,16
2001-04-12 08:00:00,,18
2001-04-12 08:00:00,,17
2001-04-12 08:00:00,,14
2001-04-12 08:00:00,,15
2001-04-12 08:00:00,,13
2001-04-12 09:00:00,,14
2001-04-12 09:00:00,,18
2001-04-12 09:00:00,,13
2001-04-12 09:00:00,,17
2001-04-12 09:00:00,,16
2001-04-12 09:00:00,,15
2001-04-12 12:00:00,,5
2001-04-12 12:00:00,,4
2001-04-12 12:00:00,,3
2001-04-12 12:00:00,,6
2001-04-12 12:00:00,,2
2001-04-12 12:00:00,,1
2001-04-12 18:00:00,,8
2001-04-12 18:00:00,,9
2001-04-12 18:00:00,,10
2001-04-12 18:00:00,,7
2001-04-12 18:00:00,,11
2001-04-12 18:00:00,,12
2001-04-17 10:00:00,,14
2001-04-17 10:00:00,,13
2001-04-17 10:00:00,,15
2001-04-17 10:00:00,,18
2001-04-17 10:00:00,,17
2001-04-17 10:00:00,,16
2001-04-17 13:00:00,,5
2001-04-17 13:00:00,,4
2001-04-17 13:00:00,,3
2001-04-17 13:00:00,,2
2001-04-17 13:00:00,,1
2001-04-17 13:00:00,,6
2001-04-17 17:00:00,,24
2001-04-17 17:00:00,,21
2001-04-17 17:00:00,,19
2001-04-17 17:00:00,,22
2001-04-17 17:00:00,,23
2001-04-17 17:00:00,,20
2001-04-17 19:00:00,,10
2001-04-17 19:00:00,,7
2001-04-17 19:00:00,,9
2001-04-17 19:00:00,,11
2001-04-17 19:00:00,,8
2001-04-17 19:00:00,,12
2001-04-19 11:00:00,,17
2001-04-19 11:00:00,,14
2001-04-19 11:00:00,,18
2001-04-19 11:00:00,,16
2001-04-19 11:00:00,,13
2001-04-19 11:00:00,,15
2001-04-19 14:00:00,,6
2001-04-19 14:00:00,,4
2001-04-19 14:00:00,,1
2001-04-19 14:00:00,,2
2001-04-19 14:00:00,,5
2001-04-19 14:00:00,,3
2001-04-19 18:00:00,,22
2001-04-19 18:00:00,,24
2001-04-19 18:00:00,,21
2001-04-19 18:00:00,,19
2001-04-19 18:00:00,,23
2001-04-19 18:00:00,,20
2001-04-19 20:00:00,,12
2001-04-19 20:00:00,,8
2001-04-19 20:00:00,,7
2001-04-19 20:00:00,,9
2001-04-19 20:00:00,,10
2001-04-19 20:00:00,,11
2001-04-24 12:00:00,,17
2001-04-24 12:00:00,,14
2001-04-24 12:00:00,,18
2001-04-24 12:00:00,,13
2001-04-24 12:00:00,,16
2001-04-24 12:00:00,,15
2001-04-24 15:00:00,,6
2001-04-24 15:00:00,,3
2001-04-24 15:00:00,,2
2001-04-24 15:00:00,,5
2001-04-24 15:00:00,,1
2001-04-24 15:00:00,,4
2001-04-24 19:00:00,,20
2001-04-24 19:00:00,,21
2001-04-24 19:00:00,,19
2001-04-24 19:00:00,,23
2001-04-24 19:00:00,,22
2001-04-24 19:00:00,,24
2001-04-30 13:00:00,,15
2001-04-30 13:00:00,,16
2001-04-30 13:00:00,,17
2001-04-30 13:00:00,,14
2001-04-30 13:00:00,,13
2001-04-30 13:00:00,,18
2001-04-30 16:00:00,,3
2001-04-30 16:00:00,,4
2001-04-30 16:00:00,,5
2001-04-30 16:00:00,,2
2001-04-30 16:00:00,,1
2001-04-30 16:00:00,,6
2001-04-30 20:00:00,,22
2001-04-30 20:00:00,,19
2001-04-30 20:00:00,,24
2001-04-30 20:00:00,,23
2001-04-30 20:00:00,,20
2001-04-30 20:00:00,,21
2001-04-30 21:00:00,,7
2001-04-30 21:00:00,,8
2001-04-30 21:00:00,,12
2001-04-30 21:00:00,,10
2001-04-30 21:00:00,,11
2001-04-30 21:00:00,,9
2001-05-03 14:00:00,,18
2001-05-03 14:00:00,,17
2001-05-03 14:00:00,,14
2001-05-03 14:00:00,,13
2001-05-03 14:00:00,,15
2001-05-03 14:00:00,,16
2001-05-03 17:00:00,,4
2001-05-03 17:00:00,,2
2001-05-03 17:00:00,,5
2001-05-03 17:00:00,,1
2001-05-03 17:00:00,,6
2001-05-03 17:00:00,,3
2001-05-03 21:00:00,,24
2001-05-03 21:00:00,,19
2001-05-03 21:00:00,,23
2001-05-03 21:00:00,,21
2001-05-03 21:00:00,,20
2001-05-03 21:00:00,,22
2001-05-03 22:00:00,,9
2001-05-03 22:00:00,,12
2001-05-03 22:00:00,,7
2001-05-03 22:00:00,,11
2001-05-03 22:00:00,,8
2001-05-03 22:00:00,,10
2001-05-18 15:00:00,,13
2001-05-18 15:00:00,,16
2001-05-18 15:00:00,,15
2001-05-18 15:00:00,,17
2001-05-18 15:00:00,,14
2001-05-18 15:00:00,,18
2001-05-18 18:00:00,,1
2001-05-18 18:00:00,,5
2001-05-18 18:00:00,,2
2001-05-18 18:00:00,,6
2001-05-18 18:00:00,,3
2001-05-18 18:00:00,,4
2001-05-18 22:00:00,,24
2001-05-18 22:00:00,,20
2001-05-18 22:00:00,,19
2001-05-18 22:00:00,,22
2001-05-18 22:00:00,,21
2001-05-18 22:00:00,,23
2001-05-18 23:00:00,,9
2001-05-18 23:00:00,,12
2001-05-18 23:00:00,,7
2001-05-18 23:00:00,,10
2001-05-18 23:00:00,,8
2001-05-18 23:00:00,,11
2001-05-20 16:00:00,,18
2001-05-20 16:00:00,,15
2001-05-20 16:00:00,,13
2001-05-20 16:00:00,,17
2001-05-20 16:00:00,,14
2001-05-20 16:00:00,,16
2001-05-20 17:00:00,,18
2001-05-20 17:00:00,,15
2001-05-20 17:00:00,,13
2001-05-20 17:00:00,,17
2001-05-20 17:00:00,,14
2001-05-20 17:00:00,,16
2001-05-20 19:00:00,,3
2001-05-20 19:00:00,,2
2001-05-20 19:00:00,,6
2001-05-20 19:00:00,,4
2001-05-20 19:00:00,,1
2001-05-20 19:00:00,,5
2001-05-20 23:00:00,,22
2001-05-20 23:00:00,,20
2001-05-20 23:00:00,,21
2001-05-20 23:00:00,,19
2001-05-20 23:00:00,,24
2001-05-20 23:00:00,,23
2001-05-29 00:00:00,,20
2001-05-29 00:00:00,,8
2001-05-29 00:00:00,,11
2001-05-29 00:00:00,,22
2001-05-29 00:00:00,,19
2001-05-29 00:00:00,,7
2001-05-29 00:00:00,,23
2001-05-29 00:00:00,,24
2001-05-29 00:00:00,,10
2001-05-29 00:00:00,,9
2001-05-29 00:00:00,,12
2001-05-29 00:00:00,,21
2001-05-29 18:00:00,,18
2001-05-29 18:00:00,,16
2001-05-29 18:00:00,,15
2001-05-29 18:00:00,,17
2001-05-29 18:00:00,,13
2001-05-29 18:00:00,,14
2001-05-29 20:00:00,,2
2001-05-29 20:00:00,,6
2001-05-29 20:00:00,,5
2001-05-29 20:00:00,,1
2001-05-29 20:00:00,,4
2001-05-29 20:00:00,,3
2001-05-30 01:00:00,,20
2001-05-30 01:00:00,,21
2001-05-30 01:00:00,,19
2001-05-30 01:00:00,,9
2001-05-30 01:00:00,,24
2001-05-30 01:00:00,,23
2001-05-30 01:00:00,,10
2001-05-30 01:00:00,,7
2001-05-30 01:00:00,,22
2001-05-30 01:00:00,,12
2001-05-30 01:00:00,,8
2001-05-30 01:00:00,,11
2001-05-30 19:00:00,,13
2001-05-30 19:00:00,,16
2001-05-30 19:00:00,,18
2001-05-30 19:00:00,,14
2001-05-30 19:00:00,,17
2001-05-30 19:00:00,,15
2001-05-30 21:00:00,,6
2001-05-30 21:00:00,,4
2001-05-30 21:00:00,,1
2001-05-30 21:00:00,,2
2001-05-30 21:00:00,,3
2001-05-30 21:00:00,,5
2001-05-31 02:00:00,,12
2001-05-31 02:00:00,,9
2001-05-31 02:00:00,,22
2001-05-31 02:00:00,,8
2001-05-31 02:00:00,,10
2001-05-31 02:00:00,,20
2001-05-31 02:00:00,,21
2001-05-31 02:00:00,,7
2001-05-31 02:00:00,,23
2001-05-31 02:00:00,,11
2001-05-31 02:00:00,,24
2001-05-31 02:00:00,,19
2001-05-31 20:00:00,,13
2001-05-31 20:00:00,,18
2001-05-31 20:00:00,,14
2001-05-31 20:00:00,,16
2001-05-31 20:00:00,,15
2001-05-31 20:00:00,,17
2001-05-31 22:00:00,,5
2001-05-31 22:00:00,,3
2001-05-31 22:00:00,,2
2001-05-31 22:00:00,,1
2001-05-31 22:00:00,,6
2001-05-31 22:00:00,,4
2001-06-01 03:00:00,,24
2001-06-01 03:00:00,,9
2001-06-01 03:00:00,,10
2001-06-01 03:00:00,,23
2001-06-01 03:00:00,,22
2001-06-01 03:00:00,,8
2001-06-01 03:00:00,,19
2001-06-01 03:00:00,,11
2001-06-01 03:00:00,,7
2001-06-01 03:00:00,,12
2001-06-01 03:00:00,,21
2001-06-01 03:00:00,,20
2001-06-01 21:00:00,,18
2001-06-01 21:00:00,,15
2001-06-01 21:00:00,,14
2001-06-01 21:00:00,,13
2001-06-01 21:00:00,,16
2001-06-01 21:00:00,,17
2001-06-01 23:00:00,,1
2001-06-01 23:00:00,,3
2001-06-01 23:00:00,,6
2001-06-01 23:00:00,,2
2001-06-01 23:00:00,,5
2001-06-01 23:00:00,,4
2001-06-02 00:00:00,,6
2001-06-02 00:00:00,,2
2001-06-02 00:00:00,,5
2001-06-02 00:00:00,,4
2001-06-02 00:00:00,,1
2001-06-02 00:00:00,,3
2001-06-02 04:00:00,,24
2001-06-02 04:00:00,,22
2001-06-02 04:00:00,,8
2001-06-02 04:00:00,,10
2001-06-02 04:00:00,,19
2001-06-02 04:00:00,,7
2001-06-02 04:00:00,,20
2001-06-02 04:00:00,,12
2001-06-02 04:00:00,,23
2001-06-02 04:00:00,,21
2001-06-02 04:00:00,,9
2001-06-02 04:00:00,,11
2001-06-02 22:00:00,,14
2001-06-02 22:00:00,,18
2001-06-02 22:00:00,,15
2001-06-02 22:00:00,,17
2001-06-02 22:00:00,,16
2001-06-02 22:00:00,,13
2001-06-03 01:00:00,,3
2001-06-03 01:00:00,,4
2001-06-03 01:00:00,,1
2001-06-03 01:00:00,,5
2001-06-03 01:00:00,,2
2001-06-03 01:00:00,,6
2001-06-03 05:00:00,,11
2001-06-03 05:00:00,,22
2001-06-03 05:00:00,,12
2001-06-03 05:00:00,,10
2001-06-03 05:00:00,,23
2001-06-03 05:00:00,,9
2001-06-03 05:00:00,,19
2001-06-03 05:00:00,,8
2001-06-03 05:00:00,,21
2001-06-03 05:00:00,,20
2001-06-03 05:00:00,,24
2001-06-03 05:00:00,,7
2001-06-03 23:00:00,,17
2001-06-03 23:00:00,,16
2001-06-03 23:00:00,,14
2001-06-03 23:00:00,,15
2001-06-03 23:00:00,,13
2001-06-03 23:00:00,,18
2001-06-04 00:00:00,,16
2001-06-04 00:00:00,,15
2001-06-04 00:00:00,,18
2001-06-04 00:00:00,,14
2001-06-04 00:00:00,,13
2001-06-04 00:00:00,,17
2001-06-04 02:00:00,,1
2001-06-04 02:00:00,,6
2001-06-04 02:00:00,,5
2001-06-04 02:00:00,,4
2001-06-04 02:00:00,,3
2001-06-04 02:00:00,,2
2001-06-04 06:00:00,,12
2001-06-04 06:00:00,,23
2001-06-04 06:00:00,,20
2001-06-04 06:00:00,,22
2001-06-04 06:00:00,,7
2001-06-04 06:00:00,,9
2001-06-04 06:00:00,,11
2001-06-04 06:00:00,,24
2001-06-04 06:00:00,,8
2001-06-04 06:00:00,,19
2001-06-04 06:00:00,,10
2001-06-04 06:00:00,,21
2001-06-05 01:00:00,,13
2001-06-05 01:00:00,,14
2001-06-05 01:00:00,,17
2001-06-05 01:00:00,,18
2001-06-05 01:00:00,,15
2001-06-05 01:00:00,,16
2001-06-05 03:00:00,,5
2001-06-05 03:00:00,,6
2001-06-05 03:00:00,,3
2001-06-05 03:00:00,,4
2001-06-05 03:00:00,,1
2001-06-05 03:00:00,,2
2001-06-05 07:00:00,,11
2001-06-05 07:00:00,,24
2001-06-05 07:00:00,,10
2001-06-05 07:00:00,,19
2001-06-05 07:00:00,,8
2001-06-05 07:00:00,,12
2001-06-05 07:00:00,,21
2001-06-05 07:00:00,,22
2001-06-05 07:00:00,,9
2001-06-05 07:00:00,,23
2001-06-05 07:00:00,,7
2001-06-05 07:00:00,,20
2001-06-06 02:00:00,,14
2001-06-06 02:00:00,,13
2001-06-06 02:00:00,,15
2001-06-06 02:00:00,,17
2001-06-06 02:00:00,,18
2001-06-06 02:00:00,,16
2001-06-06 04:00:00,,2
2001-06-06 04:00:00,,5
2001-06-06 04:00:00,,1
2001-06-06 04:00:00,,3
2001-06-06 04:00:00,,6
2001-06-06 04:00:00,,4
2001-06-06 08:00:00,,19
2001-06-06 08:00:00,,8
2001-06-06 08:00:00,,7
2001-06-06 08:00:00,,22
2001-06-06 08:00:00,,9
2001-06-06 08:00:00,,21
2001-06-06 08:00:00,,20
2001-06-06 08:00:00,,23
2001-06-06 08:00:00,,12
2001-06-06 08:00:00,,10
2001-06-06 08:00:00,,24
2001-06-06 08:00:00,,11
2001-06-07 03:00:00,,18
2001-06-07 03:00:00,,16
2001-06-07 03:00:00,,15
2001-06-07 03:00:00,,17
2001-06-07 03:00:00,,13
2001-06-07 03:00:00,,14
2001-06-07 05:00:00,,6
2001-06-07 05:00:00,,3
2001-06-07 05:00:00,,1
2001-06-07 05:00:00,,2
2001-06-07 05:00:00,,5
2001-06-07 05:00:00,,4
2001-06-07 09:00:00,,19
2001-06-07 09:00:00,,8
2001-06-07 09:00:00,,22
2001-06-07 09:00:00,,20
2001-06-07 09:00:00,,7
2001-06-07 09:00:00,,23
2001-06-07 09:00:00,,9
2001-06-07 09:00:00,,12
2001-06-07 09:00:00,,10
2001-06-07 09:00:00,,24
2001-06-07 09:00:00,,11
2001-06-07 09:00:00,,21
2001-07-17 04:00:00,,16
2001-07-17 04:00:00,,14
2001-07-17 04:00:00,,17
2001-07-17 04:00:00,,13
2001-07-17 04:00:00,,18
2001-07-17 04:00:00,,15
2001-07-17 06:00:00,,3
2001-07-17 06:00:00,,5
2001-07-17 06:00:00,,2
2001-07-17 06:00:00,,1
2001-07-17 06:00:00,,6
2001-07-17 06:00:00,,4
2001-07-17 10:00:00,,20
2001-07-17 10:00:00,,19
2001-07-17 10:00:00,,24
2001-07-17 10:00:00,,21
2001-07-17 10:00:00,,22
2001-07-17 10:00:00,,23
2001-07-18 05:00:00,,13
2001-07-18 05:00:00,,14
2001-07-18 05:00:00,,15
2001-07-18 05:00:00,,16
2001-07-18 05:00:00,,18
2001-07-18 05:00:00,,17
2001-07-18 07:00:00,,5
2001-07-18 07:00:00,,1
2001-07-18 07:00:00,,3
2001-07-18 07:00:00,,4
2001-07-18 07:00:00,,6
2001-07-18 07:00:00,,2
2001-07-18 11:00:00,,21
2001-07-18 11:00:00,,19
2001-07-18 11:00:00,,23
2001-07-18 11:00:00,,22
2001-07-18 11:00:00,,24
2001-07-18 11:00:00,,20
2001-07-19 06:00:00,,16
2001-07-19 06:00:00,,17
2001-07-19 06:00:00,,14
2001-07-19 06:00:00,,13
2001-07-19 06:00:00,,18
2001-07-19 06:00:00,,15
2001-07-19 08:00:00,,3
2001-07-19 08:00:00,,4
2001-07-19 08:00:00,,2
2001-07-19 08:00:00,,5
2001-07-19 08:00:00,,1
2001-07-19 08:00:00,,6
2001-07-19 12:00:00,,20
2001-07-19 12:00:00,,21
2001-07-19 12:00:00,,19
2001-07-19 12:00:00,,22
2001-07-19 12:00:00,,24
2001-07-19 12:00:00,,23
2001-07-20 07:00:00,,16
2001-07-20 07:00:00,,14
2001-07-20 07:00:00,,18
2001-07-20 07:00:00,,17
2001-07-20 07:00:00,,15
2001-07-20 07:00:00,,13
2001-07-20 09:00:00,,5
2001-07-20 09:00:00,,1
2001-07-20 09:00:00,,6
2001-07-20 09:00:00,,4
2001-07-20 09:00:00,,3
2001-07-20 09:00:00,,2
2001-07-24 08:00:00,,13
2001-07-24 08:00:00,,14
2001-07-24 08:00:00,,18
2001-07-24 08:00:00,,16
2001-07-24 08:00:00,,17
2001-07-24 08:00:00,,15
2001-07-24 10:00:00,,9
2001-07-24 10:00:00,,10
2001-07-24 10:00:00,,4
2001-07-24 10:00:00,,7
2001-07-24 10:00:00,,11
2001-07-24 10:00:00,,12
2001-07-24 10:00:00,,8
2001-07-24 10:00:00,,6
2001-07-24 10:00:00,,2
2001-07-24 10:00:00,,1
2001-07-24 10:00:00,,3
2001-07-24 10:00:00,,5
2001-07-24 13:00:00,,20
2001-07-24 13:00:00,,24
2001-07-24 13:00:00,,19
2001-07-24 13:00:00,,22
2001-07-24 13:00:00,,21
2001-07-24 13:00:00,,23
2001-07-26 09:00:00,,14
2001-07-26 09:00:00,,15
2001-07-26 09:00:00,,13
2001-07-26 09:00:00,,16
2001-07-26 09:00:00,,17
2001-07-26 09:00:00,,18
2001-07-26 11:00:00,,6
2001-07-26 11:00:00,,10
2001-07-26 11:00:00,,11
2001-07-26 11:00:00,,2
2001-07-26 11:00:00,,9
2001-07-26 11:00:00,,4
2001-07-26 11:00:00,,1
2001-07-26 11:00:00,,8
2001-07-26 11:00:00,,7
2001-07-26 11:00:00,,5
2001-07-26 11:00:00,,12
2001-07-26 11:00:00,,3
2001-07-26 14:00:00,,24
2001-07-26 14:00:00,,19
2001-07-26 14:00:00,,23
2001-07-26 14:00:00,,21
2001-07-26 14:00:00,,20
2001-07-26 14:00:00,,22
2001-07-27 10:00:00,,13
2001-07-27 10:00:00,,17
2001-07-27 10:00:00,,18
2001-07-27 10:00:00,,16
2001-07-27 10:00:00,,15
2001-07-27 10:00:00,,14
2001-07-27 12:00:00,,4
2001-07-27 12:00:00,,6
2001-07-27 12:00:00,,3
2001-07-27 12:00:00,,5
2001-07-27 12:00:00,,8
2001-07-27 12:00:00,,7
2001-07-27 12:00:00,,2
2001-07-27 12:00:00,,12
2001-07-27 12:00:00,,11
2001-07-27 12:00:00,,9
2001-07-27 12:00:00,,10
2001-07-27 12:00:00,,1
2001-07-27 15:00:00,,23
2001-07-27 15:00:00,,22
2001-07-27 15:00:00,,19
2001-07-27 15:00:00,,21
2001-07-27 15:00:00,,24
2001-07-27 15:00:00,,20
2001-07-30 11:00:00,,15
2001-07-30 11:00:00,,18
2001-07-30 11:00:00,,14
2001-07-30 11:00:00,,16
2001-07-30 11:00:00,,17
2001-07-30 11:00:00,,13
2001-07-30 13:00:00,,4
2001-07-30 13:00:00,,9
2001-07-30 13:00:00,,1
2001-07-30 13:00:00,,10
2001-07-30 13:00:00,,12
2001-07-30 13:00:00,,2
2001-07-30 13:00:00,,5
2001-07-30 13:00:00,,7
2001-07-30 13:00:00,,8
2001-07-30 13:00:00,,3
2001-07-30 13:00:00,,6
2001-07-30 13:00:00,,11
2001-07-30 16:00:00,,22
2001-07-30 16:00:00,,21
2001-07-30 16:00:00,,23
2001-07-30 16:00:00,,20
2001-07-30 16:00:00,,24
2001-07-30 16:00:00,,19
2001-07-31 12:00:00,,14
2001-07-31 12:00:00,,18
2001-07-31 12:00:00,,17
2001-07-31 12:00:00,,15
2001-07-31 12:00:00,,16
2001-07-31 12:00:00,,13
2001-07-31 13:00:00,,13
2001-07-31 13:00:00,,17
2001-07-31 13:00:00,,14
2001-07-31 13:00:00,,15
2001-07-31 13:00:00,,16
2001-07-31 13:00:00,,18
2001-07-31 14:00:00,,7
2001-07-31 14:00:00,,16
2001-07-31 14:00:00,,13
2001-07-31 14:00:00,,10
2001-07-31 14:00:00,,8
2001-07-31 14:00:00,,3
2001-07-31 14:00:00,,9
2001-07-31 14:00:00,,12
2001-07-31 14:00:00,,1
2001-07-31 14:00:00,,15
2001-07-31 14:00:00,,5
2001-07-31 14:00:00,,18
2001-07-31 14:00:00,,11
2001-07-31 14:00:00,,4
2001-07-31 14:00:00,,6
2001-07-31 14:00:00,,14
2001-07-31 14:00:00,,2
2001-07-31 14:00:00,,17
2001-07-31 15:00:00,,11
2001-07-31 15:00:00,,7
2001-07-31 15:00:00,,5
2001-07-31 15:00:00,,12
2001-07-31 15:00:00,,8
2001-07-31 15:00:00,,3
2001-07-31 15:00:00,,2
2001-07-31 15:00:00,,4
2001-07-31 15:00:00,,10
2001-07-31 15:00:00,,9
2001-07-31 15:00:00,,6
2001-07-31 15:00:00,,1
2001-07-31 16:00:00,,8
2001-07-31 16:00:00,,7
2001-07-31 16:00:00,,11
2001-07-31 16:00:00,,12
2001-07-31 16:00:00,,9
2001-07-31 16:00:00,,10
2001-07-31 17:00:00,,19
2001-07-31 17:00:00,,23
2001-07-31 17:00:00,,20
2001-07-31 17:00:00,,22
2001-07-31 17:00:00,,24
2001-07-31 17:00:00,,21
2001-08-01 15:00:00,,17
2001-08-01 15:00:00,,15
2001-08-01 15:00:00,,13
2001-08-01 15:00:00,,16
2001-08-01 15:00:00,,18
2001-08-01 15:00:00,,14
2001-08-01 16:00:00,,2
2001-08-01 16:00:00,,1
2001-08-01 16:00:00,,5
2001-08-01 16:00:00,,3
2001-08-01 16:00:00,,4
2001-08-01 16:00:00,,6
2001-08-01 17:00:00,,7
2001-08-01 17:00:00,,10
2001-08-01 17:00:00,,11
2001-08-01 17:00:00,,12
2001-08-01 17:00:00,,8
2001-08-01 17:00:00,,9
2001-08-01 18:00:00,,24
2001-08-01 18:00:00,,23
2001-08-01 18:00:00,,21
2001-08-01 18:00:00,,19
2001-08-01 18:00:00,,22
2001-08-01 18:00:00,,20
2001-08-02 16:00:00,,15
2001-08-02 16:00:00,,17
2001-08-02 16:00:00,,16
2001-08-02 16:00:00,,13
2001-08-02 16:00:00,,14
2001-08-02 16:00:00,,18
2001-08-02 17:00:00,,2
2001-08-02 17:00:00,,1
2001-08-02 17:00:00,,6
2001-08-02 17:00:00,,4
2001-08-02 17:00:00,,5
2001-08-02 17:00:00,,3
2001-08-02 18:00:00,,10
2001-08-02 18:00:00,,12
2001-08-02 18:00:00,,7
2001-08-02 18:00:00,,9
2001-08-02 18:00:00,,8
2001-08-02 18:00:00,,11
2001-08-02 19:00:00,,23
2001-08-02 19:00:00,,22
2001-08-02 19:00:00,,20
2001-08-02 19:00:00,,19
2001-08-02 19:00:00,,24
2001-08-02 19:00:00,,21
2001-08-03 17:00:00,,16
2001-08-03 17:00:00,,17
2001-08-03 17:00:00,,15
2001-08-03 17:00:00,,18
2001-08-03 17:00:00,,13
2001-08-03 17:00:00,,14
2001-08-03 18:00:00,,6
2001-08-03 18:00:00,,3
2001-08-03 18:00:00,,5
2001-08-03 18:00:00,,2
2001-08-03 18:00:00,,1
2001-08-03 18:00:00,,4
2001-08-03 19:00:00,,11
2001-08-03 19:00:00,,7
2001-08-03 19:00:00,,10
2001-08-03 19:00:00,,12
2001-08-03 19:00:00,,8
2001-08-03 19:00:00,,9
2001-08-03 20:00:00,,24
2001-08-03 20:00:00,,21
2001-08-03 20:00:00,,23
2001-08-03 20:00:00,,22
2001-08-03 20:00:00,,20
2001-08-03 20:00:00,,19
2001-08-04 18:00:00,,17
2001-08-04 18:00:00,,14
2001-08-04 18:00:00,,15
2001-08-04 18:00:00,,18
2001-08-04 18:00:00,,16
2001-08-04 18:00:00,,13
2001-08-04 19:00:00,,4
2001-08-04 19:00:00,,2
2001-08-04 19:00:00,,3
2001-08-04 19:00:00,,6
2001-08-04 19:00:00,,5
2001-08-04 19:00:00,,1
2001-08-04 20:00:00,,12
2001-08-04 20:00:00,,10
2001-08-04 20:00:00,,7
2001-08-04 20:00:00,,8
2001-08-04 20:00:00,,9
2001-08-04 20:00:00,,11
2001-08-04 21:00:00,,24
2001-08-04 21:00:00,,21
2001-08-04 21:00:00,,19
2001-08-04 21:00:00,,23
2001-08-04 21:00:00,,22
2001-08-04 21:00:00,,20
2001-08-05 19:00:00,,18
2001-08-05 19:00:00,,17
2001-08-05 19:00:00,,13
2001-08-05 19:00:00,,14
2001-08-05 19:00:00,,16
2001-08-05 19:00:00,,15
2001-08-05 20:00:00,,1
2001-08-05 20:00:00,,4
2001-08-05 20:00:00,,6
2001-08-05 20:00:00,,5
2001-08-05 20:00:00,,2
2001-08-05 20:00:00,,3
2001-08-05 21:00:00,,9
2001-08-05 21:00:00,,11
2001-08-05 21:00:00,,7
2001-08-05 21:00:00,,12
2001-08-05 21:00:00,,8
2001-08-05 21:00:00,,10
2001-08-05 22:00:00,,23
2001-08-05 22:00:00,,22
2001-08-05 22:00:00,,24
2001-08-05 22:00:00,,19
2001-08-05 22:00:00,,20
2001-08-05 22:00:00,,21
2001-08-06 20:00:00,,18
2001-08-06 20:00:00,,16
2001-08-06 20:00:00,,15
2001-08-06 20:00:00,,13
2001-08-06 20:00:00,,17
2001-08-06 20:00:00,,14
2001-08-06 21:00:00,,3
2001-08-06 21:00:00,,1
2001-08-06 21:00:00,,4
2001-08-06 21:00:00,,5
2001-08-06 21:00:00,,2
2001-08-06 21:00:00,,6
2001-08-06 22:00:00,,10
2001-08-06 22:00:00,,12
2001-08-06 22:00:00,,9
2001-08-06 22:00:00,,8
2001-08-06 22:00:00,,7
2001-08-06 22:00:00,,11
2001-08-06 23:00:00,,23
2001-08-06 23:00:00,,24
2001-08-06 23:00:00,,20
2001-08-06 23:00:00,,19
2001-08-06 23:00:00,,22
2001-08-06 23:00:00,,21
2001-08-07 00:00:00,,24
2001-08-07 00:00:00,,22
2001-08-07 00:00:00,,20
2001-08-07 00:00:00,,21
2001-08-07 00:00:00,,23
2001-08-07 00:00:00,,19
2001-08-07 21:00:00,,15
2001-08-07 21:00:00,,16
2001-08-07 21:00:00,,18
2001-08-07 21:00:00,,14
2001-08-07 21:00:00,,13
2001-08-07 21:00:00,,17
2001-08-07 22:00:00,,6
2001-08-07 22:00:00,,1
2001-08-07 22:00:00,,4
2001-08-07 22:00:00,,3
2001-08-07 22:00:00,,2
2001-08-07 22:00:00,,5
2001-08-07 23:00:00,,8
2001-08-07 23:00:00,,11
2001-08-07 23:00:00,,10
2001-08-07 23:00:00,,12
2001-08-07 23:00:00,,7
2001-08-07 23:00:00,,9
2001-08-08 00:00:00,,11
2001-08-08 00:00:00,,12
2001-08-08 00:00:00,,7
2001-08-08 00:00:00,,9
2001-08-08 00:00:00,,8
2001-08-08 00:00:00,,10
2001-08-08 01:00:00,,24
2001-08-08 01:00:00,,19
2001-08-08 01:00:00,,20
2001-08-08 01:00:00,,23
2001-08-08 01:00:00,,21
2001-08-08 01:00:00,,22
2001-08-08 22:00:00,,15
2001-08-08 22:00:00,,18
2001-08-08 22:00:00,,14
2001-08-08 22:00:00,,13
2001-08-08 22:00:00,,17
2001-08-08 22:00:00,,16
2001-08-08 23:00:00,,4
2001-08-08 23:00:00,,6
2001-08-08 23:00:00,,5
2001-08-08 23:00:00,,2
2001-08-08 23:00:00,,1
2001-08-08 23:00:00,,3
2001-08-09 00:00:00,,6
2001-08-09 00:00:00,,4
2001-08-09 00:00:00,,3
2001-08-09 00:00:00,,5
2001-08-09 00:00:00,,2
2001-08-09 00:00:00,,1
2001-08-09 01:00:00,,7
2001-08-09 01:00:00,,9
2001-08-09 01:00:00,,11
2001-08-09 01:00:00,,12
2001-08-09 01:00:00,,8
2001-08-09 01:00:00,,10
2001-08-09 02:00:00,,22
2001-08-09 02:00:00,,21
2001-08-09 02:00:00,,19
2001-08-09 02:00:00,,20
2001-08-09 02:00:00,,23
2001-08-09 02:00:00,,24
2001-08-09 23:00:00,,14
2001-08-09 23:00:00,,17
2001-08-09 23:00:00,,16
2001-08-09 23:00:00,,13
2001-08-09 23:00:00,,18
2001-08-09 23:00:00,,15
2001-08-10 00:00:00,,17
2001-08-10 00:00:00,,18
2001-08-10 00:00:00,,15
2001-08-10 00:00:00,,14
2001-08-10 00:00:00,,16
2001-08-10 00:00:00,,13
2001-08-10 01:00:00,,4
2001-08-10 01:00:00,,6
2001-08-10 01:00:00,,1
2001-08-10 01:00:00,,2
2001-08-10 01:00:00,,3
2001-08-10 01:00:00,,5
2001-08-10 02:00:00,,12
2001-08-10 02:00:00,,10
2001-08-10 02:00:00,,11
2001-08-10 02:00:00,,9
2001-08-10 02:00:00,,7
2001-08-10 02:00:00,,8
2001-08-10 03:00:00,,23
2001-08-10 03:00:00,,19
2001-08-10 03:00:00,,20
2001-08-10 03:00:00,,22
2001-08-10 03:00:00,,24
2001-08-10 03:00:00,,21
2001-08-11 01:00:00,,17
2001-08-11 01:00:00,,16
2001-08-11 01:00:00,,15
2001-08-11 01:00:00,,14
2001-08-11 01:00:00,,13
2001-08-11 01:00:00,,18
2001-08-11 02:00:00,,1
2001-08-11 02:00:00,,2
2001-08-11 02:00:00,,6
2001-08-11 02:00:00,,5
2001-08-11 02:00:00,,4
2001-08-11 02:00:00,,3
2001-08-11 03:00:00,,8
2001-08-11 03:00:00,,7
2001-08-11 03:00:00,,11
2001-08-11 03:00:00,,9
2001-08-11 03:00:00,,12
2001-08-11 03:00:00,,10
2001-08-11 04:00:00,,24
2001-08-11 04:00:00,,22
2001-08-11 04:00:00,,19
2001-08-11 04:00:00,,20
2001-08-11 04:00:00,,23
2001-08-11 04:00:00,,21
2001-08-12 02:00:00,,16
2001-08-12 02:00:00,,14
2001-08-12 02:00:00,,17
2001-08-12 02:00:00,,15
2001-08-12 02:00:00,,13
2001-08-12 02:00:00,,18
2001-08-12 03:00:00,,1
2001-08-12 03:00:00,,4
2001-08-12 03:00:00,,6
2001-08-12 03:00:00,,5
2001-08-12 03:00:00,,2
2001-08-12 03:00:00,,3
2001-08-12 04:00:00,,11
2001-08-12 04:00:00,,9
2001-08-12 04:00:00,,8
2001-08-12 04:00:00,,12
2001-08-12 04:00:00,,10
2001-08-12 04:00:00,,7
2001-08-12 05:00:00,,20
2001-08-12 05:00:00,,22
2001-08-12 05:00:00,,19
2001-08-12 05:00:00,,23
2001-08-12 05:00:00,,24
2001-08-12 05:00:00,,21
2001-08-13 03:00:00,,16
2001-08-13 03:00:00,,17
2001-08-13 03:00:00,,14
2001-08-13 03:00:00,,13
2001-08-13 03:00:00,,15
2001-08-13 03:00:00,,18
2001-08-13 04:00:00,,5
2001-08-13 04:00:00,,2
2001-08-13 04:00:00,,4
2001-08-13 04:00:00,,1
2001-08-13 04:00:00,,3
2001-08-13 04:00:00,,6
2001-08-13 05:00:00,,11
2001-08-13 05:00:00,,9
2001-08-13 05:00:00,,10
2001-08-13 05:00:00,,8
2001-08-13 05:00:00,,7
2001-08-13 05:00:00,,12
2001-08-13 06:00:00,,23
2001-08-13 06:00:00,,19
2001-08-13 06:00:00,,24
2001-08-13 06:00:00,,21
2001-08-13 06:00:00,,20
2001-08-13 06:00:00,,22
2001-08-14 04:00:00,,17
2001-08-14 04:00:00,,14
2001-08-14 04:00:00,,13
2001-08-14 04:00:00,,16
2001-08-14 04:00:00,,15
2001-08-14 04:00:00,,18
2001-08-14 05:00:00,,1
2001-08-14 05:00:00,,5
2001-08-14 05:00:00,,2
2001-08-14 05:00:00,,3
2001-08-14 05:00:00,,4
2001-08-14 05:00:00,,6
2001-08-14 06:00:00,,7
2001-08-14 06:00:00,,8
2001-08-14 06:00:00,,12
2001-08-14 06:00:00,,11
2001-08-14 06:00:00,,9
2001-08-14 06:00:00,,10
2001-08-14 07:00:00,,23
2001-08-14 07:00:00,,22
2001-08-14 07:00:00,,19
2001-08-14 07:00:00,,24
2001-08-14 07:00:00,,21
2001-08-14 07:00:00,,20
2001-08-15 05:00:00,,17
2001-08-15 05:00:00,,13
2001-08-15 05:00:00,,14
2001-08-15 05:00:00,,16
2001-08-15 05:00:00,,18
2001-08-15 05:00:00,,15
2001-08-15 06:00:00,,6
2001-08-15 06:00:00,,1
2001-08-15 06:00:00,,5
2001-08-15 06:00:00,,2
2001-08-15 06:00:00,,4
2001-08-15 06:00:00,,3
2001-08-15 07:00:00,,11
2001-08-15 07:00:00,,8
2001-08-15 07:00:00,,10
2001-08-15 07:00:00,,7
2001-08-15 07:00:00,,9
2001-08-15 07:00:00,,12
2001-08-15 08:00:00,,22
2001-08-15 08:00:00,,19
2001-08-15 08:00:00,,20
2001-08-15 08:00:00,,23
2001-08-15 08:00:00,,21
2001-08-15 08:00:00,,24
2001-08-16 06:00:00,,14
2001-08-16 06:00:00,,16
2001-08-16 06:00:00,,13
2001-08-16 06:00:00,,18
2001-08-16 06:00:00,,15
2001-08-16 06:00:00,,17
2001-08-16 07:00:00,,1
2001-08-16 07:00:00,,5
2001-08-16 07:00:00,,3
2001-08-16 07:00:00,,2
2001-08-16 07:00:00,,4
2001-08-16 07:00:00,,6
2001-08-16 08:00:00,,9
2001-08-16 08:00:00,,11
2001-08-16 08:00:00,,7
2001-08-16 08:00:00,,12
2001-08-16 08:00:00,,8
2001-08-16 08:00:00,,10
2001-08-16 09:00:00,,21
2001-08-16 09:00:00,,22
2001-08-16 09:00:00,,23
2001-08-16 09:00:00,,24
2001-08-16 09:00:00,,19
2001-08-16 09:00:00,,20
2001-08-17 07:00:00,,15
2001-08-17 07:00:00,,16
2001-08-17 07:00:00,,17
2001-08-17 07:00:00,,13
2001-08-17 07:00:00,,18
2001-08-17 07:00:00,,14
2001-08-17 08:00:00,,6
2001-08-17 08:00:00,,1
2001-08-17 08:00:00,,5
2001-08-17 08:00:00,,2
2001-08-17 08:00:00,,3
2001-08-17 08:00:00,,4
2001-08-17 09:00:00,,11
2001-08-17 09:00:00,,12
2001-08-17 09:00:00,,8
2001-08-17 09:00:00,,7
2001-08-17 09:00:00,,10
2001-08-17 09:00:00,,9
2001-08-17 10:00:00,,24
2001-08-17 10:00:00,,20
2001-08-17 10:00:00,,22
2001-08-17 10:00:00,,19
2001-08-17 10:00:00,,23
2001-08-17 10:00:00,,21
2001-08-18 08:00:00,,15
2001-08-18 08:00:00,,16
2001-08-18 08:00:00,,18
2001-08-18 08:00:00,,14
2001-08-18 08:00:00,,13
2001-08-18 08:00:00,,17
2001-08-18 09:00:00,,1
2001-08-18 09:00:00,,4
2001-08-18 09:00:00,,3
2001-08-18 09:00:00,,6
2001-08-18 09:00:00,,5
2001-08-18 09:00:00,,2
2001-08-18 10:00:00,,12
2001-08-18 10:00:00,,11
2001-08-18 10:00:00,,8
2001-08-18 10:00:00,,10
2001-08-18 10:00:00,,7
2001-08-18 10:00:00,,9
2001-08-18 11:00:00,,20
2001-08-18 11:00:00,,23
2001-08-18 11:00:00,,24
2001-08-18 11:00:00,,22
2001-08-18 11:00:00,,21
2001-08-18 11:00:00,,19
2001-08-19 09:00:00,,18
2001-08-19 09:00:00,,16
2001-08-19 09:00:00,,15
2001-08-19 09:00:00,,14
2001-08-19 09:00:00,,17
2001-08-19 09:00:00,,13
2001-08-19 10:00:00,,1
2001-08-19 10:00:00,,5
2001-08-19 10:00:00,,6
2001-08-19 10:00:00,,4
2001-08-19 10:00:00,,2
2001-08-19 10:00:00,,3
2001-08-19 11:00:00,,9
2001-08-19 11:00:00,,8
2001-08-19 11:00:00,,7
2001-08-19 11:00:00,,11
2001-08-19 11:00:00,,10
2001-08-19 11:00:00,,12
2001-08-19 12:00:00,,20
2001-08-19 12:00:00,,21
2001-08-19 12:00:00,,24
2001-08-19 12:00:00,,22
2001-08-19 12:00:00,,19
2001-08-19 12:00:00,,23
2001-08-20 10:00:00,,16
2001-08-20 10:00:00,,17
2001-08-20 10:00:00,,15
2001-08-20 10:00:00,,14
2001-08-20 10:00:00,,13
2001-08-20 10:00:00,,18
2001-08-20 11:00:00,,6
2001-08-20 11:00:00,,1
2001-08-20 11:00:00,,2
2001-08-20 11:00:00,,5
2001-08-20 11:00:00,,3
2001-08-20 11:00:00,,4
2001-08-20 12:00:00,,7
2001-08-20 12:00:00,,11
2001-08-20 12:00:00,,8
2001-08-20 12:00:00,,10
2001-08-20 12:00:00,,9
2001-08-20 12:00:00,,12
2001-08-20 13:00:00,,24
2001-08-20 13:00:00,,22
2001-08-20 13:00:00,,20
2001-08-20 13:00:00,,21
2001-08-20 13:00:00,,23
2001-08-20 13:00:00,,19
2001-08-21 11:00:00,,18
2001-08-21 11:00:00,,17
2001-08-21 11:00:00,,16
2001-08-21 11:00:00,,13
2001-08-21 11:00:00,,14
2001-08-21 11:00:00,,15
2001-08-21 12:00:00,,2
2001-08-21 12:00:00,,4
2001-08-21 12:00:00,,3
2001-08-21 12:00:00,,6
2001-08-21 12:00:00,,1
2001-08-21 12:00:00,,5
2001-08-21 13:00:00,,11
2001-08-21 13:00:00,,9
2001-08-21 13:00:00,,8
2001-08-21 13:00:00,,12
2001-08-21 13:00:00,,7
2001-08-21 13:00:00,,10
2001-08-21 14:00:00,,24
2001-08-21 14:00:00,,19
2001-08-21 14:00:00,,23
2001-08-21 14:00:00,,20
2001-08-21 14:00:00,,21
2001-08-21 14:00:00,,22
2001-08-22 12:00:00,,18
2001-08-22 12:00:00,,16
2001-08-22 12:00:00,,14
2001-08-22 12:00:00,,15
2001-08-22 12:00:00,,17
2001-08-22 12:00:00,,13
2001-08-22 13:00:00,,2
2001-08-22 13:00:00,,6
2001-08-22 13:00:00,,5
2001-08-22 13:00:00,,3
2001-08-22 13:00:00,,4
2001-08-22 13:00:00,,1
2001-08-22 14:00:00,,12
2001-08-22 14:00:00,,9
2001-08-22 14:00:00,,8
2001-08-22 14:00:00,,7
2001-08-22 14:00:00,,11
2001-08-22 14:00:00,,10
2001-08-22 15:00:00,,23
2001-08-22 15:00:00,,24
2001-08-22 15:00:00,,19
2001-08-22 15:00:00,,22
2001-08-22 15:00:00,,20
2001-08-22 15:00:00,,21
2001-08-23 13:00:00,,16
2001-08-23 13:00:00,,13
2001-08-23 13:00:00,,14
2001-08-23 13:00:00,,18
2001-08-23 13:00:00,,17
2001-08-23 13:00:00,,15
2001-08-23 14:00:00,,3
2001-08-23 14:00:00,,5
2001-08-23 14:00:00,,2
2001-08-23 14:00:00,,1
2001-08-23 14:00:00,,4
2001-08-23 14:00:00,,6
2001-08-23 15:00:00,,12
2001-08-23 15:00:00,,9
2001-08-23 15:00:00,,10
2001-08-23 15:00:00,,8
2001-08-23 15:00:00,,11
2001-08-23 15:00:00,,7
2001-08-23 16:00:00,,21
2001-08-23 16:00:00,,20
2001-08-23 16:00:00,,22
2001-08-23 16:00:00,,23
2001-08-23 16:00:00,,19
2001-08-23 16:00:00,,24
2001-08-24 14:00:00,,15
2001-08-24 14:00:00,,18
2001-08-24 14:00:00,,16
2001-08-24 14:00:00,,14
2001-08-24 14:00:00,,17
2001-08-24 14:00:00,,13
2001-08-24 15:00:00,,3
2001-08-24 15:00:00,,4
2001-08-24 15:00:00,,2
2001-08-24 15:00:00,,6
2001-08-24 15:00:00,,1
2001-08-24 15:00:00,,5
2001-08-24 16:00:00,,8
2001-08-24 16:00:00,,9
2001-08-24 16:00:00,,11
2001-08-24 16:00:00,,12
2001-08-24 16:00:00,,7
2001-08-24 16:00:00,,10
2001-08-24 17:00:00,,23
2001-08-24 17:00:00,,21
2001-08-24 17:00:00,,20
2001-08-24 17:00:00,,22
2001-08-24 17:00:00,,24
2001-08-24 17:00:00,,19
2001-08-25 15:00:00,,17
2001-08-25 15:00:00,,14
2001-08-25 15:00:00,,16
2001-08-25 15:00:00,,13
2001-08-25 15:00:00,,18
2001-08-25 15:00:00,,15
2001-08-25 16:00:00,,2
2001-08-25 16:00:00,,3
2001-08-25 16:00:00,,6
2001-08-25 16:00:00,,4
2001-08-25 16:00:00,,1
2001-08-25 16:00:00,,5
2001-08-25 17:00:00,,12
2001-08-25 17:00:00,,8
2001-08-25 17:00:00,,7
2001-08-25 17:00:00,,11
2001-08-25 17:00:00,,10
2001-08-25 17:00:00,,9
2001-08-25 18:00:00,,19
2001-08-25 18:00:00,,24
2001-08-25 18:00:00,,20
2001-08-25 18:00:00,,22
2001-08-25 18:00:00,,21
2001-08-25 18:00:00,,23
2001-08-26 16:00:00,,15
2001-08-26 16:00:00,,18
2001-08-26 16:00:00,,13
2001-08-26 16:00:00,,16
2001-08-26 16:00:00,,17
2001-08-26 16:00:00,,14
2001-08-26 17:00:00,,3
2001-08-26 17:00:00,,6
2001-08-26 17:00:00,,5
2001-08-26 17:00:00,,2
2001-08-26 17:00:00,,1
2001-08-26 17:00:00,,4
2001-08-26 18:00:00,,7
2001-08-26 18:00:00,,11
2001-08-26 18:00:00,,8
2001-08-26 18:00:00,,9
2001-08-26 18:00:00,,10
2001-08-26 18:00:00,,12
2001-08-26 19:00:00,,24
2001-08-26 19:00:00,,19
2001-08-26 19:00:00,,22
2001-08-26 19:00:00,,21
2001-08-26 19:00:00,,23
2001-08-26 19:00:00,,20
2001-08-27 17:00:00,,16
2001-08-27 17:00:00,,15
2001-08-27 17:00:00,,18
2001-08-27 17:00:00,,14
2001-08-27 17:00:00,,17
2001-08-27 17:00:00,,13
2001-08-27 18:00:00,,1
2001-08-27 18:00:00,,5
2001-08-27 18:00:00,,3
2001-08-27 18:00:00,,4
2001-08-27 18:00:00,,6
2001-08-27 18:00:00,,2
2001-08-27 19:00:00,,9
2001-08-27 19:00:00,,7
2001-08-27 19:00:00,,11
2001-08-27 19:00:00,,8
2001-08-27 19:00:00,,12
2001-08-27 19:00:00,,10
2001-08-27 20:00:00,,19
2001-08-27 20:00:00,,20
2001-08-27 20:00:00,,22
2001-08-27 20:00:00,,23
2001-08-27 20:00:00,,24
2001-08-27 20:00:00,,21
2001-08-28 18:00:00,,13
2001-08-28 18:00:00,,16
2001-08-28 18:00:00,,18
2001-08-28 18:00:00,,14
2001-08-28 18:00:00,,15
2001-08-28 18:00:00,,17
2001-08-28 19:00:00,,5
2001-08-28 19:00:00,,6
2001-08-28 19:00:00,,2
2001-08-28 19:00:00,,3
2001-08-28 19:00:00,,1
2001-08-28 19:00:00,,4
2001-08-28 20:00:00,,9
2001-08-28 20:00:00,,7
2001-08-28 20:00:00,,8
2001-08-28 20:00:00,,11
2001-08-28 20:00:00,,10
2001-08-28 20:00:00,,12
2001-08-28 21:00:00,,20
2001-08-28 21:00:00,,23
2001-08-28 21:00:00,,19
2001-08-28 21:00:00,,24
2001-08-28 21:00:00,,21
2001-08-28 21:00:00,,22
2001-08-29 19:00:00,,16
2001-08-29 19:00:00,,14
2001-08-29 19:00:00,,15
2001-08-29 19:00:00,,18
2001-08-29 19:00:00,,17
2001-08-29 19:00:00,,13
2001-08-29 20:00:00,,3
2001-08-29 20:00:00,,2
2001-08-29 20:00:00,,4
2001-08-29 20:00:00,,6
2001-08-29 20:00:00,,5
2001-08-29 20:00:00,,1
2001-08-29 21:00:00,,11
2001-08-29 21:00:00,,12
2001-08-29 21:00:00,,8
2001-08-29 21:00:00,,10
2001-08-29 21:00:00,,7
2001-08-29 21:00:00,,9
2001-08-29 22:00:00,,21
2001-08-29 22:00:00,,20
2001-08-29 22:00:00,,23
2001-08-29 22:00:00,,24
2001-08-29 22:00:00,,22
2001-08-29 22:00:00,,19
2001-08-30 20:00:00,,13
2001-08-30 20:00:00,,18
2001-08-30 20:00:00,,15
2001-08-30 20:00:00,,17
2001-08-30 20:00:00,,14
2001-08-30 20:00:00,,16
2001-08-30 21:00:00,,6
2001-08-30 21:00:00,,3
2001-08-30 21:00:00,,2
2001-08-30 21:00:00,,5
2001-08-30 21:00:00,,4
2001-08-30 21:00:00,,1
2001-08-30 22:00:00,,10
2001-08-30 22:00:00,,8
2001-08-30 22:00:00,,9
2001-08-30 22:00:00,,12
2001-08-30 22:00:00,,11
2001-08-30 22:00:00,,7
2001-08-30 23:00:00,,23
2001-08-30 23:00:00,,19
2001-08-30 23:00:00,,21
2001-08-30 23:00:00,,22
2001-08-30 23:00:00,,20
2001-08-30 23:00:00,,24
2001-08-31 00:00:00,,23
2001-08-31 00:00:00,,21
2001-08-31 00:00:00,,19
2001-08-31 00:00:00,,20
2001-08-31 00:00:00,,24
2001-08-31 00:00:00,,22
2001-08-31 21:00:00,,16
2001-08-31 21:00:00,,18
2001-08-31 21:00:00,,14
2001-08-31 21:00:00,,15
2001-08-31 21:00:00,,17
2001-08-31 21:00:00,,13
2001-08-31 22:00:00,,1
2001-08-31 22:00:00,,4
2001-08-31 22:00:00,,6
2001-08-31 22:00:00,,2
2001-08-31 22:00:00,,5
2001-08-31 22:00:00,,3
2001-08-31 23:00:00,,12
2001-08-31 23:00:00,,7
2001-08-31 23:00:00,,10
2001-08-31 23:00:00,,8
2001-08-31 23:00:00,,11
2001-08-31 23:00:00,,9
2001-09-01 00:00:00,,7
2001-09-01 00:00:00,,10
2001-09-01 00:00:00,,8
2001-09-01 00:00:00,,12
2001-09-01 00:00:00,,11
2001-09-01 00:00:00,,9
2001-09-01 01:00:00,,22
2001-09-01 01:00:00,,20
2001-09-01 01:00:00,,24
2001-09-01 01:00:00,,23
2001-09-01 01:00:00,,19
2001-09-01 01:00:00,,21
2001-09-01 22:00:00,,13
2001-09-01 22:00:00,,18
2001-09-01 22:00:00,,15
2001-09-01 22:00:00,,16
2001-09-01 22:00:00,,14
2001-09-01 22:00:00,,17
2001-09-01 23:00:00,,2
2001-09-01 23:00:00,,3
2001-09-01 23:00:00,,4
2001-09-01 23:00:00,,1
2001-09-01 23:00:00,,6
2001-09-01 23:00:00,,5
2001-09-02 00:00:00,,2
2001-09-02 00:00:00,,4
2001-09-02 00:00:00,,1
2001-09-02 00:00:00,,3
2001-09-02 00:00:00,,5
2001-09-02 00:00:00,,6
2001-09-02 01:00:00,,7
2001-09-02 01:00:00,,8
2001-09-02 01:00:00,,9
2001-09-02 01:00:00,,11
2001-09-02 01:00:00,,12
2001-09-02 01:00:00,,10
2001-09-02 02:00:00,,20
2001-09-02 02:00:00,,23
2001-09-02 02:00:00,,22
2001-09-02 02:00:00,,24
2001-09-02 02:00:00,,19
2001-09-02 02:00:00,,21
2001-09-02 23:00:00,,15
2001-09-02 23:00:00,,13
2001-09-02 23:00:00,,14
2001-09-02 23:00:00,,16
2001-09-02 23:00:00,,17
2001-09-02 23:00:00,,18
2001-09-03 00:00:00,,18
2001-09-03 00:00:00,,16
2001-09-03 00:00:00,,13
2001-09-03 00:00:00,,15
2001-09-03 00:00:00,,14
2001-09-03 00:00:00,,17
2001-09-03 01:00:00,,1
2001-09-03 01:00:00,,5
2001-09-03 01:00:00,,4
2001-09-03 01:00:00,,3
2001-09-03 01:00:00,,6
2001-09-03 01:00:00,,2
2001-09-03 02:00:00,,8
2001-09-03 02:00:00,,11
2001-09-03 02:00:00,,7
2001-09-03 02:00:00,,9
2001-09-03 02:00:00,,12
2001-09-03 02:00:00,,10
2001-09-03 03:00:00,,20
2001-09-03 03:00:00,,21
2001-09-03 03:00:00,,19
2001-09-03 03:00:00,,23
2001-09-03 03:00:00,,22
2001-09-03 03:00:00,,24
2001-09-04 01:00:00,,14
2001-09-04 01:00:00,,17
2001-09-04 01:00:00,,15
2001-09-04 01:00:00,,18
2001-09-04 01:00:00,,13
2001-09-04 01:00:00,,16
2001-09-04 02:00:00,,3
2001-09-04 02:00:00,,2
2001-09-04 02:00:00,,5
2001-09-04 02:00:00,,6
2001-09-04 02:00:00,,4
2001-09-04 02:00:00,,1
2001-09-04 03:00:00,,10
2001-09-04 03:00:00,,8
2001-09-04 03:00:00,,12
2001-09-04 03:00:00,,11
2001-09-04 03:00:00,,9
2001-09-04 03:00:00,,7
2001-09-04 04:00:00,,23
2001-09-04 04:00:00,,24
2001-09-04 04:00:00,,22
2001-09-04 04:00:00,,19
2001-09-04 04:00:00,,20
2001-09-04 04:00:00,,21
2001-09-05 02:00:00,,15
2001-09-05 02:00:00,,13
2001-09-05 02:00:00,,17
2001-09-05 02:00:00,,14
2001-09-05 02:00:00,,16
2001-09-05 02:00:00,,18
2001-09-05 03:00:00,,2
2001-09-05 03:00:00,,1
2001-09-05 03:00:00,,6
2001-09-05 03:00:00,,3
2001-09-05 03:00:00,,4
2001-09-05 03:00:00,,5
2001-09-05 04:00:00,,9
2001-09-05 04:00:00,,12
2001-09-05 04:00:00,,8
2001-09-05 04:00:00,,7
2001-09-05 04:00:00,,11
2001-09-05 04:00:00,,10
2001-09-05 05:00:00,,20
2001-09-05 05:00:00,,22
2001-09-05 05:00:00,,24
2001-09-05 05:00:00,,23
2001-09-05 05:00:00,,19
2001-09-05 05:00:00,,21
2001-09-06 03:00:00,,13
2001-09-06 03:00:00,,16
2001-09-06 03:00:00,,15
2001-09-06 03:00:00,,17
2001-09-06 03:00:00,,18
2001-09-06 03:00:00,,14
2001-09-06 04:00:00,,1
2001-09-06 04:00:00,,14
2001-09-06 04:00:00,,3
2001-09-06 04:00:00,,17
2001-09-06 04:00:00,,16
2001-09-06 04:00:00,,13
2001-09-06 04:00:00,,5
2001-09-06 04:00:00,,6
2001-09-06 04:00:00,,18
2001-09-06 04:00:00,,2
2001-09-06 04:00:00,,15
2001-09-06 04:00:00,,4
2001-09-06 05:00:00,,4
2001-09-06 05:00:00,,8
2001-09-06 05:00:00,,1
2001-09-06 05:00:00,,10
2001-09-06 05:00:00,,9
2001-09-06 05:00:00,,6
2001-09-06 05:00:00,,2
2001-09-06 05:00:00,,5
2001-09-06 05:00:00,,12
2001-09-06 05:00:00,,3
2001-09-06 05:00:00,,11
2001-09-06 05:00:00,,7
2001-09-06 06:00:00,,2
2001-09-06 06:00:00,,23
2001-09-06 06:00:00,,22
2001-09-06 06:00:00,,4
2001-09-06 06:00:00,,21
2001-09-06 06:00:00,,19
2001-09-06 06:00:00,,20
2001-09-06 06:00:00,,1
2001-09-06 06:00:00,,24
2001-09-06 06:00:00,,5
2001-09-06 06:00:00,,6
2001-09-06 06:00:00,,3
2001-09-07 05:00:00,,15
2001-09-07 05:00:00,,14
2001-09-07 05:00:00,,18
2001-09-07 05:00:00,,13
2001-09-07 05:00:00,,16
2001-09-07 05:00:00,,17
2001-09-07 06:00:00,,7
2001-09-07 06:00:00,,12
2001-09-07 06:00:00,,11
2001-09-07 06:00:00,,10
2001-09-07 06:00:00,,8
2001-09-07 06:00:00,,9
2001-09-07 07:00:00,,2
2001-09-07 07:00:00,,3
2001-09-07 07:00:00,,19
2001-09-07 07:00:00,,6
2001-09-07 07:00:00,,1
2001-09-07 07:00:00,,23
2001-09-07 07:00:00,,20
2001-09-07 07:00:00,,24
2001-09-07 07:00:00,,22
2001-09-07 07:00:00,,21
2001-09-07 07:00:00,,5
2001-09-07 07:00:00,,4
2001-09-07 08:00:00,,3
2001-09-07 08:00:00,,6
2001-09-07 08:00:00,,5
2001-09-07 08:00:00,,4
2001-09-07 08:00:00,,1
2001-09-07 08:00:00,,2
2001-09-08 06:00:00,,18
2001-09-08 06:00:00,,17
2001-09-08 06:00:00,,16
2001-09-08 06:00:00,,15
2001-09-08 06:00:00,,13
2001-09-08 06:00:00,,14
2001-09-08 07:00:00,,9
2001-09-08 07:00:00,,7
2001-09-08 07:00:00,,10
2001-09-08 07:00:00,,12
2001-09-08 07:00:00,,11
2001-09-08 07:00:00,,8
2001-09-08 08:00:00,,19
2001-09-08 08:00:00,,22
2001-09-08 08:00:00,,21
2001-09-08 08:00:00,,20
2001-09-08 08:00:00,,23
2001-09-08 08:00:00,,24
2001-09-08 09:00:00,,6
2001-09-08 09:00:00,,1
2001-09-08 09:00:00,,2
2001-09-08 09:00:00,,5
2001-09-08 09:00:00,,3
2001-09-08 09:00:00,,4
2001-09-09 07:00:00,,17
2001-09-09 07:00:00,,18
2001-09-09 07:00:00,,13
2001-09-09 07:00:00,,16
2001-09-09 07:00:00,,14
2001-09-09 07:00:00,,15
2001-09-09 08:00:00,,11
2001-09-09 08:00:00,,7
2001-09-09 08:00:00,,9
2001-09-09 08:00:00,,10
2001-09-09 08:00:00,,8
2001-09-09 08:00:00,,12
2001-09-09 09:00:00,,21
2001-09-09 09:00:00,,19
2001-09-09 09:00:00,,20
2001-09-09 09:00:00,,22
2001-09-09 09:00:00,,24
2001-09-09 09:00:00,,23
2001-09-09 10:00:00,,1
2001-09-09 10:00:00,,3
2001-09-09 10:00:00,,6
2001-09-09 10:00:00,,5
2001-09-09 10:00:00,,2
2001-09-09 10:00:00,,4
2001-09-10 08:00:00,,15
2001-09-10 08:00:00,,17
2001-09-10 08:00:00,,18
2001-09-10 08:00:00,,13
2001-09-10 08:00:00,,16
2001-09-10 08:00:00,,14
2001-09-10 09:00:00,,11
2001-09-10 09:00:00,,7
2001-09-10 09:00:00,,12
2001-09-10 09:00:00,,8
2001-09-10 09:00:00,,9
2001-09-10 09:00:00,,10
2001-09-10 10:00:00,,22
2001-09-10 10:00:00,,19
2001-09-10 10:00:00,,23
2001-09-10 10:00:00,,24
2001-09-10 10:00:00,,20
2001-09-10 10:00:00,,21
2001-09-10 11:00:00,,1
2001-09-10 11:00:00,,6
2001-09-10 11:00:00,,2
2001-09-10 11:00:00,,5
2001-09-10 11:00:00,,4
2001-09-10 11:00:00,,3
2001-09-11 09:00:00,,17
2001-09-11 09:00:00,,13
2001-09-11 09:00:00,,16
2001-09-11 09:00:00,,14
2001-09-11 09:00:00,,15
2001-09-11 09:00:00,,18
2001-09-11 10:00:00,,11
2001-09-11 10:00:00,,7
2001-09-11 10:00:00,,12
2001-09-11 10:00:00,,10
2001-09-11 10:00:00,,9
2001-09-11 10:00:00,,8
2001-09-11 11:00:00,,24
2001-09-11 11:00:00,,23
2001-09-11 11:00:00,,19
2001-09-11 11:00:00,,21
2001-09-11 11:00:00,,22
2001-09-11 11:00:00,,20
2001-09-11 12:00:00,,5
2001-09-11 12:00:00,,6
2001-09-11 12:00:00,,4
2001-09-11 12:00:00,,3
2001-09-11 12:00:00,,1
2001-09-11 12:00:00,,2
2001-09-12 10:00:00,,18
2001-09-12 10:00:00,,13
2001-09-12 10:00:00,,17
2001-09-12 10:00:00,,15
2001-09-12 10:00:00,,16
2001-09-12 10:00:00,,14
2001-09-12 11:00:00,,7
2001-09-12 11:00:00,,12
2001-09-12 11:00:00,,11
2001-09-12 11:00:00,,9
2001-09-12 11:00:00,,10
2001-09-12 11:00:00,,8
2001-09-12 12:00:00,,24
2001-09-12 12:00:00,,20
2001-09-12 12:00:00,,21
2001-09-12 12:00:00,,19
2001-09-12 12:00:00,,22
2001-09-12 12:00:00,,23
2001-09-12 13:00:00,,6
2001-09-12 13:00:00,,3
2001-09-12 13:00:00,,2
2001-09-12 13:00:00,,1
2001-09-12 13:00:00,,4
2001-09-12 13:00:00,,5
2001-09-13 11:00:00,,16
2001-09-13 11:00:00,,17
2001-09-13 11:00:00,,18
2001-09-13 11:00:00,,15
2001-09-13 11:00:00,,14
2001-09-13 11:00:00,,13
2001-09-13 12:00:00,,7
2001-09-13 12:00:00,,11
2001-09-13 12:00:00,,9
2001-09-13 12:00:00,,8
2001-09-13 12:00:00,,12
2001-09-13 12:00:00,,10
2001-09-13 13:00:00,,20
2001-09-13 13:00:00,,23
2001-09-13 13:00:00,,21
2001-09-13 13:00:00,,24
2001-09-13 13:00:00,,22
2001-09-13 13:00:00,,19
2001-09-13 14:00:00,,6
2001-09-13 14:00:00,,5
2001-09-13 14:00:00,,1
2001-09-13 14:00:00,,4
2001-09-13 14:00:00,,3
2001-09-13 14:00:00,,2
2001-09-14 12:00:00,,16
2001-09-14 12:00:00,,13
2001-09-14 12:00:00,,15
2001-09-14 12:00:00,,14
2001-09-14 12:00:00,,18
2001-09-14 12:00:00,,17
2001-09-14 13:00:00,,11
2001-09-14 13:00:00,,7
2001-09-14 13:00:00,,9
2001-09-14 13:00:00,,10
2001-09-14 13:00:00,,12
2001-09-14 13:00:00,,8
2001-09-14 14:00:00,,24
2001-09-14 14:00:00,,23
2001-09-14 14:00:00,,20
2001-09-14 14:00:00,,19
2001-09-14 14:00:00,,22
2001-09-14 14:00:00,,21
2001-09-14 15:00:00,,5
2001-09-14 15:00:00,,4
2001-09-14 15:00:00,,1
2001-09-14 15:00:00,,3
2001-09-14 15:00:00,,2
2001-09-14 15:00:00,,6
2001-09-16 13:00:00,,16
2001-09-16 13:00:00,,18
2001-09-16 13:00:00,,14
2001-09-16 13:00:00,,17
2001-09-16 13:00:00,,15
2001-09-16 13:00:00,,13
2001-09-16 14:00:00,,11
2001-09-16 14:00:00,,10
2001-09-16 14:00:00,,7
2001-09-16 14:00:00,,9
2001-09-16 14:00:00,,12
2001-09-16 14:00:00,,8
2001-09-16 15:00:00,,23
2001-09-16 15:00:00,,21
2001-09-16 15:00:00,,20
2001-09-16 15:00:00,,22
2001-09-16 15:00:00,,24
2001-09-16 15:00:00,,19
2001-09-16 16:00:00,,6
2001-09-16 16:00:00,,4
2001-09-16 16:00:00,,3
2001-09-16 16:00:00,,2
2001-09-16 16:00:00,,5
2001-09-16 16:00:00,,1
2001-09-17 14:00:00,,17
2001-09-17 14:00:00,,14
2001-09-17 14:00:00,,13
2001-09-17 14:00:00,,15
2001-09-17 14:00:00,,18
2001-09-17 14:00:00,,16
2001-09-17 15:00:00,,7
2001-09-17 15:00:00,,8
2001-09-17 15:00:00,,9
2001-09-17 15:00:00,,10
2001-09-17 15:00:00,,11
2001-09-17 15:00:00,,12
2001-09-17 16:00:00,,24
2001-09-17 16:00:00,,19
2001-09-17 16:00:00,,23
2001-09-17 16:00:00,,21
2001-09-17 16:00:00,,20
2001-09-17 16:00:00,,22
2001-09-17 17:00:00,,2
2001-09-17 17:00:00,,5
2001-09-17 17:00:00,,1
2001-09-17 17:00:00,,4
2001-09-17 17:00:00,,3
2001-09-17 17:00:00,,6
2001-09-18 15:00:00,,17
2001-09-18 15:00:00,,14
2001-09-18 15:00:00,,15
2001-09-18 15:00:00,,13
2001-09-18 15:00:00,,16
2001-09-18 15:00:00,,18
2001-09-18 16:00:00,,12
2001-09-18 16:00:00,,7
2001-09-18 16:00:00,,11
2001-09-18 16:00:00,,8
2001-09-18 16:00:00,,9
2001-09-18 16:00:00,,10
2001-09-18 17:00:00,,19
2001-09-18 17:00:00,,24
2001-09-18 17:00:00,,22
2001-09-18 17:00:00,,23
2001-09-18 17:00:00,,21
2001-09-18 17:00:00,,20
2001-09-18 18:00:00,,1
2001-09-18 18:00:00,,3
2001-09-18 18:00:00,,4
2001-09-18 18:00:00,,6
2001-09-18 18:00:00,,2
2001-09-18 18:00:00,,5
2001-09-19 16:00:00,,18
2001-09-19 16:00:00,,14
2001-09-19 16:00:00,,13
2001-09-19 16:00:00,,16
2001-09-19 16:00:00,,17
2001-09-19 16:00:00,,15
2001-09-19 17:00:00,,8
2001-09-19 17:00:00,,11
2001-09-19 17:00:00,,10
2001-09-19 17:00:00,,7
2001-09-19 17:00:00,,9
2001-09-19 17:00:00,,12
2001-09-19 18:00:00,,21
2001-09-19 18:00:00,,19
2001-09-19 18:00:00,,24
2001-09-19 18:00:00,,20
2001-09-19 18:00:00,,22
2001-09-19 18:00:00,,23
2001-09-19 19:00:00,,6
2001-09-19 19:00:00,,5
2001-09-19 19:00:00,,3
2001-09-19 19:00:00,,4
2001-09-19 19:00:00,,1
2001-09-19 19:00:00,,2
2001-09-20 17:00:00,,16
2001-09-20 17:00:00,,18
2001-09-20 17:00:00,,17
2001-09-20 17:00:00,,15
2001-09-20 17:00:00,,13
2001-09-20 17:00:00,,14
2001-09-20 18:00:00,,8
2001-09-20 18:00:00,,9
2001-09-20 18:00:00,,10
2001-09-20 18:00:00,,12
2001-09-20 18:00:00,,7
2001-09-20 18:00:00,,11
2001-09-20 19:00:00,,21
2001-09-20 19:00:00,,19
2001-09-20 19:00:00,,24
2001-09-20 19:00:00,,22
2001-09-20 19:00:00,,20
2001-09-20 19:00:00,,23
2001-09-20 20:00:00,,2
2001-09-20 20:00:00,,3
2001-09-20 20:00:00,,5
2001-09-20 20:00:00,,4
2001-09-20 20:00:00,,1
2001-09-20 20:00:00,,6
2001-09-21 18:00:00,,18
2001-09-21 18:00:00,,14
2001-09-21 18:00:00,,13
2001-09-21 18:00:00,,16
2001-09-21 18:00:00,,17
2001-09-21 18:00:00,,15
2001-09-21 19:00:00,,11
2001-09-21 19:00:00,,7
2001-09-21 19:00:00,,10
2001-09-21 19:00:00,,8
2001-09-21 19:00:00,,9
2001-09-21 19:00:00,,12
2001-09-21 20:00:00,,24
2001-09-21 20:00:00,,22
2001-09-21 20:00:00,,20
2001-09-21 20:00:00,,19
2001-09-21 20:00:00,,23
2001-09-21 20:00:00,,21
2001-09-21 21:00:00,,2
2001-09-21 21:00:00,,4
2001-09-21 21:00:00,,3
2001-09-21 21:00:00,,6
2001-09-21 21:00:00,,1
2001-09-21 21:00:00,,5
2001-09-22 19:00:00,,15
2001-09-22 19:00:00,,13
2001-09-22 19:00:00,,17
2001-09-22 19:00:00,,14
2001-09-22 19:00:00,,18
2001-09-22 19:00:00,,16
2001-09-22 20:00:00,,11
2001-09-22 20:00:00,,12
2001-09-22 20:00:00,,8
2001-09-22 20:00:00,,9
2001-09-22 20:00:00,,10
2001-09-22 20:00:00,,7
2001-09-22 21:00:00,,22
2001-09-22 21:00:00,,20
2001-09-22 21:00:00,,23
2001-09-22 21:00:00,,19
2001-09-22 21:00:00,,21
2001-09-22 21:00:00,,24
2001-09-22 22:00:00,,6
2001-09-22 22:00:00,,4
2001-09-22 22:00:00,,2
2001-09-22 22:00:00,,3
2001-09-22 22:00:00,,1
2001-09-22 22:00:00,,5
2001-09-23 20:00:00,,17
2001-09-23 20:00:00,,14
2001-09-23 20:00:00,,15
2001-09-23 20:00:00,,18
2001-09-23 20:00:00,,13
2001-09-23 20:00:00,,16
2001-09-23 21:00:00,,10
2001-09-23 21:00:00,,11
2001-09-23 21:00:00,,12
2001-09-23 21:00:00,,8
2001-09-23 21:00:00,,7
2001-09-23 21:00:00,,9
2001-09-23 22:00:00,,20
2001-09-23 22:00:00,,23
2001-09-23 22:00:00,,22
2001-09-23 22:00:00,,21
2001-09-23 22:00:00,,19
2001-09-23 22:00:00,,24
2001-09-23 23:00:00,,5
2001-09-23 23:00:00,,3
2001-09-23 23:00:00,,6
2001-09-23 23:00:00,,1
2001-09-23 23:00:00,,4
2001-09-23 23:00:00,,2
2001-09-24 00:00:00,,4
2001-09-24 00:00:00,,6
2001-09-24 00:00:00,,3
2001-09-24 00:00:00,,2
2001-09-24 00:00:00,,1
2001-09-24 00:00:00,,5
2001-09-24 21:00:00,,17
2001-09-24 21:00:00,,16
2001-09-24 21:00:00,,15
2001-09-24 21:00:00,,14
2001-09-24 21:00:00,,18
2001-09-24 21:00:00,,13
2001-09-24 22:00:00,,9
2001-09-24 22:00:00,,11
2001-09-24 22:00:00,,8
2001-09-24 22:00:00,,10
2001-09-24 22:00:00,,12
2001-09-24 22:00:00,,7
2001-09-24 23:00:00,,24
2001-09-24 23:00:00,,21
2001-09-24 23:00:00,,23
2001-09-24 23:00:00,,20
2001-09-24 23:00:00,,22
2001-09-24 23:00:00,,19
2001-09-25 00:00:00,,23
2001-09-25 00:00:00,,20
2001-09-25 00:00:00,,19
2001-09-25 00:00:00,,22
2001-09-25 00:00:00,,24
2001-09-25 00:00:00,,21
2001-09-25 01:00:00,,3
2001-09-25 01:00:00,,6
2001-09-25 01:00:00,,2
2001-09-25 01:00:00,,4
2001-09-25 01:00:00,,1
2001-09-25 01:00:00,,5
2001-09-25 22:00:00,,15
2001-09-25 22:00:00,,16
2001-09-25 22:00:00,,13
2001-09-25 22:00:00,,18
2001-09-25 22:00:00,,14
2001-09-25 22:00:00,,17
2001-09-25 23:00:00,,8
2001-09-25 23:00:00,,9
2001-09-25 23:00:00,,10
2001-09-25 23:00:00,,11
2001-09-25 23:00:00,,7
2001-09-25 23:00:00,,12
2001-09-26 00:00:00,,11
2001-09-26 00:00:00,,10
2001-09-26 00:00:00,,9
2001-09-26 00:00:00,,12
2001-09-26 00:00:00,,8
2001-09-26 00:00:00,,7
2001-09-26 01:00:00,,23
2001-09-26 01:00:00,,21
2001-09-26 01:00:00,,22
2001-09-26 01:00:00,,24
2001-09-26 01:00:00,,20
2001-09-26 01:00:00,,19
2001-09-26 02:00:00,,1
2001-09-26 02:00:00,,5
2001-09-26 02:00:00,,4
2001-09-26 02:00:00,,2
2001-09-26 02:00:00,,6
2001-09-26 02:00:00,,3
2001-09-26 23:00:00,,17
2001-09-26 23:00:00,,16
2001-09-26 23:00:00,,14
2001-09-26 23:00:00,,15
2001-09-26 23:00:00,,18
2001-09-26 23:00:00,,13
2001-09-27 00:00:00,,15
2001-09-27 00:00:00,,17
2001-09-27 00:00:00,,14
2001-09-27 00:00:00,,13
2001-09-27 00:00:00,,18
2001-09-27 00:00:00,,16
2001-09-27 01:00:00,,9
2001-09-27 01:00:00,,8
2001-09-27 01:00:00,,12
2001-09-27 01:00:00,,10
2001-09-27 01:00:00,,7
2001-09-27 01:00:00,,11
2001-09-27 02:00:00,,24
2001-09-27 02:00:00,,20
2001-09-27 02:00:00,,23
2001-09-27 02:00:00,,21
2001-09-27 02:00:00,,19
2001-09-27 02:00:00,,22
2001-09-27 03:00:00,,6
2001-09-27 03:00:00,,2
2001-09-27 03:00:00,,5
2001-09-27 03:00:00,,1
2001-09-27 03:00:00,,3
2001-09-27 03:00:00,,4
2001-09-28 01:00:00,,16
2001-09-28 01:00:00,,17
2001-09-28 01:00:00,,15
2001-09-28 01:00:00,,18
2001-09-28 01:00:00,,14
2001-09-28 01:00:00,,13
2001-09-28 02:00:00,,10
2001-09-28 02:00:00,,8
2001-09-28 02:00:00,,12
2001-09-28 02:00:00,,9
2001-09-28 02:00:00,,7
2001-09-28 02:00:00,,11
2001-09-28 03:00:00,,21
2001-09-28 03:00:00,,24
2001-09-28 03:00:00,,19
2001-09-28 03:00:00,,22
2001-09-28 03:00:00,,23
2001-09-28 03:00:00,,20
2001-09-28 04:00:00,,2
2001-09-28 04:00:00,,4
2001-09-28 04:00:00,,6
2001-09-28 04:00:00,,3
2001-09-28 04:00:00,,1
2001-09-28 04:00:00,,5
2001-09-29 02:00:00,,18
2001-09-29 02:00:00,,17
2001-09-29 02:00:00,,13
2001-09-29 02:00:00,,15
2001-09-29 02:00:00,,14
2001-09-29 02:00:00,,16
2001-09-29 03:00:00,,8
2001-09-29 03:00:00,,9
2001-09-29 03:00:00,,10
2001-09-29 03:00:00,,11
2001-09-29 03:00:00,,12
2001-09-29 03:00:00,,7
2001-09-29 04:00:00,,22
2001-09-29 04:00:00,,20
2001-09-29 04:00:00,,19
2001-09-29 04:00:00,,21
2001-09-29 04:00:00,,24
2001-09-29 04:00:00,,23
2001-09-29 05:00:00,,3
2001-09-29 05:00:00,,4
2001-09-29 05:00:00,,2
2001-09-29 05:00:00,,5
2001-09-29 05:00:00,,6
2001-09-29 05:00:00,,1
2001-09-30 03:00:00,,16
2001-09-30 03:00:00,,18
2001-09-30 03:00:00,,13
2001-09-30 03:00:00,,14
2001-09-30 03:00:00,,15
2001-09-30 03:00:00,,17
2001-09-30 04:00:00,,9
2001-09-30 04:00:00,,8
2001-09-30 04:00:00,,7
2001-09-30 04:00:00,,10
2001-09-30 04:00:00,,12
2001-09-30 04:00:00,,11
2001-09-30 05:00:00,,20
2001-09-30 05:00:00,,23
2001-09-30 05:00:00,,22
2001-09-30 05:00:00,,24
2001-09-30 05:00:00,,19
2001-09-30 05:00:00,,21
2001-09-30 06:00:00,,4
2001-09-30 06:00:00,,1
2001-09-30 06:00:00,,5
2001-09-30 06:00:00,,2
2001-09-30 06:00:00,,6
2001-09-30 06:00:00,,3
2001-10-01 04:00:00,,14
2001-10-01 04:00:00,,18
2001-10-01 04:00:00,,15
2001-10-01 04:00:00,,13
2001-10-01 04:00:00,,16
2001-10-01 04:00:00,,17
2001-10-01 05:00:00,,10
2001-10-01 05:00:00,,12
2001-10-01 05:00:00,,9
2001-10-01 05:00:00,,7
2001-10-01 05:00:00,,8
2001-10-01 05:00:00,,11
2001-10-01 06:00:00,,20
2001-10-01 06:00:00,,24
2001-10-01 06:00:00,,21
2001-10-01 06:00:00,,19
2001-10-01 06:00:00,,23
2001-10-01 06:00:00,,22
2001-10-01 07:00:00,,1
2001-10-01 07:00:00,,4
2001-10-01 07:00:00,,6
2001-10-01 07:00:00,,2
2001-10-01 07:00:00,,3
2001-10-01 07:00:00,,5
2001-10-02 06:00:00,,11
2001-10-02 06:00:00,,12
2001-10-02 06:00:00,,10
2001-10-02 06:00:00,,7
2001-10-02 06:00:00,,9
2001-10-02 06:00:00,,8
2001-10-02 07:00:00,,20
2001-10-02 07:00:00,,22
2001-10-02 07:00:00,,23
2001-10-02 07:00:00,,21
2001-10-02 07:00:00,,24
2001-10-02 07:00:00,,19
2001-10-02 08:00:00,,4
2001-10-02 08:00:00,,2
2001-10-02 08:00:00,,6
2001-10-02 08:00:00,,3
2001-10-02 08:00:00,,5
2001-10-02 08:00:00,,1
2001-10-03 07:00:00,,9
2001-10-03 07:00:00,,7
2001-10-03 07:00:00,,12
2001-10-03 07:00:00,,10
2001-10-03 07:00:00,,11
2001-10-03 07:00:00,,8
2001-10-03 08:00:00,,24
2001-10-03 08:00:00,,21
2001-10-03 08:00:00,,20
2001-10-03 08:00:00,,19
2001-10-03 08:00:00,,23
2001-10-03 08:00:00,,22
2001-10-03 09:00:00,,2
2001-10-03 09:00:00,,6
2001-10-03 09:00:00,,3
2001-10-03 09:00:00,,1
2001-10-03 09:00:00,,5
2001-10-03 09:00:00,,4
2001-10-04 08:00:00,,11
2001-10-04 08:00:00,,8
2001-10-04 08:00:00,,12
2001-10-04 08:00:00,,10
2001-10-04 08:00:00,,9
2001-10-04 08:00:00,,7
2001-10-04 09:00:00,,19
2001-10-04 09:00:00,,24
2001-10-04 09:00:00,,22
2001-10-04 09:00:00,,21
2001-10-04 09:00:00,,20
2001-10-04 09:00:00,,23
2001-10-04 10:00:00,,3
2001-10-04 10:00:00,,1
2001-10-04 10:00:00,,4
2001-10-04 10:00:00,,6
2001-10-04 10:00:00,,5
2001-10-04 10:00:00,,2
2001-10-05 09:00:00,,7
2001-10-05 09:00:00,,8
2001-10-05 09:00:00,,11
2001-10-05 09:00:00,,12
2001-10-05 09:00:00,,9
2001-10-05 09:00:00,,10
2001-10-05 10:00:00,,22
2001-10-05 10:00:00,,24
2001-10-05 10:00:00,,23
2001-10-05 10:00:00,,21
2001-10-05 10:00:00,,19
2001-10-05 10:00:00,,20
2001-10-05 11:00:00,,3
2001-10-05 11:00:00,,1
2001-10-05 11:00:00,,4
2001-10-05 11:00:00,,5
2001-10-05 11:00:00,,2
2001-10-05 11:00:00,,6
2001-10-06 10:00:00,,8
2001-10-06 10:00:00,,11
2001-10-06 10:00:00,,12
2001-10-06 10:00:00,,10
2001-10-06 10:00:00,,9
2001-10-06 10:00:00,,7
2001-10-06 11:00:00,,23
2001-10-06 11:00:00,,22
2001-10-06 11:00:00,,24
2001-10-06 11:00:00,,20
2001-10-06 11:00:00,,19
2001-10-06 11:00:00,,21
2001-10-06 12:00:00,,2
2001-10-06 12:00:00,,3
2001-10-06 12:00:00,,4
2001-10-06 12:00:00,,5
2001-10-06 12:00:00,,1
2001-10-06 12:00:00,,6
2001-10-07 11:00:00,,9
2001-10-07 11:00:00,,10
2001-10-07 11:00:00,,11
2001-10-07 11:00:00,,7
2001-10-07 11:00:00,,8
2001-10-07 11:00:00,,12
2001-10-07 12:00:00,,22
2001-10-07 12:00:00,,24
2001-10-07 12:00:00,,21
2001-10-07 12:00:00,,19
2001-10-07 12:00:00,,23
2001-10-07 12:00:00,,20
2001-10-07 13:00:00,,2
2001-10-07 13:00:00,,6
2001-10-07 13:00:00,,3
2001-10-07 13:00:00,,1
2001-10-07 13:00:00,,4
2001-10-07 13:00:00,,5
2001-10-08 12:00:00,,9
2001-10-08 12:00:00,,7
2001-10-08 12:00:00,,10
2001-10-08 12:00:00,,12
2001-10-08 12:00:00,,8
2001-10-08 12:00:00,,11
2001-10-08 13:00:00,,22
2001-10-08 13:00:00,,21
2001-10-08 13:00:00,,20
2001-10-08 13:00:00,,19
2001-10-08 13:00:00,,23
2001-10-08 13:00:00,,24
2001-10-08 14:00:00,,3
2001-10-08 14:00:00,,2
2001-10-08 14:00:00,,6
2001-10-08 14:00:00,,1
2001-10-08 14:00:00,,4
2001-10-08 14:00:00,,5
2001-10-09 05:00:00,,18
2001-10-09 05:00:00,,13
2001-10-09 05:00:00,,15
2001-10-09 05:00:00,,17
2001-10-09 05:00:00,,16
2001-10-09 05:00:00,,14
2001-10-09 13:00:00,,7
2001-10-09 13:00:00,,8
2001-10-09 13:00:00,,12
2001-10-09 13:00:00,,11
2001-10-09 13:00:00,,10
2001-10-09 13:00:00,,9
2001-10-09 14:00:00,,24
2001-10-09 14:00:00,,20
2001-10-09 14:00:00,,22
2001-10-09 14:00:00,,21
2001-10-09 14:00:00,,19
2001-10-09 14:00:00,,23
2001-10-09 15:00:00,,4
2001-10-09 15:00:00,,6
2001-10-09 15:00:00,,2
2001-10-09 15:00:00,,5
2001-10-09 15:00:00,,1
2001-10-09 15:00:00,,3
2001-10-10 06:00:00,,14
2001-10-10 06:00:00,,17
2001-10-10 06:00:00,,15
2001-10-10 06:00:00,,13
2001-10-10 06:00:00,,16
2001-10-10 06:00:00,,18
2001-10-10 14:00:00,,9
2001-10-10 14:00:00,,10
2001-10-10 14:00:00,,7
2001-10-10 14:00:00,,12
2001-10-10 14:00:00,,11
2001-10-10 14:00:00,,8
2001-10-10 15:00:00,,21
2001-10-10 15:00:00,,20
2001-10-10 15:00:00,,19
2001-10-10 15:00:00,,22
2001-10-10 15:00:00,,23
2001-10-10 15:00:00,,24
2001-10-10 16:00:00,,4
2001-10-10 16:00:00,,2
2001-10-10 16:00:00,,1
2001-10-10 16:00:00,,6
2001-10-10 16:00:00,,3
2001-10-10 16:00:00,,5
2001-10-11 15:00:00,,11
2001-10-11 15:00:00,,7
2001-10-11 15:00:00,,9
2001-10-11 15:00:00,,8
2001-10-11 15:00:00,,10
2001-10-11 15:00:00,,12
2001-10-11 16:00:00,,23
2001-10-11 16:00:00,,21
2001-10-11 16:00:00,,19
2001-10-11 16:00:00,,22
2001-10-11 16:00:00,,20
2001-10-11 16:00:00,,24
2001-10-11 17:00:00,,5
2001-10-11 17:00:00,,4
2001-10-11 17:00:00,,6
2001-10-11 17:00:00,,3
2001-10-11 17:00:00,,2
2001-10-11 17:00:00,,1
2001-10-12 07:00:00,,16
2001-10-12 07:00:00,,17
2001-10-12 07:00:00,,13
2001-10-12 07:00:00,,18
2001-10-12 07:00:00,,14
2001-10-12 07:00:00,,15
2001-10-12 16:00:00,,7
2001-10-12 16:00:00,,10
2001-10-12 16:00:00,,8
2001-10-12 16:00:00,,11
2001-10-12 16:00:00,,9
2001-10-12 16:00:00,,12
2001-10-12 17:00:00,,21
2001-10-12 17:00:00,,22
2001-10-12 17:00:00,,20
2001-10-12 17:00:00,,19
2001-10-12 17:00:00,,23
2001-10-12 17:00:00,,24
2001-10-12 18:00:00,,5
2001-10-12 18:00:00,,3
2001-10-12 18:00:00,,1
2001-10-12 18:00:00,,2
2001-10-12 18:00:00,,6
2001-10-12 18:00:00,,4
2001-10-13 08:00:00,,17
2001-10-13 08:00:00,,16
2001-10-13 08:00:00,,13
2001-10-13 08:00:00,,15
2001-10-13 08:00:00,,14
2001-10-13 08:00:00,,18
2001-10-13 17:00:00,,11
2001-10-13 17:00:00,,12
2001-10-13 17:00:00,,9
2001-10-13 17:00:00,,8
2001-10-13 17:00:00,,10
2001-10-13 17:00:00,,7
2001-10-13 18:00:00,,20
2001-10-13 18:00:00,,21
2001-10-13 18:00:00,,22
2001-10-13 18:00:00,,24
2001-10-13 18:00:00,,19
2001-10-13 18:00:00,,23
2001-10-13 19:00:00,,1
2001-10-13 19:00:00,,3
2001-10-13 19:00:00,,5
2001-10-13 19:00:00,,4
2001-10-13 19:00:00,,6
2001-10-13 19:00:00,,2
2001-10-14 09:00:00,,16
2001-10-14 09:00:00,,13
2001-10-14 09:00:00,,15
2001-10-14 09:00:00,,17
2001-10-14 09:00:00,,14
2001-10-14 09:00:00,,18
2001-10-14 18:00:00,,10
2001-10-14 18:00:00,,11
2001-10-14 18:00:00,,9
2001-10-14 18:00:00,,7
2001-10-14 18:00:00,,12
2001-10-14 18:00:00,,8
2001-10-14 19:00:00,,22
2001-10-14 19:00:00,,20
2001-10-14 19:00:00,,24
2001-10-14 19:00:00,,19
2001-10-14 19:00:00,,21
2001-10-14 19:00:00,,23
2001-10-14 20:00:00,,1
2001-10-14 20:00:00,,4
2001-10-14 20:00:00,,6
2001-10-14 20:00:00,,5
2001-10-14 20:00:00,,2
2001-10-14 20:00:00,,3
2001-10-15 10:00:00,,13
2001-10-15 10:00:00,,16
2001-10-15 10:00:00,,14
2001-10-15 10:00:00,,17
2001-10-15 10:00:00,,15
2001-10-15 10:00:00,,18
2001-10-15 19:00:00,,9
2001-10-15 19:00:00,,7
2001-10-15 19:00:00,,11
2001-10-15 19:00:00,,12
2001-10-15 19:00:00,,8
2001-10-15 19:00:00,,10
2001-10-15 20:00:00,,23
2001-10-15 20:00:00,,21
2001-10-15 20:00:00,,22
2001-10-15 20:00:00,,19
2001-10-15 20:00:00,,20
2001-10-15 20:00:00,,24
2001-10-15 21:00:00,,6
2001-10-15 21:00:00,,1
2001-10-15 21:00:00,,4
2001-10-15 21:00:00,,5
2001-10-15 21:00:00,,2
2001-10-15 21:00:00,,3
2001-10-16 11:00:00,,13
2001-10-16 11:00:00,,18
2001-10-16 11:00:00,,14
2001-10-16 11:00:00,,16
2001-10-16 11:00:00,,17
2001-10-16 11:00:00,,15
2001-10-16 20:00:00,,10
2001-10-16 20:00:00,,7
2001-10-16 20:00:00,,12
2001-10-16 20:00:00,,8
2001-10-16 20:00:00,,11
2001-10-16 20:00:00,,9
2001-10-16 21:00:00,,22
2001-10-16 21:00:00,,20
2001-10-16 21:00:00,,24
2001-10-16 21:00:00,,23
2001-10-16 21:00:00,,21
2001-10-16 21:00:00,,19
2001-10-16 22:00:00,,4
2001-10-16 22:00:00,,5
2001-10-16 22:00:00,,2
2001-10-16 22:00:00,,1
2001-10-16 22:00:00,,6
2001-10-16 22:00:00,,3
2001-10-17 12:00:00,,13
2001-10-17 12:00:00,,15
2001-10-17 12:00:00,,16
2001-10-17 12:00:00,,14
2001-10-17 12:00:00,,18
2001-10-17 12:00:00,,17
2001-10-17 21:00:00,,12
2001-10-17 21:00:00,,8
2001-10-17 21:00:00,,11
2001-10-17 21:00:00,,10
2001-10-17 21:00:00,,9
2001-10-17 21:00:00,,7
2001-10-17 22:00:00,,21
2001-10-17 22:00:00,,20
2001-10-17 22:00:00,,22
2001-10-17 22:00:00,,23
2001-10-17 22:00:00,,19
2001-10-17 22:00:00,,24
2001-10-17 23:00:00,,4
2001-10-17 23:00:00,,3
2001-10-17 23:00:00,,1
2001-10-17 23:00:00,,6
2001-10-17 23:00:00,,5
2001-10-17 23:00:00,,2
2001-10-18 00:00:00,,3
2001-10-18 00:00:00,,4
2001-10-18 00:00:00,,5
2001-10-18 00:00:00,,1
2001-10-18 00:00:00,,2
2001-10-18 00:00:00,,6
2001-10-18 13:00:00,,16
2001-10-18 13:00:00,,15
2001-10-18 13:00:00,,17
2001-10-18 13:00:00,,18
2001-10-18 13:00:00,,14
2001-10-18 13:00:00,,13
2001-10-18 22:00:00,,12
2001-10-18 22:00:00,,8
2001-10-18 22:00:00,,11
2001-10-18 22:00:00,,7
2001-10-18 22:00:00,,9
2001-10-18 22:00:00,,10
2001-10-18 23:00:00,,20
2001-10-18 23:00:00,,24
2001-10-18 23:00:00,,19
2001-10-18 23:00:00,,22
2001-10-18 23:00:00,,21
2001-10-18 23:00:00,,23
2001-10-19 00:00:00,,21
2001-10-19 00:00:00,,23
2001-10-19 00:00:00,,20
2001-10-19 00:00:00,,22
2001-10-19 00:00:00,,24
2001-10-19 00:00:00,,19
2001-10-19 01:00:00,,3
2001-10-19 01:00:00,,1
2001-10-19 01:00:00,,4
2001-10-19 01:00:00,,5
2001-10-19 01:00:00,,2
2001-10-19 01:00:00,,6
2001-10-19 14:00:00,,13
2001-10-19 14:00:00,,14
2001-10-19 14:00:00,,16
2001-10-19 14:00:00,,15
2001-10-19 14:00:00,,17
2001-10-19 14:00:00,,18
2001-10-19 23:00:00,,12
2001-10-19 23:00:00,,9
2001-10-19 23:00:00,,10
2001-10-19 23:00:00,,11
2001-10-19 23:00:00,,7
2001-10-19 23:00:00,,8
2001-10-20 00:00:00,,12
2001-10-20 00:00:00,,10
2001-10-20 00:00:00,,11
2001-10-20 00:00:00,,9
2001-10-20 00:00:00,,7
2001-10-20 00:00:00,,8
2001-10-20 01:00:00,,21
2001-10-20 01:00:00,,23
2001-10-20 01:00:00,,19
2001-10-20 01:00:00,,20
2001-10-20 01:00:00,,24
2001-10-20 01:00:00,,22
2001-10-20 02:00:00,,6
2001-10-20 02:00:00,,2
2001-10-20 02:00:00,,4
2001-10-20 02:00:00,,1
2001-10-20 02:00:00,,3
2001-10-20 02:00:00,,5
2001-10-20 15:00:00,,17
2001-10-20 15:00:00,,18
2001-10-20 15:00:00,,13
2001-10-20 15:00:00,,16
2001-10-20 15:00:00,,15
2001-10-20 15:00:00,,14
2001-10-21 01:00:00,,7
2001-10-21 01:00:00,,9
2001-10-21 01:00:00,,10
2001-10-21 01:00:00,,8
2001-10-21 01:00:00,,11
2001-10-21 01:00:00,,12
2001-10-21 02:00:00,,22
2001-10-21 02:00:00,,20
2001-10-21 02:00:00,,23
2001-10-21 02:00:00,,21
2001-10-21 02:00:00,,24
2001-10-21 02:00:00,,19
2001-10-21 03:00:00,,3
2001-10-21 03:00:00,,5
2001-10-21 03:00:00,,6
2001-10-21 03:00:00,,1
2001-10-21 03:00:00,,2
2001-10-21 03:00:00,,4
2001-10-22 02:00:00,,12
2001-10-22 02:00:00,,8
2001-10-22 02:00:00,,9
2001-10-22 02:00:00,,11
2001-10-22 02:00:00,,10
2001-10-22 02:00:00,,7
2001-10-22 03:00:00,,21
2001-10-22 03:00:00,,24
2001-10-22 03:00:00,,19
2001-10-22 03:00:00,,20
2001-10-22 03:00:00,,23
2001-10-22 03:00:00,,22
2001-10-22 04:00:00,,5
2001-10-22 04:00:00,,2
2001-10-22 04:00:00,,6
2001-10-22 04:00:00,,1
2001-10-22 04:00:00,,4
2001-10-22 04:00:00,,3
2001-10-23 03:00:00,,12
2001-10-23 03:00:00,,8
2001-10-23 03:00:00,,11
2001-10-23 03:00:00,,10
2001-10-23 03:00:00,,9
2001-10-23 03:00:00,,7
2001-10-23 04:00:00,,20
2001-10-23 04:00:00,,24
2001-10-23 04:00:00,,19
2001-10-23 04:00:00,,21
2001-10-23 04:00:00,,22
2001-10-23 04:00:00,,23
2001-10-23 05:00:00,,4
2001-10-23 05:00:00,,2
2001-10-23 05:00:00,,6
2001-10-23 05:00:00,,3
2001-10-23 05:00:00,,1
2001-10-23 05:00:00,,5
2001-10-23 16:00:00,,13
2001-10-23 16:00:00,,15
2001-10-23 16:00:00,,16
2001-10-23 16:00:00,,14
2001-10-23 16:00:00,,18
2001-10-23 16:00:00,,17
2001-10-24 04:00:00,,8
2001-10-24 04:00:00,,10
2001-10-24 04:00:00,,12
2001-10-24 04:00:00,,9
2001-10-24 04:00:00,,7
2001-10-24 04:00:00,,11
2001-10-24 05:00:00,,19
2001-10-24 05:00:00,,22
2001-10-24 05:00:00,,23
2001-10-24 05:00:00,,20
2001-10-24 05:00:00,,24
2001-10-24 05:00:00,,21
2001-10-24 06:00:00,,2
2001-10-24 06:00:00,,4
2001-10-24 06:00:00,,5
2001-10-24 06:00:00,,1
2001-10-24 06:00:00,,3
2001-10-24 06:00:00,,6
2001-10-24 17:00:00,,16
2001-10-24 17:00:00,,18
2001-10-24 17:00:00,,17
2001-10-24 17:00:00,,13
2001-10-24 17:00:00,,14
2001-10-24 17:00:00,,15
2001-10-25 05:00:00,,12
2001-10-25 05:00:00,,8
2001-10-25 05:00:00,,7
2001-10-25 05:00:00,,10
2001-10-25 05:00:00,,11
2001-10-25 05:00:00,,9
2001-10-25 06:00:00,,20
2001-10-25 06:00:00,,23
2001-10-25 06:00:00,,22
2001-10-25 06:00:00,,24
2001-10-25 06:00:00,,19
2001-10-25 06:00:00,,21
2001-10-25 07:00:00,,1
2001-10-25 07:00:00,,3
2001-10-25 07:00:00,,6
2001-10-25 07:00:00,,4
2001-10-25 07:00:00,,5
2001-10-25 07:00:00,,2
2001-10-25 18:00:00,,14
2001-10-25 18:00:00,,18
2001-10-25 18:00:00,,13
2001-10-25 18:00:00,,15
2001-10-25 18:00:00,,17
2001-10-25 18:00:00,,16
2001-10-26 06:00:00,,7
2001-10-26 06:00:00,,11
2001-10-26 06:00:00,,10
2001-10-26 06:00:00,,12
2001-10-26 06:00:00,,9
2001-10-26 06:00:00,,8
2001-10-26 07:00:00,,23
2001-10-26 07:00:00,,24
2001-10-26 07:00:00,,22
2001-10-26 07:00:00,,21
2001-10-26 07:00:00,,19
2001-10-26 07:00:00,,20
2001-10-26 08:00:00,,3
2001-10-26 08:00:00,,1
2001-10-26 08:00:00,,6
2001-10-26 08:00:00,,5
2001-10-26 08:00:00,,2
2001-10-26 08:00:00,,4
2001-10-26 19:00:00,,15
2001-10-26 19:00:00,,13
2001-10-26 19:00:00,,18
2001-10-26 19:00:00,,17
2001-10-26 19:00:00,,14
2001-10-26 19:00:00,,16
2001-10-27 07:00:00,,7
2001-10-27 07:00:00,,10
2001-10-27 07:00:00,,9
2001-10-27 07:00:00,,11
2001-10-27 07:00:00,,12
2001-10-27 07:00:00,,8
2001-10-27 08:00:00,,19
2001-10-27 08:00:00,,23
2001-10-27 08:00:00,,22
2001-10-27 08:00:00,,21
2001-10-27 08:00:00,,20
2001-10-27 08:00:00,,24
2001-10-27 09:00:00,,4
2001-10-27 09:00:00,,6
2001-10-27 09:00:00,,1
2001-10-27 09:00:00,,5
2001-10-27 09:00:00,,3
2001-10-27 09:00:00,,2
2001-10-28 08:00:00,,11
2001-10-28 08:00:00,,7
2001-10-28 08:00:00,,12
2001-10-28 08:00:00,,8
2001-10-28 08:00:00,,9
2001-10-28 08:00:00,,10
2001-10-28 09:00:00,,24
2001-10-28 09:00:00,,23
2001-10-28 09:00:00,,20
2001-10-28 09:00:00,,21
2001-10-28 09:00:00,,22
2001-10-28 09:00:00,,19
2001-10-28 10:00:00,,6
2001-10-28 10:00:00,,3
2001-10-28 10:00:00,,4
2001-10-28 10:00:00,,1
2001-10-28 10:00:00,,2
2001-10-28 10:00:00,,5
2001-10-29 09:00:00,,8
2001-10-29 09:00:00,,11
2001-10-29 09:00:00,,9
2001-10-29 09:00:00,,7
2001-10-29 09:00:00,,12
2001-10-29 09:00:00,,10
2001-10-29 10:00:00,,22
2001-10-29 10:00:00,,20
2001-10-29 10:00:00,,24
2001-10-29 10:00:00,,23
2001-10-29 10:00:00,,19
2001-10-29 10:00:00,,21
2001-10-29 11:00:00,,3
2001-10-29 11:00:00,,5
2001-10-29 11:00:00,,2
2001-10-29 11:00:00,,1
2001-10-29 11:00:00,,6
2001-10-29 11:00:00,,4
2001-10-29 20:00:00,,17
2001-10-29 20:00:00,,16
2001-10-29 20:00:00,,18
2001-10-29 20:00:00,,13
2001-10-29 20:00:00,,15
2001-10-29 20:00:00,,14
2001-10-30 10:00:00,,10
2001-10-30 10:00:00,,8
2001-10-30 10:00:00,,7
2001-10-30 10:00:00,,12
2001-10-30 10:00:00,,11
2001-10-30 10:00:00,,9
2001-10-30 11:00:00,,20
2001-10-30 11:00:00,,24
2001-10-30 11:00:00,,21
2001-10-30 11:00:00,,23
2001-10-30 11:00:00,,19
2001-10-30 11:00:00,,22
2001-10-30 12:00:00,,4
2001-10-30 12:00:00,,2
2001-10-30 12:00:00,,5
2001-10-30 12:00:00,,6
2001-10-30 12:00:00,,3
2001-10-30 12:00:00,,1
2001-10-30 21:00:00,,15
2001-10-30 21:00:00,,14
2001-10-30 21:00:00,,18
2001-10-30 21:00:00,,17
2001-10-30 21:00:00,,13
2001-10-30 21:00:00,,16
2001-10-31 11:00:00,,11
2001-10-31 11:00:00,,12
2001-10-31 11:00:00,,8
2001-10-31 11:00:00,,7
2001-10-31 11:00:00,,9
2001-10-31 11:00:00,,10
2001-10-31 12:00:00,,19
2001-10-31 12:00:00,,22
2001-10-31 12:00:00,,24
2001-10-31 12:00:00,,20
2001-10-31 12:00:00,,23
2001-10-31 12:00:00,,21
2001-10-31 13:00:00,,6
2001-10-31 13:00:00,,1
2001-10-31 13:00:00,,4
2001-10-31 13:00:00,,5
2001-10-31 13:00:00,,3
2001-10-31 13:00:00,,2
2001-10-31 22:00:00,,14
2001-10-31 22:00:00,,13
2001-10-31 22:00:00,,17
2001-10-31 22:00:00,,15
2001-10-31 22:00:00,,18
2001-10-31 22:00:00,,16
2001-11-01 12:00:00,,8
2001-11-01 12:00:00,,9
2001-11-01 12:00:00,,12
2001-11-01 12:00:00,,11
2001-11-01 12:00:00,,10
2001-11-01 12:00:00,,7
2001-11-01 13:00:00,,20
2001-11-01 13:00:00,,24
2001-11-01 13:00:00,,23
2001-11-01 13:00:00,,21
2001-11-01 13:00:00,,19
2001-11-01 13:00:00,,22
2001-11-01 14:00:00,,1
2001-11-01 14:00:00,,2
2001-11-01 14:00:00,,5
2001-11-01 14:00:00,,3
2001-11-01 14:00:00,,6
2001-11-01 14:00:00,,4
2001-11-01 23:00:00,,15
2001-11-01 23:00:00,,18
2001-11-01 23:00:00,,16
2001-11-01 23:00:00,,13
2001-11-01 23:00:00,,14
2001-11-01 23:00:00,,17
2001-11-02 00:00:00,,16
2001-11-02 00:00:00,,13
2001-11-02 00:00:00,,14
2001-11-02 00:00:00,,17
2001-11-02 00:00:00,,18
2001-11-02 00:00:00,,15
2001-11-02 13:00:00,,10
2001-11-02 13:00:00,,9
2001-11-02 13:00:00,,12
2001-11-02 13:00:00,,7
2001-11-02 13:00:00,,8
2001-11-02 13:00:00,,11
2001-11-02 14:00:00,,20
2001-11-02 14:00:00,,21
2001-11-02 14:00:00,,19
2001-11-02 14:00:00,,24
2001-11-02 14:00:00,,22
2001-11-02 14:00:00,,23
2001-11-02 15:00:00,,6
2001-11-02 15:00:00,,5
2001-11-02 15:00:00,,4
2001-11-02 15:00:00,,3
2001-11-02 15:00:00,,1
2001-11-02 15:00:00,,2
2001-11-03 01:00:00,,13
2001-11-03 01:00:00,,17
2001-11-03 01:00:00,,15
2001-11-03 01:00:00,,18
2001-11-03 01:00:00,,16
2001-11-03 01:00:00,,14
2001-11-03 14:00:00,,11
2001-11-03 14:00:00,,8
2001-11-03 14:00:00,,9
2001-11-03 14:00:00,,12
2001-11-03 14:00:00,,7
2001-11-03 14:00:00,,10
2001-11-03 15:00:00,,19
2001-11-03 15:00:00,,20
2001-11-03 15:00:00,,24
2001-11-03 15:00:00,,21
2001-11-03 15:00:00,,23
2001-11-03 15:00:00,,22
2001-11-03 16:00:00,,6
2001-11-03 16:00:00,,4
2001-11-03 16:00:00,,2
2001-11-03 16:00:00,,3
2001-11-03 16:00:00,,5
2001-11-03 16:00:00,,1
2001-11-04 02:00:00,,13
2001-11-04 02:00:00,,15
2001-11-04 02:00:00,,14
2001-11-04 02:00:00,,18
2001-11-04 02:00:00,,17
2001-11-04 02:00:00,,16
2001-11-04 15:00:00,,7
2001-11-04 15:00:00,,12
2001-11-04 15:00:00,,9
2001-11-04 15:00:00,,10
2001-11-04 15:00:00,,8
2001-11-04 15:00:00,,11
2001-11-04 16:00:00,,23
2001-11-04 16:00:00,,22
2001-11-04 16:00:00,,24
2001-11-04 16:00:00,,20
2001-11-04 16:00:00,,21
2001-11-04 16:00:00,,19
2001-11-04 17:00:00,,6
2001-11-04 17:00:00,,2
2001-11-04 17:00:00,,4
2001-11-04 17:00:00,,5
2001-11-04 17:00:00,,3
2001-11-04 17:00:00,,1
2001-11-06 03:00:00,,16
2001-11-06 03:00:00,,18
2001-11-06 03:00:00,,14
2001-11-06 03:00:00,,17
2001-11-06 03:00:00,,13
2001-11-06 03:00:00,,15
2001-11-06 16:00:00,,7
2001-11-06 16:00:00,,11
2001-11-06 16:00:00,,10
2001-11-06 16:00:00,,8
2001-11-06 16:00:00,,9
2001-11-06 16:00:00,,12
2001-11-06 17:00:00,,21
2001-11-06 17:00:00,,22
2001-11-06 17:00:00,,19
2001-11-06 17:00:00,,23
2001-11-06 17:00:00,,20
2001-11-06 17:00:00,,24
2001-11-06 18:00:00,,6
2001-11-06 18:00:00,,4
2001-11-06 18:00:00,,2
2001-11-06 18:00:00,,3
2001-11-06 18:00:00,,5
2001-11-06 18:00:00,,1
2001-11-07 04:00:00,,16
2001-11-07 04:00:00,,18
2001-11-07 04:00:00,,17
2001-11-07 04:00:00,,14
2001-11-07 04:00:00,,13
2001-11-07 04:00:00,,15
2001-11-07 17:00:00,,9
2001-11-07 17:00:00,,8
2001-11-07 17:00:00,,7
2001-11-07 17:00:00,,10
2001-11-07 17:00:00,,11
2001-11-07 17:00:00,,12
2001-11-07 18:00:00,,23
2001-11-07 18:00:00,,20
2001-11-07 18:00:00,,24
2001-11-07 18:00:00,,19
2001-11-07 18:00:00,,22
2001-11-07 18:00:00,,21
2001-11-07 19:00:00,,1
2001-11-07 19:00:00,,4
2001-11-07 19:00:00,,6
2001-11-07 19:00:00,,2
2001-11-07 19:00:00,,3
2001-11-07 19:00:00,,5
2001-11-08 05:00:00,,17
2001-11-08 05:00:00,,14
2001-11-08 05:00:00,,16
2001-11-08 05:00:00,,15
2001-11-08 05:00:00,,18
2001-11-08 05:00:00,,13
2001-11-08 18:00:00,,12
2001-11-08 18:00:00,,7
2001-11-08 18:00:00,,11
2001-11-08 18:00:00,,10
2001-11-08 18:00:00,,9
2001-11-08 18:00:00,,8
2001-11-08 19:00:00,,19
2001-11-08 19:00:00,,22
2001-11-08 19:00:00,,20
2001-11-08 19:00:00,,24
2001-11-08 19:00:00,,21
2001-11-08 19:00:00,,23
2001-11-08 20:00:00,,1
2001-11-08 20:00:00,,5
2001-11-08 20:00:00,,3
2001-11-08 20:00:00,,4
2001-11-08 20:00:00,,6
2001-11-08 20:00:00,,2
2001-11-09 19:00:00,,12
2001-11-09 19:00:00,,11
2001-11-09 19:00:00,,9
2001-11-09 19:00:00,,10
2001-11-09 19:00:00,,7
2001-11-09 19:00:00,,8
2001-11-09 20:00:00,,24
2001-11-09 20:00:00,,23
2001-11-09 20:00:00,,20
2001-11-09 20:00:00,,19
2001-11-09 20:00:00,,22
2001-11-09 20:00:00,,21
2001-11-09 21:00:00,,6
2001-11-09 21:00:00,,1
2001-11-09 21:00:00,,5
2001-11-09 21:00:00,,4
2001-11-09 21:00:00,,3
2001-11-09 21:00:00,,2
2001-11-10 06:00:00,,17
2001-11-10 06:00:00,,13
2001-11-10 06:00:00,,14
2001-11-10 06:00:00,,16
2001-11-10 06:00:00,,15
2001-11-10 06:00:00,,18
2001-11-10 20:00:00,,8
2001-11-10 20:00:00,,11
2001-11-10 20:00:00,,9
2001-11-10 20:00:00,,12
2001-11-10 20:00:00,,7
2001-11-10 20:00:00,,10
2001-11-10 21:00:00,,23
2001-11-10 21:00:00,,20
2001-11-10 21:00:00,,22
2001-11-10 21:00:00,,24
2001-11-10 21:00:00,,19
2001-11-10 21:00:00,,21
2001-11-10 22:00:00,,6
2001-11-10 22:00:00,,1
2001-11-10 22:00:00,,5
2001-11-10 22:00:00,,3
2001-11-10 22:00:00,,2
2001-11-10 22:00:00,,4
2001-11-11 07:00:00,,18
2001-11-11 07:00:00,,14
2001-11-11 07:00:00,,15
2001-11-11 07:00:00,,16
2001-11-11 07:00:00,,17
2001-11-11 07:00:00,,13
2001-11-11 21:00:00,,12
2001-11-11 21:00:00,,10
2001-11-11 21:00:00,,11
2001-11-11 21:00:00,,8
2001-11-11 21:00:00,,9
2001-11-11 21:00:00,,7
2001-11-11 22:00:00,,20
2001-11-11 22:00:00,,19
2001-11-11 22:00:00,,24
2001-11-11 22:00:00,,21
2001-11-11 22:00:00,,23
2001-11-11 22:00:00,,22
2001-11-11 23:00:00,,2
2001-11-11 23:00:00,,6
2001-11-11 23:00:00,,1
2001-11-11 23:00:00,,3
2001-11-11 23:00:00,,5
2001-11-11 23:00:00,,4
2001-11-15 00:00:00,,6
2001-11-15 00:00:00,,5
2001-11-15 00:00:00,,1
2001-11-15 00:00:00,,3
2001-11-15 00:00:00,,2
2001-11-15 00:00:00,,4
2001-11-15 08:00:00,,13
2001-11-15 08:00:00,,16
2001-11-15 08:00:00,,14
2001-11-15 08:00:00,,17
2001-11-15 08:00:00,,15
2001-11-15 08:00:00,,18
2001-11-15 22:00:00,,7
2001-11-15 22:00:00,,11
2001-11-15 22:00:00,,8
2001-11-15 22:00:00,,12
2001-11-15 22:00:00,,10
2001-11-15 22:00:00,,9
2001-11-15 23:00:00,,23
2001-11-15 23:00:00,,22
2001-11-15 23:00:00,,24
2001-11-15 23:00:00,,21
2001-11-15 23:00:00,,20
2001-11-15 23:00:00,,19
2001-11-16 00:00:00,,22
2001-11-16 00:00:00,,23
2001-11-16 00:00:00,,24
2001-11-16 00:00:00,,21
2001-11-16 00:00:00,,20
2001-11-16 00:00:00,,19
2001-11-16 01:00:00,,6
2001-11-16 01:00:00,,2
2001-11-16 01:00:00,,3
2001-11-16 01:00:00,,1
2001-11-16 01:00:00,,5
2001-11-16 01:00:00,,4
2001-11-16 09:00:00,,18
2001-11-16 09:00:00,,17
2001-11-16 09:00:00,,14
2001-11-16 09:00:00,,15
2001-11-16 09:00:00,,16
2001-11-16 09:00:00,,13
2001-11-16 23:00:00,,10
2001-11-16 23:00:00,,12
2001-11-16 23:00:00,,9
2001-11-16 23:00:00,,8
2001-11-16 23:00:00,,7
2001-11-16 23:00:00,,11
2001-11-17 00:00:00,,10
2001-11-17 00:00:00,,8
2001-11-17 00:00:00,,11
2001-11-17 00:00:00,,12
2001-11-17 00:00:00,,7
2001-11-17 00:00:00,,9
2001-11-17 01:00:00,,22
2001-11-17 01:00:00,,19
2001-11-17 01:00:00,,23
2001-11-17 01:00:00,,24
2001-11-17 01:00:00,,20
2001-11-17 01:00:00,,21
2001-11-17 02:00:00,,2
2001-11-17 02:00:00,,3
2001-11-17 02:00:00,,5
2001-11-17 02:00:00,,4
2001-11-17 02:00:00,,1
2001-11-17 02:00:00,,6
2001-11-17 10:00:00,,18
2001-11-17 10:00:00,,13
2001-11-17 10:00:00,,15
2001-11-17 10:00:00,,14
2001-11-17 10:00:00,,17
2001-11-17 10:00:00,,16
2001-11-18 01:00:00,,8
2001-11-18 01:00:00,,11
2001-11-18 01:00:00,,10
2001-11-18 01:00:00,,9
2001-11-18 01:00:00,,7
2001-11-18 01:00:00,,12
2001-11-18 02:00:00,,23
2001-11-18 02:00:00,,20
2001-11-18 02:00:00,,24
2001-11-18 02:00:00,,19
2001-11-18 02:00:00,,22
2001-11-18 02:00:00,,21
2001-11-18 03:00:00,,2
2001-11-18 03:00:00,,4
2001-11-18 03:00:00,,1
2001-11-18 03:00:00,,6
2001-11-18 03:00:00,,5
2001-11-18 03:00:00,,3
2001-11-18 11:00:00,,15
2001-11-18 11:00:00,,16
2001-11-18 11:00:00,,14
2001-11-18 11:00:00,,18
2001-11-18 11:00:00,,17
2001-11-18 11:00:00,,13
2001-11-19 02:00:00,,9
2001-11-19 02:00:00,,12
2001-11-19 02:00:00,,11
2001-11-19 02:00:00,,10
2001-11-19 02:00:00,,8
2001-11-19 02:00:00,,7
2001-11-19 03:00:00,,21
2001-11-19 03:00:00,,19
2001-11-19 03:00:00,,23
2001-11-19 03:00:00,,22
2001-11-19 03:00:00,,24
2001-11-19 03:00:00,,20
2001-11-19 04:00:00,,1
2001-11-19 04:00:00,,2
2001-11-19 04:00:00,,6
2001-11-19 04:00:00,,4
2001-11-19 04:00:00,,3
2001-11-19 04:00:00,,5
2001-11-19 12:00:00,,14
2001-11-19 12:00:00,,15
2001-11-19 12:00:00,,16
2001-11-19 12:00:00,,18
2001-11-19 12:00:00,,13
2001-11-19 12:00:00,,17
2001-11-23 03:00:00,,7
2001-11-23 03:00:00,,12
2001-11-23 03:00:00,,11
2001-11-23 03:00:00,,9
2001-11-23 03:00:00,,10
2001-11-23 03:00:00,,8
2001-11-23 04:00:00,,19
2001-11-23 04:00:00,,23
2001-11-23 04:00:00,,21
2001-11-23 04:00:00,,22
2001-11-23 04:00:00,,24
2001-11-23 04:00:00,,20
2001-11-23 05:00:00,,5
2001-11-23 05:00:00,,3
2001-11-23 05:00:00,,1
2001-11-23 05:00:00,,6
2001-11-23 05:00:00,,2
2001-11-23 05:00:00,,4
2001-11-23 13:00:00,,14
2001-11-23 13:00:00,,17
2001-11-23 13:00:00,,18
2001-11-23 13:00:00,,13
2001-11-23 13:00:00,,15
2001-11-23 13:00:00,,16
2001-11-24 04:00:00,,8
2001-11-24 04:00:00,,12
2001-11-24 04:00:00,,9
2001-11-24 04:00:00,,7
2001-11-24 04:00:00,,11
2001-11-24 04:00:00,,10
2001-11-24 05:00:00,,19
2001-11-24 05:00:00,,21
2001-11-24 05:00:00,,22
2001-11-24 05:00:00,,24
2001-11-24 05:00:00,,20
2001-11-24 05:00:00,,23
2001-11-24 06:00:00,,1
2001-11-24 06:00:00,,5
2001-11-24 06:00:00,,6
2001-11-24 06:00:00,,4
2001-11-24 06:00:00,,2
2001-11-24 06:00:00,,3
2001-11-24 14:00:00,,13
2001-11-24 14:00:00,,15
2001-11-24 14:00:00,,16
2001-11-24 14:00:00,,18
2001-11-24 14:00:00,,17
2001-11-24 14:00:00,,14
2001-11-25 05:00:00,,8
2001-11-25 05:00:00,,9
2001-11-25 05:00:00,,10
2001-11-25 05:00:00,,11
2001-11-25 05:00:00,,12
2001-11-25 05:00:00,,7
2001-11-25 06:00:00,,21
2001-11-25 06:00:00,,19
2001-11-25 06:00:00,,23
2001-11-25 06:00:00,,20
2001-11-25 06:00:00,,22
2001-11-25 06:00:00,,24
2001-11-25 07:00:00,,6
2001-11-25 07:00:00,,2
2001-11-25 07:00:00,,5
2001-11-25 07:00:00,,4
2001-11-25 07:00:00,,3
2001-11-25 07:00:00,,1
2001-11-25 15:00:00,,14
2001-11-25 15:00:00,,13
2001-11-25 15:00:00,,17
2001-11-25 15:00:00,,18
2001-11-25 15:00:00,,15
2001-11-25 15:00:00,,16
2001-11-26 06:00:00,,10
2001-11-26 06:00:00,,7
2001-11-26 06:00:00,,11
2001-11-26 06:00:00,,9
2001-11-26 06:00:00,,8
2001-11-26 06:00:00,,12
2001-11-26 07:00:00,,22
2001-11-26 07:00:00,,19
2001-11-26 07:00:00,,21
2001-11-26 07:00:00,,20
2001-11-26 07:00:00,,23
2001-11-26 07:00:00,,24
2001-11-26 08:00:00,,6
2001-11-26 08:00:00,,2
2001-11-26 08:00:00,,5
2001-11-26 08:00:00,,1
2001-11-26 08:00:00,,3
2001-11-26 08:00:00,,4
2001-11-26 16:00:00,,13
2001-11-26 16:00:00,,14
2001-11-26 16:00:00,,16
2001-11-26 16:00:00,,18
2001-11-26 16:00:00,,17
2001-11-26 16:00:00,,15
2001-11-27 07:00:00,,11
2001-11-27 07:00:00,,12
2001-11-27 07:00:00,,7
2001-11-27 07:00:00,,8
2001-11-27 07:00:00,,9
2001-11-27 07:00:00,,10
2001-11-27 08:00:00,,19
2001-11-27 08:00:00,,22
2001-11-27 08:00:00,,20
2001-11-27 08:00:00,,21
2001-11-27 08:00:00,,23
2001-11-27 08:00:00,,24
2001-11-27 09:00:00,,1
2001-11-27 09:00:00,,2
2001-11-27 09:00:00,,3
2001-11-27 09:00:00,,5
2001-11-27 09:00:00,,4
2001-11-27 09:00:00,,6
2001-11-27 17:00:00,,16
2001-11-27 17:00:00,,13
2001-11-27 17:00:00,,17
2001-11-27 17:00:00,,15
2001-11-27 17:00:00,,18
2001-11-27 17:00:00,,14
2001-11-28 08:00:00,,12
2001-11-28 08:00:00,,10
2001-11-28 08:00:00,,8
2001-11-28 08:00:00,,7
2001-11-28 08:00:00,,11
2001-11-28 08:00:00,,9
2001-11-28 09:00:00,,22
2001-11-28 09:00:00,,23
2001-11-28 09:00:00,,20
2001-11-28 09:00:00,,24
2001-11-28 09:00:00,,21
2001-11-28 09:00:00,,19
2001-11-28 10:00:00,,3
2001-11-28 10:00:00,,5
2001-11-28 10:00:00,,2
2001-11-28 10:00:00,,4
2001-11-28 10:00:00,,1
2001-11-28 10:00:00,,6
2001-11-28 18:00:00,,17
2001-11-28 18:00:00,,16
2001-11-28 18:00:00,,15
2001-11-28 18:00:00,,14
2001-11-28 18:00:00,,13
2001-11-28 18:00:00,,18
2001-11-29 09:00:00,,8
2001-11-29 09:00:00,,9
2001-11-29 09:00:00,,12
2001-11-29 09:00:00,,10
2001-11-29 09:00:00,,7
2001-11-29 09:00:00,,11
2001-11-29 10:00:00,,23
2001-11-29 10:00:00,,20
2001-11-29 10:00:00,,19
2001-11-29 10:00:00,,24
2001-11-29 10:00:00,,21
2001-11-29 10:00:00,,22
2001-11-29 11:00:00,,5
2001-11-29 11:00:00,,2
2001-11-29 11:00:00,,6
2001-11-29 11:00:00,,3
2001-11-29 11:00:00,,4
2001-11-29 11:00:00,,1
2001-11-29 19:00:00,,14
2001-11-29 19:00:00,,17
2001-11-29 19:00:00,,18
2001-11-29 19:00:00,,13
2001-11-29 19:00:00,,15
2001-11-29 19:00:00,,16
2001-11-30 10:00:00,,11
2001-11-30 10:00:00,,10
2001-11-30 10:00:00,,7
2001-11-30 10:00:00,,12
2001-11-30 10:00:00,,8
2001-11-30 10:00:00,,9
2001-11-30 11:00:00,,21
2001-11-30 11:00:00,,22
2001-11-30 11:00:00,,23
2001-11-30 11:00:00,,20
2001-11-30 11:00:00,,24
2001-11-30 11:00:00,,19
2001-11-30 12:00:00,,3
2001-11-30 12:00:00,,2
2001-11-30 12:00:00,,1
2001-11-30 12:00:00,,5
2001-11-30 12:00:00,,4
2001-11-30 12:00:00,,6
2001-11-30 20:00:00,,15
2001-11-30 20:00:00,,18
2001-11-30 20:00:00,,13
2001-11-30 20:00:00,,16
2001-11-30 20:00:00,,17
2001-11-30 20:00:00,,14
2001-12-01 11:00:00,,9
2001-12-01 11:00:00,,7
2001-12-01 11:00:00,,8
2001-12-01 11:00:00,,10
2001-12-01 11:00:00,,12
2001-12-01 11:00:00,,11
2001-12-01 12:00:00,,20
2001-12-01 12:00:00,,23
2001-12-01 12:00:00,,22
2001-12-01 12:00:00,,24
2001-12-01 12:00:00,,21
2001-12-01 12:00:00,,19
2001-12-01 13:00:00,,5
2001-12-01 13:00:00,,4
2001-12-01 13:00:00,,3
2001-12-01 13:00:00,,2
2001-12-01 13:00:00,,6
2001-12-01 13:00:00,,1
2001-12-01 21:00:00,,14
2001-12-01 21:00:00,,15
2001-12-01 21:00:00,,16
2001-12-01 21:00:00,,18
2001-12-01 21:00:00,,17
2001-12-01 21:00:00,,13
2001-12-02 12:00:00,,10
2001-12-02 12:00:00,,7
2001-12-02 12:00:00,,11
2001-12-02 12:00:00,,8
2001-12-02 12:00:00,,12
2001-12-02 12:00:00,,9
2001-12-02 13:00:00,,22
2001-12-02 13:00:00,,24
2001-12-02 13:00:00,,21
2001-12-02 13:00:00,,20
2001-12-02 13:00:00,,23
2001-12-02 13:00:00,,19
2001-12-02 14:00:00,,4
2001-12-02 14:00:00,,6
2001-12-02 14:00:00,,3
2001-12-02 14:00:00,,2
2001-12-02 14:00:00,,5
2001-12-02 14:00:00,,1
2001-12-02 22:00:00,,16
2001-12-02 22:00:00,,13
2001-12-02 22:00:00,,18
2001-12-02 22:00:00,,17
2001-12-02 22:00:00,,15
2001-12-02 22:00:00,,14
2001-12-04 13:00:00,,8
2001-12-04 13:00:00,,10
2001-12-04 13:00:00,,7
2001-12-04 13:00:00,,11
2001-12-04 13:00:00,,12
2001-12-04 13:00:00,,9
2001-12-04 14:00:00,,22
2001-12-04 14:00:00,,23
2001-12-04 14:00:00,,21
2001-12-04 14:00:00,,20
2001-12-04 14:00:00,,19
2001-12-04 14:00:00,,24
2001-12-04 15:00:00,,3
2001-12-04 15:00:00,,6
2001-12-04 15:00:00,,2
2001-12-04 15:00:00,,4
2001-12-04 15:00:00,,5
2001-12-04 15:00:00,,1
2001-12-04 23:00:00,,17
2001-12-04 23:00:00,,13
2001-12-04 23:00:00,,14
2001-12-04 23:00:00,,16
2001-12-04 23:00:00,,15
2001-12-04 23:00:00,,18
2001-12-05 00:00:00,,18
2001-12-05 00:00:00,,16
2001-12-05 00:00:00,,17
2001-12-05 00:00:00,,15
2001-12-05 00:00:00,,14
2001-12-05 00:00:00,,13
2001-12-05 14:00:00,,10
2001-12-05 14:00:00,,12
2001-12-05 14:00:00,,8
2001-12-05 14:00:00,,7
2001-12-05 14:00:00,,9
2001-12-05 14:00:00,,11
2001-12-05 15:00:00,,22
2001-12-05 15:00:00,,23
2001-12-05 15:00:00,,19
2001-12-05 15:00:00,,21
2001-12-05 15:00:00,,24
2001-12-05 15:00:00,,20
2001-12-05 16:00:00,,3
2001-12-05 16:00:00,,4
2001-12-05 16:00:00,,2
2001-12-05 16:00:00,,1
2001-12-05 16:00:00,,5
2001-12-05 16:00:00,,6
2001-12-07 01:00:00,,14
2001-12-07 01:00:00,,15
2001-12-07 01:00:00,,13
2001-12-07 01:00:00,,17
2001-12-07 01:00:00,,16
2001-12-07 01:00:00,,18
2001-12-07 15:00:00,,12
2001-12-07 15:00:00,,9
2001-12-07 15:00:00,,8
2001-12-07 15:00:00,,7
2001-12-07 15:00:00,,11
2001-12-07 15:00:00,,10
2001-12-07 16:00:00,,21
2001-12-07 16:00:00,,22
2001-12-07 16:00:00,,23
2001-12-07 16:00:00,,20
2001-12-07 16:00:00,,19
2001-12-07 16:00:00,,24
2001-12-07 17:00:00,,1
2001-12-07 17:00:00,,2
2001-12-07 17:00:00,,5
2001-12-07 17:00:00,,6
2001-12-07 17:00:00,,3
2001-12-07 17:00:00,,4
2001-12-08 02:00:00,,18
2001-12-08 02:00:00,,15
2001-12-08 02:00:00,,13
2001-12-08 02:00:00,,14
2001-12-08 02:00:00,,17
2001-12-08 02:00:00,,16
2001-12-08 16:00:00,,11
2001-12-08 16:00:00,,8
2001-12-08 16:00:00,,12
2001-12-08 16:00:00,,10
2001-12-08 16:00:00,,9
2001-12-08 16:00:00,,7
2001-12-08 17:00:00,,19
2001-12-08 17:00:00,,21
2001-12-08 17:00:00,,22
2001-12-08 17:00:00,,24
2001-12-08 17:00:00,,23
2001-12-08 17:00:00,,20
2001-12-08 18:00:00,,5
2001-12-08 18:00:00,,6
2001-12-08 18:00:00,,1
2001-12-08 18:00:00,,3
2001-12-08 18:00:00,,2
2001-12-08 18:00:00,,4
2001-12-09 03:00:00,,16
2001-12-09 03:00:00,,17
2001-12-09 03:00:00,,18
2001-12-09 03:00:00,,14
2001-12-09 03:00:00,,13
2001-12-09 03:00:00,,15
2001-12-09 17:00:00,,7
2001-12-09 17:00:00,,11
2001-12-09 17:00:00,,12
2001-12-09 17:00:00,,9
2001-12-09 17:00:00,,10
2001-12-09 17:00:00,,8
2001-12-09 18:00:00,,19
2001-12-09 18:00:00,,21
2001-12-09 18:00:00,,20
2001-12-09 18:00:00,,22
2001-12-09 18:00:00,,24
2001-12-09 18:00:00,,23
2001-12-09 19:00:00,,3
2001-12-09 19:00:00,,2
2001-12-09 19:00:00,,4
2001-12-09 19:00:00,,5
2001-12-09 19:00:00,,6
2001-12-09 19:00:00,,1
2001-12-10 04:00:00,,18
2001-12-10 04:00:00,,15
2001-12-10 04:00:00,,17
2001-12-10 04:00:00,,13
2001-12-10 04:00:00,,16
2001-12-10 04:00:00,,14
2001-12-10 18:00:00,,7
2001-12-10 18:00:00,,8
2001-12-10 18:00:00,,9
2001-12-10 18:00:00,,11
2001-12-10 18:00:00,,10
2001-12-10 18:00:00,,12
2001-12-10 19:00:00,,21
2001-12-10 19:00:00,,24
2001-12-10 19:00:00,,19
2001-12-10 19:00:00,,22
2001-12-10 19:00:00,,23
2001-12-10 19:00:00,,20
2001-12-10 20:00:00,,6
2001-12-10 20:00:00,,4
2001-12-10 20:00:00,,2
2001-12-10 20:00:00,,5
2001-12-10 20:00:00,,1
2001-12-10 20:00:00,,3
2001-12-11 05:00:00,,14
2001-12-11 05:00:00,,18
2001-12-11 05:00:00,,13
2001-12-11 05:00:00,,17
2001-12-11 05:00:00,,16
2001-12-11 05:00:00,,15
2001-12-11 19:00:00,,8
2001-12-11 19:00:00,,7
2001-12-11 19:00:00,,11
2001-12-11 19:00:00,,9
2001-12-11 19:00:00,,12
2001-12-11 19:00:00,,10
2001-12-11 20:00:00,,20
2001-12-11 20:00:00,,23
2001-12-11 20:00:00,,21
2001-12-11 20:00:00,,22
2001-12-11 20:00:00,,24
2001-12-11 20:00:00,,19
2001-12-11 21:00:00,,6
2001-12-11 21:00:00,,1
2001-12-11 21:00:00,,2
2001-12-11 21:00:00,,4
2001-12-11 21:00:00,,3
2001-12-11 21:00:00,,5
2001-12-12 06:00:00,,16
2001-12-12 06:00:00,,17
2001-12-12 06:00:00,,14
2001-12-12 06:00:00,,18
2001-12-12 06:00:00,,13
2001-12-12 06:00:00,,15
2001-12-12 20:00:00,,11
2001-12-12 20:00:00,,10
2001-12-12 20:00:00,,12
2001-12-12 20:00:00,,9
2001-12-12 20:00:00,,7
2001-12-12 20:00:00,,8
2001-12-12 21:00:00,,22
2001-12-12 21:00:00,,24
2001-12-12 21:00:00,,23
2001-12-12 21:00:00,,21
2001-12-12 21:00:00,,19
2001-12-12 21:00:00,,20
2001-12-12 22:00:00,,2
2001-12-12 22:00:00,,4
2001-12-12 22:00:00,,3
2001-12-12 22:00:00,,6
2001-12-12 22:00:00,,5
2001-12-12 22:00:00,,1
2001-12-13 07:00:00,,16
2001-12-13 07:00:00,,14
2001-12-13 07:00:00,,17
2001-12-13 07:00:00,,18
2001-12-13 07:00:00,,15
2001-12-13 07:00:00,,13
2001-12-13 21:00:00,,8
2001-12-13 21:00:00,,10
2001-12-13 21:00:00,,9
2001-12-13 21:00:00,,11
2001-12-13 21:00:00,,7
2001-12-13 21:00:00,,12
2001-12-13 22:00:00,,22
2001-12-13 22:00:00,,23
2001-12-13 22:00:00,,21
2001-12-13 22:00:00,,24
2001-12-13 22:00:00,,19
2001-12-13 22:00:00,,20
2001-12-13 23:00:00,,2
2001-12-13 23:00:00,,1
2001-12-13 23:00:00,,5
2001-12-13 23:00:00,,3
2001-12-13 23:00:00,,4
2001-12-13 23:00:00,,6
2001-12-14 08:00:00,,15
2001-12-14 08:00:00,,14
2001-12-14 08:00:00,,18
2001-12-14 08:00:00,,13
2001-12-14 08:00:00,,17
2001-12-14 08:00:00,,16
2001-12-14 22:00:00,,10
2001-12-14 22:00:00,,8
2001-12-14 22:00:00,,11
2001-12-14 22:00:00,,12
2001-12-14 22:00:00,,9
2001-12-14 22:00:00,,7
2001-12-15 00:00:00,,3
2001-12-15 00:00:00,,4
2001-12-15 00:00:00,,2
2001-12-15 00:00:00,,6
2001-12-15 00:00:00,,5
2001-12-15 00:00:00,,1
2001-12-15 09:00:00,,17
2001-12-15 09:00:00,,13
2001-12-15 09:00:00,,18
2001-12-15 09:00:00,,14
2001-12-15 09:00:00,,16
2001-12-15 09:00:00,,15
2001-12-15 23:00:00,,23
2001-12-15 23:00:00,,20
2001-12-15 23:00:00,,9
2001-12-15 23:00:00,,22
2001-12-15 23:00:00,,24
2001-12-15 23:00:00,,19
2001-12-15 23:00:00,,10
2001-12-15 23:00:00,,8
2001-12-15 23:00:00,,21
2001-12-15 23:00:00,,12
2001-12-15 23:00:00,,11
2001-12-15 23:00:00,,7
2001-12-16 00:00:00,,11
2001-12-16 00:00:00,,22
2001-12-16 00:00:00,,8
2001-12-16 00:00:00,,12
2001-12-16 00:00:00,,23
2001-12-16 00:00:00,,7
2001-12-16 00:00:00,,9
2001-12-16 00:00:00,,19
2001-12-16 00:00:00,,24
2001-12-16 00:00:00,,10
2001-12-16 00:00:00,,20
2001-12-16 00:00:00,,21
2001-12-16 01:00:00,,6
2001-12-16 01:00:00,,2
2001-12-16 01:00:00,,5
2001-12-16 01:00:00,,3
2001-12-16 01:00:00,,4
2001-12-16 01:00:00,,1
2001-12-16 10:00:00,,17
2001-12-16 10:00:00,,13
2001-12-16 10:00:00,,16
2001-12-16 10:00:00,,15
2001-12-16 10:00:00,,14
2001-12-16 10:00:00,,18
2001-12-17 01:00:00,,9
2001-12-17 01:00:00,,23
2001-12-17 01:00:00,,21
2001-12-17 01:00:00,,7
2001-12-17 01:00:00,,19
2001-12-17 01:00:00,,20
2001-12-17 01:00:00,,12
2001-12-17 01:00:00,,24
2001-12-17 01:00:00,,11
2001-12-17 01:00:00,,8
2001-12-17 01:00:00,,10
2001-12-17 01:00:00,,22
2001-12-17 02:00:00,,4
2001-12-17 02:00:00,,3
2001-12-17 02:00:00,,2
2001-12-17 02:00:00,,6
2001-12-17 02:00:00,,5
2001-12-17 02:00:00,,1
2001-12-17 11:00:00,,18
2001-12-17 11:00:00,,16
2001-12-17 11:00:00,,13
2001-12-17 11:00:00,,17
2001-12-17 11:00:00,,15
2001-12-17 11:00:00,,14
2001-12-18 02:00:00,,10
2001-12-18 02:00:00,,20
2001-12-18 02:00:00,,24
2001-12-18 02:00:00,,11
2001-12-18 02:00:00,,8
2001-12-18 02:00:00,,7
2001-12-18 02:00:00,,9
2001-12-18 02:00:00,,22
2001-12-18 02:00:00,,19
2001-12-18 02:00:00,,12
2001-12-18 02:00:00,,23
2001-12-18 02:00:00,,21
2001-12-18 03:00:00,,1
2001-12-18 03:00:00,,3
2001-12-18 03:00:00,,5
2001-12-18 03:00:00,,6
2001-12-18 03:00:00,,2
2001-12-18 03:00:00,,4
2001-12-18 12:00:00,,17
2001-12-18 12:00:00,,16
2001-12-18 12:00:00,,14
2001-12-18 12:00:00,,15
2001-12-18 12:00:00,,13
2001-12-18 12:00:00,,18
2001-12-19 03:00:00,,7
2001-12-19 03:00:00,,20
2001-12-19 03:00:00,,24
2001-12-19 03:00:00,,22
2001-12-19 03:00:00,,19
2001-12-19 03:00:00,,23
2001-12-19 03:00:00,,8
2001-12-19 03:00:00,,9
2001-12-19 03:00:00,,11
2001-12-19 03:00:00,,10
2001-12-19 03:00:00,,12
2001-12-19 03:00:00,,21
2001-12-19 04:00:00,,4
2001-12-19 04:00:00,,5
2001-12-19 04:00:00,,1
2001-12-19 04:00:00,,3
2001-12-19 04:00:00,,2
2001-12-19 04:00:00,,6
2001-12-19 13:00:00,,16
2001-12-19 13:00:00,,14
2001-12-19 13:00:00,,18
2001-12-19 13:00:00,,13
2001-12-19 13:00:00,,15
2001-12-19 13:00:00,,17
2001-12-28 04:00:00,,7
2001-12-28 04:00:00,,9
2001-12-28 04:00:00,,21
2001-12-28 04:00:00,,8
2001-12-28 04:00:00,,10
2001-12-28 04:00:00,,22
2001-12-28 04:00:00,,12
2001-12-28 04:00:00,,20
2001-12-28 04:00:00,,19
2001-12-28 04:00:00,,11
2001-12-28 04:00:00,,23
2001-12-28 04:00:00,,24
2001-12-28 05:00:00,,12
2001-12-28 05:00:00,,5
2001-12-28 05:00:00,,11
2001-12-28 05:00:00,,7
2001-12-28 05:00:00,,3
2001-12-28 05:00:00,,9
2001-12-28 05:00:00,,1
2001-12-28 05:00:00,,2
2001-12-28 05:00:00,,10
2001-12-28 05:00:00,,4
2001-12-28 05:00:00,,6
2001-12-28 05:00:00,,8
2001-12-28 14:00:00,,16
2001-12-28 14:00:00,,13
2001-12-28 14:00:00,,17
2001-12-28 14:00:00,,15
2001-12-28 14:00:00,,14
2001-12-28 14:00:00,,18
2001-12-28 15:00:00,,14
2001-12-28 15:00:00,,13
2001-12-28 15:00:00,,15
2001-12-28 15:00:00,,16
2001-12-28 15:00:00,,17
2001-12-28 15:00:00,,18
2001-12-29 05:00:00,,23
2001-12-29 05:00:00,,19
2001-12-29 05:00:00,,24
2001-12-29 05:00:00,,22
2001-12-29 05:00:00,,20
2001-12-29 05:00:00,,21
2001-12-29 06:00:00,,4
2001-12-29 06:00:00,,2
2001-12-29 06:00:00,,12
2001-12-29 06:00:00,,1
2001-12-29 06:00:00,,6
2001-12-29 06:00:00,,11
2001-12-29 06:00:00,,9
2001-12-29 06:00:00,,10
2001-12-29 06:00:00,,8
2001-12-29 06:00:00,,3
2001-12-29 06:00:00,,5
2001-12-29 06:00:00,,7
2001-12-29 16:00:00,,13
2001-12-29 16:00:00,,18
2001-12-29 16:00:00,,15
2001-12-29 16:00:00,,16
2001-12-29 16:00:00,,14
2001-12-29 16:00:00,,17
2001-12-30 06:00:00,,21
2001-12-30 06:00:00,,23
2001-12-30 06:00:00,,19
2001-12-30 06:00:00,,22
2001-12-30 06:00:00,,24
2001-12-30 06:00:00,,20
2001-12-30 07:00:00,,6
2001-12-30 07:00:00,,3
2001-12-30 07:00:00,,8
2001-12-30 07:00:00,,1
2001-12-30 07:00:00,,10
2001-12-30 07:00:00,,11
2001-12-30 07:00:00,,2
2001-12-30 07:00:00,,4
2001-12-30 07:00:00,,12
2001-12-30 07:00:00,,7
2001-12-30 07:00:00,,9
2001-12-30 07:00:00,,5
2001-12-30 17:00:00,,16
2001-12-30 17:00:00,,13
2001-12-30 17:00:00,,17
2001-12-30 17:00:00,,18
2001-12-30 17:00:00,,15
2001-12-30 17:00:00,,14
2001-12-31 07:00:00,,24
2001-12-31 07:00:00,,19
2001-12-31 07:00:00,,21
2001-12-31 07:00:00,,23
2001-12-31 07:00:00,,20
2001-12-31 07:00:00,,22
2001-12-31 08:00:00,,7
2001-12-31 08:00:00,,8
2001-12-31 08:00:00,,12
2001-12-31 08:00:00,,9
2001-12-31 08:00:00,,11
2001-12-31 08:00:00,,10
2001-12-31 18:00:00,,13
2001-12-31 18:00:00,,18
2001-12-31 18:00:00,,15
2001-12-31 18:00:00,,17
2001-12-31 18:00:00,,16
2001-12-31 18:00:00,,14
2002-01-01 08:00:00,,20
2002-01-01 08:00:00,,24
2002-01-01 08:00:00,,4
2002-01-01 08:00:00,,5
2002-01-01 08:00:00,,19
2002-01-01 08:00:00,,23
2002-01-01 08:00:00,,1
2002-01-01 08:00:00,,22
2002-01-01 08:00:00,,3
2002-01-01 08:00:00,,21
2002-01-01 08:00:00,,6
2002-01-01 08:00:00,,2
2002-01-01 09:00:00,,12
2002-01-01 09:00:00,,7
2002-01-01 09:00:00,,9
2002-01-01 09:00:00,,8
2002-01-01 09:00:00,,11
2002-01-01 09:00:00,,10
2002-01-01 19:00:00,,18
2002-01-01 19:00:00,,16
2002-01-01 19:00:00,,13
2002-01-01 19:00:00,,17
2002-01-01 19:00:00,,14
2002-01-01 19:00:00,,15
2002-01-02 09:00:00,,23
2002-01-02 09:00:00,,6
2002-01-02 09:00:00,,4
2002-01-02 09:00:00,,19
2002-01-02 09:00:00,,2
2002-01-02 09:00:00,,21
2002-01-02 09:00:00,,20
2002-01-02 09:00:00,,24
2002-01-02 09:00:00,,3
2002-01-02 09:00:00,,5
2002-01-02 09:00:00,,1
2002-01-02 09:00:00,,22
2002-01-02 10:00:00,,9
2002-01-02 10:00:00,,10
2002-01-02 10:00:00,,11
2002-01-02 10:00:00,,7
2002-01-02 10:00:00,,8
2002-01-02 10:00:00,,12
2002-01-02 20:00:00,,14
2002-01-02 20:00:00,,17
2002-01-02 20:00:00,,15
2002-01-02 20:00:00,,13
2002-01-02 20:00:00,,18
2002-01-02 20:00:00,,16
2002-01-03 10:00:00,,21
2002-01-03 10:00:00,,4
2002-01-03 10:00:00,,3
2002-01-03 10:00:00,,1
2002-01-03 10:00:00,,2
2002-01-03 10:00:00,,22
2002-01-03 10:00:00,,20
2002-01-03 10:00:00,,19
2002-01-03 10:00:00,,23
2002-01-03 10:00:00,,6
2002-01-03 10:00:00,,5
2002-01-03 10:00:00,,24
2002-01-03 11:00:00,,10
2002-01-03 11:00:00,,9
2002-01-03 11:00:00,,12
2002-01-03 11:00:00,,8
2002-01-03 11:00:00,,11
2002-01-03 11:00:00,,7
2002-01-03 21:00:00,,15
2002-01-03 21:00:00,,16
2002-01-03 21:00:00,,17
2002-01-03 21:00:00,,18
2002-01-03 21:00:00,,13
2002-01-03 21:00:00,,14
2002-01-05 11:00:00,,3
2002-01-05 11:00:00,,24
2002-01-05 11:00:00,,1
2002-01-05 11:00:00,,20
2002-01-05 11:00:00,,4
2002-01-05 11:00:00,,2
2002-01-05 11:00:00,,21
2002-01-05 11:00:00,,22
2002-01-05 11:00:00,,19
2002-01-05 11:00:00,,23
2002-01-05 11:00:00,,5
2002-01-05 11:00:00,,6
2002-01-05 12:00:00,,10
2002-01-05 12:00:00,,7
2002-01-05 12:00:00,,12
2002-01-05 12:00:00,,8
2002-01-05 12:00:00,,11
2002-01-05 12:00:00,,9
2002-01-05 22:00:00,,16
2002-01-05 22:00:00,,15
2002-01-05 22:00:00,,17
2002-01-05 22:00:00,,18
2002-01-05 22:00:00,,14
2002-01-05 22:00:00,,13
2002-01-06 12:00:00,,6
2002-01-06 12:00:00,,2
2002-01-06 12:00:00,,4
2002-01-06 12:00:00,,21
2002-01-06 12:00:00,,19
2002-01-06 12:00:00,,22
2002-01-06 12:00:00,,5
2002-01-06 12:00:00,,3
2002-01-06 12:00:00,,20
2002-01-06 12:00:00,,23
2002-01-06 12:00:00,,24
2002-01-06 12:00:00,,1
2002-01-06 13:00:00,,11
2002-01-06 13:00:00,,10
2002-01-06 13:00:00,,12
2002-01-06 13:00:00,,9
2002-01-06 13:00:00,,7
2002-01-06 13:00:00,,8
2002-01-06 23:00:00,,15
2002-01-06 23:00:00,,16
2002-01-06 23:00:00,,14
2002-01-06 23:00:00,,18
2002-01-06 23:00:00,,17
2002-01-06 23:00:00,,13
2002-01-07 13:00:00,,23
2002-01-07 13:00:00,,6
2002-01-07 13:00:00,,4
2002-01-07 13:00:00,,20
2002-01-07 13:00:00,,3
2002-01-07 13:00:00,,22
2002-01-07 13:00:00,,19
2002-01-07 13:00:00,,1
2002-01-07 13:00:00,,21
2002-01-07 13:00:00,,24
2002-01-07 13:00:00,,5
2002-01-07 13:00:00,,2
2002-01-07 14:00:00,,8
2002-01-07 14:00:00,,10
2002-01-07 14:00:00,,12
2002-01-07 14:00:00,,9
2002-01-07 14:00:00,,7
2002-01-07 14:00:00,,11
2002-01-08 14:00:00,,19
2002-01-08 14:00:00,,21
2002-01-08 14:00:00,,20
2002-01-08 14:00:00,,3
2002-01-08 14:00:00,,22
2002-01-08 14:00:00,,4
2002-01-08 14:00:00,,2
2002-01-08 14:00:00,,24
2002-01-08 14:00:00,,1
2002-01-08 14:00:00,,5
2002-01-08 14:00:00,,6
2002-01-08 14:00:00,,23
2002-01-08 15:00:00,,8
2002-01-08 15:00:00,,11
2002-01-08 15:00:00,,10
2002-01-08 15:00:00,,9
2002-01-08 15:00:00,,12
2002-01-08 15:00:00,,7
2002-01-09 15:00:00,,21
2002-01-09 15:00:00,,19
2002-01-09 15:00:00,,5
2002-01-09 15:00:00,,22
2002-01-09 15:00:00,,4
2002-01-09 15:00:00,,1
2002-01-09 15:00:00,,6
2002-01-09 15:00:00,,20
2002-01-09 15:00:00,,3
2002-01-09 15:00:00,,23
2002-01-09 15:00:00,,24
2002-01-09 15:00:00,,2
2002-01-09 16:00:00,,7
2002-01-09 16:00:00,,9
2002-01-09 16:00:00,,10
2002-01-09 16:00:00,,11
2002-01-09 16:00:00,,12
2002-01-09 16:00:00,,8
2002-01-10 16:00:00,,24
2002-01-10 16:00:00,,22
2002-01-10 16:00:00,,3
2002-01-10 16:00:00,,2
2002-01-10 16:00:00,,19
2002-01-10 16:00:00,,5
2002-01-10 16:00:00,,6
2002-01-10 16:00:00,,1
2002-01-10 16:00:00,,4
2002-01-10 16:00:00,,21
2002-01-10 16:00:00,,23
2002-01-10 16:00:00,,20
2002-01-10 17:00:00,,8
2002-01-10 17:00:00,,9
2002-01-10 17:00:00,,7
2002-01-10 17:00:00,,10
2002-01-10 17:00:00,,12
2002-01-10 17:00:00,,11
2002-01-11 17:00:00,,23
2002-01-11 17:00:00,,4
2002-01-11 17:00:00,,2
2002-01-11 17:00:00,,1
2002-01-11 17:00:00,,19
2002-01-11 17:00:00,,3
2002-01-11 17:00:00,,6
2002-01-11 17:00:00,,22
2002-01-11 17:00:00,,24
2002-01-11 17:00:00,,21
2002-01-11 17:00:00,,20
2002-01-11 17:00:00,,5
2002-01-11 18:00:00,,7
2002-01-11 18:00:00,,9
2002-01-11 18:00:00,,11
2002-01-11 18:00:00,,12
2002-01-11 18:00:00,,10
2002-01-11 18:00:00,,8
2002-01-12 18:00:00,,1
2002-01-12 18:00:00,,20
2002-01-12 18:00:00,,21
2002-01-12 18:00:00,,4
2002-01-12 18:00:00,,5
2002-01-12 18:00:00,,23
2002-01-12 18:00:00,,6
2002-01-12 18:00:00,,2
2002-01-12 18:00:00,,24
2002-01-12 18:00:00,,22
2002-01-12 18:00:00,,3
2002-01-12 18:00:00,,19
2002-01-12 19:00:00,,11
2002-01-12 19:00:00,,12
2002-01-12 19:00:00,,7
2002-01-12 19:00:00,,10
2002-01-12 19:00:00,,9
2002-01-12 19:00:00,,8
2002-01-13 19:00:00,,3
2002-01-13 19:00:00,,5
2002-01-13 19:00:00,,1
2002-01-13 19:00:00,,20
2002-01-13 19:00:00,,23
2002-01-13 19:00:00,,2
2002-01-13 19:00:00,,21
2002-01-13 19:00:00,,19
2002-01-13 19:00:00,,4
2002-01-13 19:00:00,,24
2002-01-13 19:00:00,,6
2002-01-13 19:00:00,,22
2002-01-13 20:00:00,,7
2002-01-13 20:00:00,,11
2002-01-13 20:00:00,,8
2002-01-13 20:00:00,,9
2002-01-13 20:00:00,,12
2002-01-13 20:00:00,,10
2002-01-14 00:00:00,,17
2002-01-14 00:00:00,,14
2002-01-14 00:00:00,,15
2002-01-14 00:00:00,,18
2002-01-14 00:00:00,,13
2002-01-14 00:00:00,,16
2002-01-14 20:00:00,,4
2002-01-14 20:00:00,,5
2002-01-14 20:00:00,,20
2002-01-14 20:00:00,,24
2002-01-14 20:00:00,,23
2002-01-14 20:00:00,,1
2002-01-14 20:00:00,,19
2002-01-14 20:00:00,,22
2002-01-14 20:00:00,,6
2002-01-14 20:00:00,,21
2002-01-14 20:00:00,,2
2002-01-14 20:00:00,,3
2002-01-14 21:00:00,,19
2002-01-14 21:00:00,,23
2002-01-14 21:00:00,,2
2002-01-14 21:00:00,,7
2002-01-14 21:00:00,,20
2002-01-14 21:00:00,,5
2002-01-14 21:00:00,,11
2002-01-14 21:00:00,,10
2002-01-14 21:00:00,,12
2002-01-14 21:00:00,,6
2002-01-14 21:00:00,,8
2002-01-14 21:00:00,,4
2002-01-14 21:00:00,,3
2002-01-14 21:00:00,,24
2002-01-14 21:00:00,,1
2002-01-14 21:00:00,,21
2002-01-14 21:00:00,,9
2002-01-14 21:00:00,,22
2002-01-15 01:00:00,,13
2002-01-15 01:00:00,,16
2002-01-15 01:00:00,,15
2002-01-15 01:00:00,,14
2002-01-15 01:00:00,,18
2002-01-15 01:00:00,,17
2002-01-15 22:00:00,,10
2002-01-15 22:00:00,,9
2002-01-15 22:00:00,,11
2002-01-15 22:00:00,,22
2002-01-15 22:00:00,,19
2002-01-15 22:00:00,,20
2002-01-15 22:00:00,,23
2002-01-15 22:00:00,,12
2002-01-15 22:00:00,,2
2002-01-15 22:00:00,,5
2002-01-15 22:00:00,,7
2002-01-15 22:00:00,,3
2002-01-15 22:00:00,,21
2002-01-15 22:00:00,,1
2002-01-15 22:00:00,,24
2002-01-15 22:00:00,,6
2002-01-15 22:00:00,,4
2002-01-15 22:00:00,,8
2002-01-16 23:00:00,,12
2002-01-16 23:00:00,,6
2002-01-16 23:00:00,,1
2002-01-16 23:00:00,,3
2002-01-16 23:00:00,,9
2002-01-16 23:00:00,,23
2002-01-16 23:00:00,,24
2002-01-16 23:00:00,,19
2002-01-16 23:00:00,,20
2002-01-16 23:00:00,,5
2002-01-16 23:00:00,,11
2002-01-16 23:00:00,,10
2002-01-16 23:00:00,,2
2002-01-16 23:00:00,,8
2002-01-16 23:00:00,,7
2002-01-16 23:00:00,,4
2002-01-16 23:00:00,,21
2002-01-16 23:00:00,,22
2002-01-17 00:00:00,,1
2002-01-17 00:00:00,,2
2002-01-17 00:00:00,,7
2002-01-17 00:00:00,,3
2002-01-17 00:00:00,,19
2002-01-17 00:00:00,,23
2002-01-17 00:00:00,,4
2002-01-17 00:00:00,,24
2002-01-17 00:00:00,,8
2002-01-17 00:00:00,,12
2002-01-17 00:00:00,,11
2002-01-17 00:00:00,,21
2002-01-17 00:00:00,,5
2002-01-17 00:00:00,,20
2002-01-17 00:00:00,,6
2002-01-17 00:00:00,,22
2002-01-17 00:00:00,,10
2002-01-17 00:00:00,,9
2002-01-18 01:00:00,,7
2002-01-18 01:00:00,,21
2002-01-18 01:00:00,,3
2002-01-18 01:00:00,,11
2002-01-18 01:00:00,,4
2002-01-18 01:00:00,,12
2002-01-18 01:00:00,,9
2002-01-18 01:00:00,,24
2002-01-18 01:00:00,,10
2002-01-18 01:00:00,,8
2002-01-18 01:00:00,,20
2002-01-18 01:00:00,,22
2002-01-18 01:00:00,,6
2002-01-18 01:00:00,,5
2002-01-18 01:00:00,,2
2002-01-18 01:00:00,,19
2002-01-18 01:00:00,,23
2002-01-18 01:00:00,,1
2002-01-19 02:00:00,,23
2002-01-19 02:00:00,,10
2002-01-19 02:00:00,,4
2002-01-19 02:00:00,,24
2002-01-19 02:00:00,,11
2002-01-19 02:00:00,,9
2002-01-19 02:00:00,,2
2002-01-19 02:00:00,,12
2002-01-19 02:00:00,,3
2002-01-19 02:00:00,,21
2002-01-19 02:00:00,,1
2002-01-19 02:00:00,,20
2002-01-19 02:00:00,,7
2002-01-19 02:00:00,,6
2002-01-19 02:00:00,,19
2002-01-19 02:00:00,,22
2002-01-19 02:00:00,,5
2002-01-19 02:00:00,,8
2002-01-20 03:00:00,,8
2002-01-20 03:00:00,,20
2002-01-20 03:00:00,,2
2002-01-20 03:00:00,,24
2002-01-20 03:00:00,,5
2002-01-20 03:00:00,,6
2002-01-20 03:00:00,,12
2002-01-20 03:00:00,,22
2002-01-20 03:00:00,,19
2002-01-20 03:00:00,,11
2002-01-20 03:00:00,,9
2002-01-20 03:00:00,,10
2002-01-20 03:00:00,,3
2002-01-20 03:00:00,,21
2002-01-20 03:00:00,,7
2002-01-20 03:00:00,,1
2002-01-20 03:00:00,,23
2002-01-20 03:00:00,,4
2002-01-21 04:00:00,,19
2002-01-21 04:00:00,,5
2002-01-21 04:00:00,,11
2002-01-21 04:00:00,,22
2002-01-21 04:00:00,,23
2002-01-21 04:00:00,,6
2002-01-21 04:00:00,,24
2002-01-21 04:00:00,,12
2002-01-21 04:00:00,,7
2002-01-21 04:00:00,,8
2002-01-21 04:00:00,,4
2002-01-21 04:00:00,,10
2002-01-21 04:00:00,,3
2002-01-21 04:00:00,,9
2002-01-21 04:00:00,,2
2002-01-21 04:00:00,,21
2002-01-21 04:00:00,,20
2002-01-21 04:00:00,,1
2002-01-22 05:00:00,,9
2002-01-22 05:00:00,,7
2002-01-22 05:00:00,,8
2002-01-22 05:00:00,,11
2002-01-22 05:00:00,,10
2002-01-22 05:00:00,,12
2002-01-23 05:00:00,,5
2002-01-23 05:00:00,,22
2002-01-23 05:00:00,,20
2002-01-23 05:00:00,,24
2002-01-23 05:00:00,,21
2002-01-23 05:00:00,,19
2002-01-23 05:00:00,,6
2002-01-23 05:00:00,,1
2002-01-23 05:00:00,,4
2002-01-23 05:00:00,,3
2002-01-23 05:00:00,,2
2002-01-23 05:00:00,,23
2002-01-23 06:00:00,,7
2002-01-23 06:00:00,,11
2002-01-23 06:00:00,,8
2002-01-23 06:00:00,,10
2002-01-23 06:00:00,,12
2002-01-23 06:00:00,,9
2002-01-24 06:00:00,,24
2002-01-24 06:00:00,,3
2002-01-24 06:00:00,,4
2002-01-24 06:00:00,,1
2002-01-24 06:00:00,,20
2002-01-24 06:00:00,,19
2002-01-24 06:00:00,,21
2002-01-24 06:00:00,,23
2002-01-24 06:00:00,,22
2002-01-24 06:00:00,,2
2002-01-24 06:00:00,,5
2002-01-24 06:00:00,,6
2002-01-24 07:00:00,,11
2002-01-24 07:00:00,,8
2002-01-24 07:00:00,,12
2002-01-24 07:00:00,,10
2002-01-24 07:00:00,,7
2002-01-24 07:00:00,,9
2002-01-25 02:00:00,,16
2002-01-25 02:00:00,,14
2002-01-25 02:00:00,,15
2002-01-25 02:00:00,,18
2002-01-25 02:00:00,,17
2002-01-25 02:00:00,,13
2002-01-25 07:00:00,,6
2002-01-25 07:00:00,,4
2002-01-25 07:00:00,,19
2002-01-25 07:00:00,,22
2002-01-25 07:00:00,,2
2002-01-25 07:00:00,,1
2002-01-25 07:00:00,,3
2002-01-25 07:00:00,,24
2002-01-25 07:00:00,,21
2002-01-25 07:00:00,,20
2002-01-25 07:00:00,,5
2002-01-25 07:00:00,,23
2002-01-25 08:00:00,,7
2002-01-25 08:00:00,,12
2002-01-25 08:00:00,,8
2002-01-25 08:00:00,,11
2002-01-25 08:00:00,,9
2002-01-25 08:00:00,,10
2002-01-26 03:00:00,,14
2002-01-26 03:00:00,,16
2002-01-26 03:00:00,,18
2002-01-26 03:00:00,,17
2002-01-26 03:00:00,,15
2002-01-26 03:00:00,,13
2002-01-26 08:00:00,,4
2002-01-26 08:00:00,,6
2002-01-26 08:00:00,,24
2002-01-26 08:00:00,,3
2002-01-26 08:00:00,,20
2002-01-26 08:00:00,,19
2002-01-26 08:00:00,,1
2002-01-26 08:00:00,,23
2002-01-26 08:00:00,,2
2002-01-26 08:00:00,,5
2002-01-26 08:00:00,,22
2002-01-26 08:00:00,,21
2002-01-26 09:00:00,,11
2002-01-26 09:00:00,,10
2002-01-26 09:00:00,,7
2002-01-26 09:00:00,,12
2002-01-26 09:00:00,,8
2002-01-26 09:00:00,,9
2002-01-27 09:00:00,,1
2002-01-27 09:00:00,,2
2002-01-27 09:00:00,,24
2002-01-27 09:00:00,,21
2002-01-27 09:00:00,,22
2002-01-27 09:00:00,,3
2002-01-27 09:00:00,,5
2002-01-27 09:00:00,,20
2002-01-27 09:00:00,,4
2002-01-27 09:00:00,,23
2002-01-27 09:00:00,,6
2002-01-27 09:00:00,,19
2002-01-27 10:00:00,,8
2002-01-27 10:00:00,,9
2002-01-27 10:00:00,,10
2002-01-27 10:00:00,,7
2002-01-27 10:00:00,,11
2002-01-27 10:00:00,,12
2002-01-28 10:00:00,,23
2002-01-28 10:00:00,,5
2002-01-28 10:00:00,,22
2002-01-28 10:00:00,,6
2002-01-28 10:00:00,,21
2002-01-28 10:00:00,,3
2002-01-28 10:00:00,,2
2002-01-28 10:00:00,,20
2002-01-28 10:00:00,,19
2002-01-28 10:00:00,,4
2002-01-28 10:00:00,,24
2002-01-28 10:00:00,,1
2002-01-28 11:00:00,,7
2002-01-28 11:00:00,,8
2002-01-28 11:00:00,,11
2002-01-28 11:00:00,,10
2002-01-28 11:00:00,,12
2002-01-28 11:00:00,,9
2002-01-29 11:00:00,,19
2002-01-29 11:00:00,,24
2002-01-29 11:00:00,,23
2002-01-29 11:00:00,,4
2002-01-29 11:00:00,,5
2002-01-29 11:00:00,,6
2002-01-29 11:00:00,,21
2002-01-29 11:00:00,,3
2002-01-29 11:00:00,,22
2002-01-29 11:00:00,,20
2002-01-29 11:00:00,,1
2002-01-29 11:00:00,,2
2002-01-29 12:00:00,,8
2002-01-29 12:00:00,,7
2002-01-29 12:00:00,,11
2002-01-29 12:00:00,,9
2002-01-29 12:00:00,,10
2002-01-29 12:00:00,,12
2002-01-30 12:00:00,,1
2002-01-30 12:00:00,,22
2002-01-30 12:00:00,,3
2002-01-30 12:00:00,,5
2002-01-30 12:00:00,,24
2002-01-30 12:00:00,,21
2002-01-30 12:00:00,,19
2002-01-30 12:00:00,,20
2002-01-30 12:00:00,,2
2002-01-30 12:00:00,,6
2002-01-30 12:00:00,,23
2002-01-30 12:00:00,,4
2002-01-30 13:00:00,,7
2002-01-30 13:00:00,,10
2002-01-30 13:00:00,,11
2002-01-30 13:00:00,,8
2002-01-30 13:00:00,,9
2002-01-30 13:00:00,,12
2002-01-31 04:00:00,,15
2002-01-31 04:00:00,,14
2002-01-31 04:00:00,,17
2002-01-31 04:00:00,,16
2002-01-31 04:00:00,,18
2002-01-31 04:00:00,,13
2002-01-31 13:00:00,,20
2002-01-31 13:00:00,,21
2002-01-31 13:00:00,,6
2002-01-31 13:00:00,,4
2002-01-31 13:00:00,,24
2002-01-31 13:00:00,,3
2002-01-31 13:00:00,,23
2002-01-31 13:00:00,,2
2002-01-31 13:00:00,,1
2002-01-31 13:00:00,,22
2002-01-31 13:00:00,,19
2002-01-31 13:00:00,,5
2002-01-31 14:00:00,,9
2002-01-31 14:00:00,,7
2002-01-31 14:00:00,,10
2002-01-31 14:00:00,,11
2002-01-31 14:00:00,,12
2002-01-31 14:00:00,,8
2002-02-01 05:00:00,,18
2002-02-01 05:00:00,,17
2002-02-01 05:00:00,,13
2002-02-01 05:00:00,,15
2002-02-01 05:00:00,,16
2002-02-01 05:00:00,,14
2002-02-01 14:00:00,,19
2002-02-01 14:00:00,,3
2002-02-01 14:00:00,,22
2002-02-01 14:00:00,,2
2002-02-01 14:00:00,,20
2002-02-01 14:00:00,,4
2002-02-01 14:00:00,,6
2002-02-01 14:00:00,,23
2002-02-01 14:00:00,,5
2002-02-01 14:00:00,,24
2002-02-01 14:00:00,,21
2002-02-01 14:00:00,,1
2002-02-01 15:00:00,,7
2002-02-01 15:00:00,,11
2002-02-01 15:00:00,,10
2002-02-01 15:00:00,,12
2002-02-01 15:00:00,,8
2002-02-01 15:00:00,,9
2002-02-02 06:00:00,,17
2002-02-02 06:00:00,,18
2002-02-02 06:00:00,,16
2002-02-02 06:00:00,,13
2002-02-02 06:00:00,,14
2002-02-02 06:00:00,,15
2002-02-02 15:00:00,,5
2002-02-02 15:00:00,,2
2002-02-02 15:00:00,,20
2002-02-02 15:00:00,,19
2002-02-02 15:00:00,,3
2002-02-02 15:00:00,,23
2002-02-02 15:00:00,,22
2002-02-02 15:00:00,,24
2002-02-02 15:00:00,,4
2002-02-02 15:00:00,,21
2002-02-02 15:00:00,,1
2002-02-02 15:00:00,,6
2002-02-02 16:00:00,,10
2002-02-02 16:00:00,,12
2002-02-02 16:00:00,,9
2002-02-02 16:00:00,,11
2002-02-02 16:00:00,,7
2002-02-02 16:00:00,,8
2002-02-03 07:00:00,,14
2002-02-03 07:00:00,,17
2002-02-03 07:00:00,,13
2002-02-03 07:00:00,,15
2002-02-03 07:00:00,,16
2002-02-03 07:00:00,,18
2002-02-03 16:00:00,,5
2002-02-03 16:00:00,,6
2002-02-03 16:00:00,,23
2002-02-03 16:00:00,,21
2002-02-03 16:00:00,,20
2002-02-03 16:00:00,,4
2002-02-03 16:00:00,,19
2002-02-03 16:00:00,,2
2002-02-03 16:00:00,,22
2002-02-03 16:00:00,,1
2002-02-03 16:00:00,,3
2002-02-03 16:00:00,,24
2002-02-03 17:00:00,,8
2002-02-03 17:00:00,,7
2002-02-03 17:00:00,,11
2002-02-03 17:00:00,,9
2002-02-03 17:00:00,,12
2002-02-03 17:00:00,,10
2002-02-04 08:00:00,,14
2002-02-04 08:00:00,,17
2002-02-04 08:00:00,,15
2002-02-04 08:00:00,,16
2002-02-04 08:00:00,,18
2002-02-04 08:00:00,,13
2002-02-04 17:00:00,,20
2002-02-04 17:00:00,,19
2002-02-04 17:00:00,,23
2002-02-04 17:00:00,,21
2002-02-04 17:00:00,,3
2002-02-04 17:00:00,,24
2002-02-04 17:00:00,,2
2002-02-04 17:00:00,,4
2002-02-04 17:00:00,,22
2002-02-04 17:00:00,,5
2002-02-04 17:00:00,,1
2002-02-04 17:00:00,,6
2002-02-04 18:00:00,,12
2002-02-04 18:00:00,,8
2002-02-04 18:00:00,,11
2002-02-04 18:00:00,,7
2002-02-04 18:00:00,,9
2002-02-04 18:00:00,,10
2002-02-05 09:00:00,,15
2002-02-05 09:00:00,,16
2002-02-05 09:00:00,,18
2002-02-05 09:00:00,,13
2002-02-05 09:00:00,,17
2002-02-05 09:00:00,,14
2002-02-05 18:00:00,,1
2002-02-05 18:00:00,,20
2002-02-05 18:00:00,,21
2002-02-05 18:00:00,,23
2002-02-05 18:00:00,,24
2002-02-05 18:00:00,,4
2002-02-05 18:00:00,,19
2002-02-05 18:00:00,,3
2002-02-05 18:00:00,,2
2002-02-05 18:00:00,,22
2002-02-05 18:00:00,,6
2002-02-05 18:00:00,,5
2002-02-05 19:00:00,,7
2002-02-05 19:00:00,,9
2002-02-05 19:00:00,,8
2002-02-05 19:00:00,,10
2002-02-05 19:00:00,,12
2002-02-05 19:00:00,,11
2002-02-06 10:00:00,,14
2002-02-06 10:00:00,,16
2002-02-06 10:00:00,,18
2002-02-06 10:00:00,,13
2002-02-06 10:00:00,,17
2002-02-06 10:00:00,,15
2002-02-06 19:00:00,,19
2002-02-06 19:00:00,,20
2002-02-06 19:00:00,,6
2002-02-06 19:00:00,,21
2002-02-06 19:00:00,,5
2002-02-06 19:00:00,,4
2002-02-06 19:00:00,,1
2002-02-06 19:00:00,,23
2002-02-06 19:00:00,,24
2002-02-06 19:00:00,,3
2002-02-06 19:00:00,,22
2002-02-06 19:00:00,,2
2002-02-06 20:00:00,,11
2002-02-06 20:00:00,,9
2002-02-06 20:00:00,,10
2002-02-06 20:00:00,,12
2002-02-06 20:00:00,,8
2002-02-06 20:00:00,,7
2002-02-07 11:00:00,,16
2002-02-07 11:00:00,,15
2002-02-07 11:00:00,,18
2002-02-07 11:00:00,,14
2002-02-07 11:00:00,,17
2002-02-07 11:00:00,,13
2002-02-07 20:00:00,,4
2002-02-07 20:00:00,,24
2002-02-07 20:00:00,,2
2002-02-07 20:00:00,,21
2002-02-07 20:00:00,,22
2002-02-07 20:00:00,,19
2002-02-07 20:00:00,,20
2002-02-07 20:00:00,,1
2002-02-07 20:00:00,,3
2002-02-07 20:00:00,,6
2002-02-07 20:00:00,,5
2002-02-07 20:00:00,,23
2002-02-07 21:00:00,,7
2002-02-07 21:00:00,,12
2002-02-07 21:00:00,,9
2002-02-07 21:00:00,,10
2002-02-07 21:00:00,,11
2002-02-07 21:00:00,,8
2002-02-08 12:00:00,,13
2002-02-08 12:00:00,,14
2002-02-08 12:00:00,,16
2002-02-08 12:00:00,,15
2002-02-08 12:00:00,,17
2002-02-08 12:00:00,,18
2002-02-08 21:00:00,,5
2002-02-08 21:00:00,,4
2002-02-08 21:00:00,,20
2002-02-08 21:00:00,,6
2002-02-08 21:00:00,,3
2002-02-08 21:00:00,,23
2002-02-08 21:00:00,,2
2002-02-08 21:00:00,,22
2002-02-08 21:00:00,,24
2002-02-08 21:00:00,,19
2002-02-08 21:00:00,,21
2002-02-08 21:00:00,,1
2002-02-08 22:00:00,,10
2002-02-08 22:00:00,,8
2002-02-08 22:00:00,,9
2002-02-08 22:00:00,,12
2002-02-08 22:00:00,,11
2002-02-08 22:00:00,,7
2002-02-09 13:00:00,,18
2002-02-09 13:00:00,,15
2002-02-09 13:00:00,,13
2002-02-09 13:00:00,,17
2002-02-09 13:00:00,,14
2002-02-09 13:00:00,,16
2002-02-09 22:00:00,,2
2002-02-09 22:00:00,,3
2002-02-09 22:00:00,,22
2002-02-09 22:00:00,,21
2002-02-09 22:00:00,,19
2002-02-09 22:00:00,,6
2002-02-09 22:00:00,,23
2002-02-09 22:00:00,,5
2002-02-09 22:00:00,,1
2002-02-09 22:00:00,,20
2002-02-09 22:00:00,,24
2002-02-09 22:00:00,,4
2002-02-09 23:00:00,,7
2002-02-09 23:00:00,,11
2002-02-09 23:00:00,,12
2002-02-09 23:00:00,,8
2002-02-09 23:00:00,,9
2002-02-09 23:00:00,,10
2002-02-10 00:00:00,,12
2002-02-10 00:00:00,,8
2002-02-10 00:00:00,,10
2002-02-10 00:00:00,,9
2002-02-10 00:00:00,,7
2002-02-10 00:00:00,,11
2002-02-10 14:00:00,,18
2002-02-10 14:00:00,,13
2002-02-10 14:00:00,,14
2002-02-10 14:00:00,,16
2002-02-10 14:00:00,,17
2002-02-10 14:00:00,,15
2002-02-10 23:00:00,,22
2002-02-10 23:00:00,,20
2002-02-10 23:00:00,,4
2002-02-10 23:00:00,,6
2002-02-10 23:00:00,,5
2002-02-10 23:00:00,,2
2002-02-10 23:00:00,,21
2002-02-10 23:00:00,,23
2002-02-10 23:00:00,,3
2002-02-10 23:00:00,,24
2002-02-10 23:00:00,,19
2002-02-10 23:00:00,,1
2002-02-11 00:00:00,,2
2002-02-11 00:00:00,,22
2002-02-11 00:00:00,,1
2002-02-11 00:00:00,,21
2002-02-11 00:00:00,,23
2002-02-11 00:00:00,,19
2002-02-11 00:00:00,,24
2002-02-11 00:00:00,,20
2002-02-11 00:00:00,,3
2002-02-11 00:00:00,,4
2002-02-11 00:00:00,,6
2002-02-11 00:00:00,,5
2002-02-11 01:00:00,,10
2002-02-11 01:00:00,,7
2002-02-11 01:00:00,,9
2002-02-11 01:00:00,,12
2002-02-11 01:00:00,,11
2002-02-11 01:00:00,,8
2002-02-11 15:00:00,,14
2002-02-11 15:00:00,,16
2002-02-11 15:00:00,,18
2002-02-11 15:00:00,,17
2002-02-11 15:00:00,,15
2002-02-11 15:00:00,,13
2002-02-12 01:00:00,,22
2002-02-12 01:00:00,,6
2002-02-12 01:00:00,,20
2002-02-12 01:00:00,,24
2002-02-12 01:00:00,,19
2002-02-12 01:00:00,,4
2002-02-12 01:00:00,,3
2002-02-12 01:00:00,,2
2002-02-12 01:00:00,,23
2002-02-12 01:00:00,,5
2002-02-12 01:00:00,,1
2002-02-12 01:00:00,,21
2002-02-12 02:00:00,,7
2002-02-12 02:00:00,,12
2002-02-12 02:00:00,,11
2002-02-12 02:00:00,,8
2002-02-12 02:00:00,,9
2002-02-12 02:00:00,,10
2002-02-12 16:00:00,,17
2002-02-12 16:00:00,,15
2002-02-12 16:00:00,,16
2002-02-12 16:00:00,,13
2002-02-12 16:00:00,,14
2002-02-12 16:00:00,,18
2002-02-13 02:00:00,,21
2002-02-13 02:00:00,,1
2002-02-13 02:00:00,,4
2002-02-13 02:00:00,,20
2002-02-13 02:00:00,,23
2002-02-13 02:00:00,,3
2002-02-13 02:00:00,,24
2002-02-13 02:00:00,,6
2002-02-13 02:00:00,,19
2002-02-13 02:00:00,,5
2002-02-13 02:00:00,,2
2002-02-13 02:00:00,,22
2002-02-13 03:00:00,,7
2002-02-13 03:00:00,,8
2002-02-13 03:00:00,,10
2002-02-13 03:00:00,,11
2002-02-13 03:00:00,,12
2002-02-13 03:00:00,,9
2002-02-13 17:00:00,,17
2002-02-13 17:00:00,,18
2002-02-13 17:00:00,,15
2002-02-13 17:00:00,,16
2002-02-13 17:00:00,,13
2002-02-13 17:00:00,,14
2002-02-14 03:00:00,,1
2002-02-14 03:00:00,,5
2002-02-14 03:00:00,,24
2002-02-14 03:00:00,,2
2002-02-14 03:00:00,,22
2002-02-14 03:00:00,,3
2002-02-14 03:00:00,,23
2002-02-14 03:00:00,,4
2002-02-14 03:00:00,,20
2002-02-14 03:00:00,,6
2002-02-14 03:00:00,,21
2002-02-14 03:00:00,,19
2002-02-14 04:00:00,,9
2002-02-14 04:00:00,,8
2002-02-14 04:00:00,,11
2002-02-14 04:00:00,,7
2002-02-14 04:00:00,,12
2002-02-14 04:00:00,,10
2002-02-14 18:00:00,,15
2002-02-14 18:00:00,,17
2002-02-14 18:00:00,,13
2002-02-14 18:00:00,,14
2002-02-14 18:00:00,,18
2002-02-14 18:00:00,,16
2002-02-15 04:00:00,,6
2002-02-15 04:00:00,,24
2002-02-15 04:00:00,,23
2002-02-15 04:00:00,,3
2002-02-15 04:00:00,,21
2002-02-15 04:00:00,,1
2002-02-15 04:00:00,,5
2002-02-15 04:00:00,,19
2002-02-15 04:00:00,,20
2002-02-15 04:00:00,,4
2002-02-15 04:00:00,,22
2002-02-15 04:00:00,,2
2002-02-15 05:00:00,,8
2002-02-15 05:00:00,,11
2002-02-15 05:00:00,,7
2002-02-15 05:00:00,,10
2002-02-15 05:00:00,,12
2002-02-15 05:00:00,,9
2002-02-15 19:00:00,,16
2002-02-15 19:00:00,,17
2002-02-15 19:00:00,,13
2002-02-15 19:00:00,,15
2002-02-15 19:00:00,,14
2002-02-15 19:00:00,,18
2002-02-16 05:00:00,,4
2002-02-16 05:00:00,,21
2002-02-16 05:00:00,,23
2002-02-16 05:00:00,,19
2002-02-16 05:00:00,,1
2002-02-16 05:00:00,,24
2002-02-16 05:00:00,,6
2002-02-16 05:00:00,,20
2002-02-16 05:00:00,,2
2002-02-16 05:00:00,,3
2002-02-16 05:00:00,,22
2002-02-16 05:00:00,,5
2002-02-16 06:00:00,,11
2002-02-16 06:00:00,,12
2002-02-16 06:00:00,,7
2002-02-16 06:00:00,,9
2002-02-16 06:00:00,,10
2002-02-16 06:00:00,,8
2002-02-16 20:00:00,,17
2002-02-16 20:00:00,,14
2002-02-16 20:00:00,,13
2002-02-16 20:00:00,,15
2002-02-16 20:00:00,,16
2002-02-16 20:00:00,,18
2002-02-17 06:00:00,,20
2002-02-17 06:00:00,,22
2002-02-17 06:00:00,,4
2002-02-17 06:00:00,,24
2002-02-17 06:00:00,,21
2002-02-17 06:00:00,,1
2002-02-17 06:00:00,,5
2002-02-17 06:00:00,,2
2002-02-17 06:00:00,,6
2002-02-17 06:00:00,,19
2002-02-17 06:00:00,,23
2002-02-17 06:00:00,,3
2002-02-17 07:00:00,,8
2002-02-17 07:00:00,,10
2002-02-17 07:00:00,,7
2002-02-17 07:00:00,,9
2002-02-17 07:00:00,,11
2002-02-17 07:00:00,,12
2002-02-17 21:00:00,,17
2002-02-17 21:00:00,,18
2002-02-17 21:00:00,,14
2002-02-17 21:00:00,,13
2002-02-17 21:00:00,,15
2002-02-17 21:00:00,,16
2002-02-19 07:00:00,,3
2002-02-19 07:00:00,,23
2002-02-19 07:00:00,,20
2002-02-19 07:00:00,,22
2002-02-19 07:00:00,,4
2002-02-19 07:00:00,,5
2002-02-19 07:00:00,,21
2002-02-19 07:00:00,,24
2002-02-19 07:00:00,,6
2002-02-19 07:00:00,,19
2002-02-19 07:00:00,,1
2002-02-19 07:00:00,,2
2002-02-19 08:00:00,,11
2002-02-19 08:00:00,,12
2002-02-19 08:00:00,,7
2002-02-19 08:00:00,,10
2002-02-19 08:00:00,,8
2002-02-19 08:00:00,,9
2002-02-19 22:00:00,,18
2002-02-19 22:00:00,,17
2002-02-19 22:00:00,,15
2002-02-19 22:00:00,,13
2002-02-19 22:00:00,,16
2002-02-19 22:00:00,,14
2002-02-20 08:00:00,,23
2002-02-20 08:00:00,,4
2002-02-20 08:00:00,,19
2002-02-20 08:00:00,,22
2002-02-20 08:00:00,,24
2002-02-20 08:00:00,,21
2002-02-20 08:00:00,,20
2002-02-20 08:00:00,,1
2002-02-20 08:00:00,,5
2002-02-20 08:00:00,,3
2002-02-20 08:00:00,,6
2002-02-20 08:00:00,,2
2002-02-20 09:00:00,,10
2002-02-20 09:00:00,,9
2002-02-20 09:00:00,,8
2002-02-20 09:00:00,,12
2002-02-20 09:00:00,,11
2002-02-20 09:00:00,,7
2002-02-20 23:00:00,,14
2002-02-20 23:00:00,,17
2002-02-20 23:00:00,,13
2002-02-20 23:00:00,,15
2002-02-20 23:00:00,,18
2002-02-20 23:00:00,,16
2002-02-21 00:00:00,,15
2002-02-21 00:00:00,,13
2002-02-21 00:00:00,,17
2002-02-21 00:00:00,,14
2002-02-21 00:00:00,,16
2002-02-21 00:00:00,,18
2002-02-21 09:00:00,,6
2002-02-21 09:00:00,,22
2002-02-21 09:00:00,,1
2002-02-21 09:00:00,,4
2002-02-21 09:00:00,,24
2002-02-21 09:00:00,,21
2002-02-21 09:00:00,,23
2002-02-21 09:00:00,,5
2002-02-21 09:00:00,,3
2002-02-21 09:00:00,,2
2002-02-21 09:00:00,,20
2002-02-21 09:00:00,,19
2002-02-21 10:00:00,,9
2002-02-21 10:00:00,,11
2002-02-21 10:00:00,,12
2002-02-21 10:00:00,,10
2002-02-21 10:00:00,,8
2002-02-21 10:00:00,,7
2002-02-22 01:00:00,,13
2002-02-22 01:00:00,,15
2002-02-22 01:00:00,,18
2002-02-22 01:00:00,,14
2002-02-22 01:00:00,,16
2002-02-22 01:00:00,,17
2002-02-22 10:00:00,,3
2002-02-22 10:00:00,,5
2002-02-22 10:00:00,,24
2002-02-22 10:00:00,,23
2002-02-22 10:00:00,,22
2002-02-22 10:00:00,,6
2002-02-22 10:00:00,,19
2002-02-22 10:00:00,,1
2002-02-22 10:00:00,,2
2002-02-22 10:00:00,,20
2002-02-22 10:00:00,,21
2002-02-22 10:00:00,,4
2002-02-22 11:00:00,,12
2002-02-22 11:00:00,,10
2002-02-22 11:00:00,,8
2002-02-22 11:00:00,,7
2002-02-22 11:00:00,,9
2002-02-22 11:00:00,,11
2002-02-23 02:00:00,,13
2002-02-23 02:00:00,,16
2002-02-23 02:00:00,,17
2002-02-23 02:00:00,,15
2002-02-23 02:00:00,,14
2002-02-23 02:00:00,,18
2002-02-23 11:00:00,,1
2002-02-23 11:00:00,,24
2002-02-23 11:00:00,,23
2002-02-23 11:00:00,,20
2002-02-23 11:00:00,,21
2002-02-23 11:00:00,,19
2002-02-23 11:00:00,,4
2002-02-23 11:00:00,,22
2002-02-23 11:00:00,,5
2002-02-23 11:00:00,,2
2002-02-23 11:00:00,,6
2002-02-23 11:00:00,,3
2002-02-23 12:00:00,,10
2002-02-23 12:00:00,,9
2002-02-23 12:00:00,,11
2002-02-23 12:00:00,,7
2002-02-23 12:00:00,,12
2002-02-23 12:00:00,,8
2002-02-24 03:00:00,,13
2002-02-24 03:00:00,,17
2002-02-24 03:00:00,,15
2002-02-24 03:00:00,,18
2002-02-24 03:00:00,,16
2002-02-24 03:00:00,,14
2002-02-24 04:00:00,,13
2002-02-24 04:00:00,,14
2002-02-24 04:00:00,,16
2002-02-24 04:00:00,,15
2002-02-24 04:00:00,,18
2002-02-24 04:00:00,,17
2002-02-24 12:00:00,,3
2002-02-24 12:00:00,,4
2002-02-24 12:00:00,,1
2002-02-24 12:00:00,,2
2002-02-24 12:00:00,,22
2002-02-24 12:00:00,,5
2002-02-24 12:00:00,,21
2002-02-24 12:00:00,,19
2002-02-24 12:00:00,,23
2002-02-24 12:00:00,,20
2002-02-24 12:00:00,,6
2002-02-24 12:00:00,,24
2002-02-24 13:00:00,,12
2002-02-24 13:00:00,,2
2002-02-24 13:00:00,,3
2002-02-24 13:00:00,,6
2002-02-24 13:00:00,,19
2002-02-24 13:00:00,,10
2002-02-24 13:00:00,,8
2002-02-24 13:00:00,,20
2002-02-24 13:00:00,,1
2002-02-24 13:00:00,,4
2002-02-24 13:00:00,,23
2002-02-24 13:00:00,,21
2002-02-24 13:00:00,,5
2002-02-24 13:00:00,,11
2002-02-24 13:00:00,,9
2002-02-24 13:00:00,,24
2002-02-24 13:00:00,,22
2002-02-24 13:00:00,,7
2002-02-24 14:00:00,,8
2002-02-24 14:00:00,,7
2002-02-24 14:00:00,,11
2002-02-24 14:00:00,,9
2002-02-24 14:00:00,,10
2002-02-24 14:00:00,,12
2002-02-25 05:00:00,,13
2002-02-25 05:00:00,,16
2002-02-25 05:00:00,,18
2002-02-25 05:00:00,,17
2002-02-25 05:00:00,,15
2002-02-25 05:00:00,,14
2002-02-25 14:00:00,,21
2002-02-25 14:00:00,,2
2002-02-25 14:00:00,,4
2002-02-25 14:00:00,,3
2002-02-25 14:00:00,,24
2002-02-25 14:00:00,,22
2002-02-25 14:00:00,,1
2002-02-25 14:00:00,,20
2002-02-25 14:00:00,,5
2002-02-25 14:00:00,,6
2002-02-25 14:00:00,,23
2002-02-25 14:00:00,,19
2002-02-25 15:00:00,,11
2002-02-25 15:00:00,,10
2002-02-25 15:00:00,,9
2002-02-25 15:00:00,,8
2002-02-25 15:00:00,,12
2002-02-25 15:00:00,,7
2002-02-26 06:00:00,,16
2002-02-26 06:00:00,,18
2002-02-26 06:00:00,,13
2002-02-26 06:00:00,,14
2002-02-26 06:00:00,,17
2002-02-26 06:00:00,,15
2002-02-26 15:00:00,,6
2002-02-26 15:00:00,,5
2002-02-26 15:00:00,,22
2002-02-26 15:00:00,,21
2002-02-26 15:00:00,,23
2002-02-26 15:00:00,,1
2002-02-26 15:00:00,,24
2002-02-26 15:00:00,,4
2002-02-26 15:00:00,,2
2002-02-26 15:00:00,,3
2002-02-26 15:00:00,,19
2002-02-26 15:00:00,,20
2002-02-26 16:00:00,,9
2002-02-26 16:00:00,,8
2002-02-26 16:00:00,,7
2002-02-26 16:00:00,,12
2002-02-26 16:00:00,,11
2002-02-26 16:00:00,,10
2002-02-27 07:00:00,,18
2002-02-27 07:00:00,,14
2002-02-27 07:00:00,,16
2002-02-27 07:00:00,,13
2002-02-27 07:00:00,,17
2002-02-27 07:00:00,,15
2002-02-27 16:00:00,,1
2002-02-27 16:00:00,,21
2002-02-27 16:00:00,,22
2002-02-27 16:00:00,,24
2002-02-27 16:00:00,,23
2002-02-27 16:00:00,,2
2002-02-27 16:00:00,,20
2002-02-27 16:00:00,,4
2002-02-27 16:00:00,,19
2002-02-27 16:00:00,,6
2002-02-27 16:00:00,,5
2002-02-27 16:00:00,,3
2002-02-27 17:00:00,,11
2002-02-27 17:00:00,,12
2002-02-27 17:00:00,,7
2002-02-27 17:00:00,,8
2002-02-27 17:00:00,,9
2002-02-27 17:00:00,,10
2002-02-28 08:00:00,,17
2002-02-28 08:00:00,,14
2002-02-28 08:00:00,,15
2002-02-28 08:00:00,,13
2002-02-28 08:00:00,,18
2002-02-28 08:00:00,,16
2002-02-28 17:00:00,,19
2002-02-28 17:00:00,,2
2002-02-28 17:00:00,,1
2002-02-28 17:00:00,,22
2002-02-28 17:00:00,,24
2002-02-28 17:00:00,,21
2002-02-28 17:00:00,,6
2002-02-28 17:00:00,,3
2002-02-28 17:00:00,,20
2002-02-28 17:00:00,,4
2002-02-28 17:00:00,,5
2002-02-28 17:00:00,,23
2002-02-28 18:00:00,,9
2002-02-28 18:00:00,,7
2002-02-28 18:00:00,,10
2002-02-28 18:00:00,,8
2002-02-28 18:00:00,,11
2002-02-28 18:00:00,,12
2002-03-01 09:00:00,,16
2002-03-01 09:00:00,,15
2002-03-01 09:00:00,,13
2002-03-01 09:00:00,,17
2002-03-01 09:00:00,,18
2002-03-01 09:00:00,,14
2002-03-01 18:00:00,,1
2002-03-01 18:00:00,,19
2002-03-01 18:00:00,,6
2002-03-01 18:00:00,,21
2002-03-01 18:00:00,,3
2002-03-01 18:00:00,,24
2002-03-01 18:00:00,,20
2002-03-01 18:00:00,,23
2002-03-01 18:00:00,,4
2002-03-01 18:00:00,,2
2002-03-01 18:00:00,,5
2002-03-01 18:00:00,,22
2002-03-01 19:00:00,,8
2002-03-01 19:00:00,,10
2002-03-01 19:00:00,,11
2002-03-01 19:00:00,,9
2002-03-01 19:00:00,,12
2002-03-01 19:00:00,,7
2002-03-02 10:00:00,,16
2002-03-02 10:00:00,,17
2002-03-02 10:00:00,,13
2002-03-02 10:00:00,,18
2002-03-02 10:00:00,,14
2002-03-02 10:00:00,,15
2002-03-02 19:00:00,,6
2002-03-02 19:00:00,,4
2002-03-02 19:00:00,,24
2002-03-02 19:00:00,,5
2002-03-02 19:00:00,,20
2002-03-02 19:00:00,,1
2002-03-02 19:00:00,,3
2002-03-02 19:00:00,,21
2002-03-02 19:00:00,,19
2002-03-02 19:00:00,,2
2002-03-02 19:00:00,,23
2002-03-02 19:00:00,,22
2002-03-02 20:00:00,,7
2002-03-02 20:00:00,,11
2002-03-02 20:00:00,,10
2002-03-02 20:00:00,,12
2002-03-02 20:00:00,,8
2002-03-02 20:00:00,,9
2002-03-03 11:00:00,,14
2002-03-03 11:00:00,,17
2002-03-03 11:00:00,,13
2002-03-03 11:00:00,,15
2002-03-03 11:00:00,,18
2002-03-03 11:00:00,,16
2002-03-03 20:00:00,,20
2002-03-03 20:00:00,,2
2002-03-03 20:00:00,,6
2002-03-03 20:00:00,,22
2002-03-03 20:00:00,,1
2002-03-03 20:00:00,,4
2002-03-03 20:00:00,,21
2002-03-03 20:00:00,,3
2002-03-03 20:00:00,,5
2002-03-03 20:00:00,,24
2002-03-03 20:00:00,,19
2002-03-03 20:00:00,,23
2002-03-03 21:00:00,,10
2002-03-03 21:00:00,,9
2002-03-03 21:00:00,,8
2002-03-03 21:00:00,,11
2002-03-03 21:00:00,,12
2002-03-03 21:00:00,,7
2002-03-04 12:00:00,,13
2002-03-04 12:00:00,,18
2002-03-04 12:00:00,,17
2002-03-04 12:00:00,,15
2002-03-04 12:00:00,,14
2002-03-04 12:00:00,,16
2002-03-04 22:00:00,,10
2002-03-04 22:00:00,,7
2002-03-04 22:00:00,,9
2002-03-04 22:00:00,,11
2002-03-04 22:00:00,,12
2002-03-04 22:00:00,,8
2002-03-05 13:00:00,,18
2002-03-05 13:00:00,,17
2002-03-05 13:00:00,,13
2002-03-05 13:00:00,,15
2002-03-05 13:00:00,,14
2002-03-05 13:00:00,,16
2002-03-05 23:00:00,,10
2002-03-05 23:00:00,,9
2002-03-05 23:00:00,,12
2002-03-05 23:00:00,,8
2002-03-05 23:00:00,,7
2002-03-05 23:00:00,,11
2002-03-06 00:00:00,,11
2002-03-06 00:00:00,,7
2002-03-06 00:00:00,,10
2002-03-06 00:00:00,,8
2002-03-06 00:00:00,,12
2002-03-06 00:00:00,,9
2002-03-06 14:00:00,,16
2002-03-06 14:00:00,,14
2002-03-06 14:00:00,,18
2002-03-06 14:00:00,,15
2002-03-06 14:00:00,,13
2002-03-06 14:00:00,,17
2002-03-06 21:00:00,,23
2002-03-06 21:00:00,,22
2002-03-06 21:00:00,,20
2002-03-06 21:00:00,,21
2002-03-06 21:00:00,,19
2002-03-06 21:00:00,,24
2002-03-07 01:00:00,,7
2002-03-07 01:00:00,,11
2002-03-07 01:00:00,,8
2002-03-07 01:00:00,,12
2002-03-07 01:00:00,,10
2002-03-07 01:00:00,,9
2002-03-07 15:00:00,,17
2002-03-07 15:00:00,,14
2002-03-07 15:00:00,,15
2002-03-07 15:00:00,,16
2002-03-07 15:00:00,,18
2002-03-07 15:00:00,,13
2002-03-07 21:00:00,,4
2002-03-07 21:00:00,,5
2002-03-07 21:00:00,,2
2002-03-07 21:00:00,,3
2002-03-07 21:00:00,,1
2002-03-07 21:00:00,,6
2002-03-07 22:00:00,,22
2002-03-07 22:00:00,,24
2002-03-07 22:00:00,,23
2002-03-07 22:00:00,,20
2002-03-07 22:00:00,,19
2002-03-07 22:00:00,,21
2002-03-08 02:00:00,,7
2002-03-08 02:00:00,,12
2002-03-08 02:00:00,,9
2002-03-08 02:00:00,,8
2002-03-08 02:00:00,,10
2002-03-08 02:00:00,,11
2002-03-08 16:00:00,,15
2002-03-08 16:00:00,,13
2002-03-08 16:00:00,,18
2002-03-08 16:00:00,,16
2002-03-08 16:00:00,,14
2002-03-08 16:00:00,,17
2002-03-08 22:00:00,,6
2002-03-08 22:00:00,,3
2002-03-08 22:00:00,,1
2002-03-08 22:00:00,,2
2002-03-08 22:00:00,,5
2002-03-08 22:00:00,,4
2002-03-08 23:00:00,,23
2002-03-08 23:00:00,,20
2002-03-08 23:00:00,,19
2002-03-08 23:00:00,,24
2002-03-08 23:00:00,,21
2002-03-08 23:00:00,,22
2002-03-09 00:00:00,,22
2002-03-09 00:00:00,,24
2002-03-09 00:00:00,,21
2002-03-09 00:00:00,,20
2002-03-09 00:00:00,,23
2002-03-09 00:00:00,,19
2002-03-09 03:00:00,,11
2002-03-09 03:00:00,,12
2002-03-09 03:00:00,,9
2002-03-09 03:00:00,,10
2002-03-09 03:00:00,,7
2002-03-09 03:00:00,,8
2002-03-09 17:00:00,,18
2002-03-09 17:00:00,,14
2002-03-09 17:00:00,,17
2002-03-09 17:00:00,,16
2002-03-09 17:00:00,,13
2002-03-09 17:00:00,,15
2002-03-09 23:00:00,,5
2002-03-09 23:00:00,,3
2002-03-09 23:00:00,,4
2002-03-09 23:00:00,,2
2002-03-09 23:00:00,,6
2002-03-09 23:00:00,,1
2002-03-10 00:00:00,,5
2002-03-10 00:00:00,,1
2002-03-10 00:00:00,,4
2002-03-10 00:00:00,,6
2002-03-10 00:00:00,,2
2002-03-10 00:00:00,,3
2002-03-10 01:00:00,,19
2002-03-10 01:00:00,,24
2002-03-10 01:00:00,,23
2002-03-10 01:00:00,,20
2002-03-10 01:00:00,,22
2002-03-10 01:00:00,,21
2002-03-10 04:00:00,,12
2002-03-10 04:00:00,,9
2002-03-10 04:00:00,,11
2002-03-10 04:00:00,,7
2002-03-10 04:00:00,,8
2002-03-10 04:00:00,,10
2002-03-10 18:00:00,,17
2002-03-10 18:00:00,,16
2002-03-10 18:00:00,,15
2002-03-10 18:00:00,,18
2002-03-10 18:00:00,,13
2002-03-10 18:00:00,,14
2002-03-11 01:00:00,,1
2002-03-11 01:00:00,,4
2002-03-11 01:00:00,,3
2002-03-11 01:00:00,,2
2002-03-11 01:00:00,,5
2002-03-11 01:00:00,,6
2002-03-11 02:00:00,,21
2002-03-11 02:00:00,,20
2002-03-11 02:00:00,,24
2002-03-11 02:00:00,,19
2002-03-11 02:00:00,,22
2002-03-11 02:00:00,,23
2002-03-11 05:00:00,,10
2002-03-11 05:00:00,,8
2002-03-11 05:00:00,,12
2002-03-11 05:00:00,,11
2002-03-11 05:00:00,,9
2002-03-11 05:00:00,,7
2002-03-11 19:00:00,,13
2002-03-11 19:00:00,,14
2002-03-11 19:00:00,,15
2002-03-11 19:00:00,,16
2002-03-11 19:00:00,,17
2002-03-11 19:00:00,,18
2002-03-12 03:00:00,,22
2002-03-12 03:00:00,,19
2002-03-12 03:00:00,,23
2002-03-12 03:00:00,,21
2002-03-12 03:00:00,,20
2002-03-12 03:00:00,,24
2002-03-12 06:00:00,,12
2002-03-12 06:00:00,,7
2002-03-12 06:00:00,,11
2002-03-12 06:00:00,,9
2002-03-12 06:00:00,,10
2002-03-12 06:00:00,,8
2002-03-12 20:00:00,,16
2002-03-12 20:00:00,,17
2002-03-12 20:00:00,,13
2002-03-12 20:00:00,,18
2002-03-12 20:00:00,,14
2002-03-12 20:00:00,,15
2002-03-13 02:00:00,,5
2002-03-13 02:00:00,,1
2002-03-13 02:00:00,,4
2002-03-13 02:00:00,,2
2002-03-13 02:00:00,,6
2002-03-13 02:00:00,,3
2002-03-13 04:00:00,,19
2002-03-13 04:00:00,,21
2002-03-13 04:00:00,,24
2002-03-13 04:00:00,,23
2002-03-13 04:00:00,,22
2002-03-13 04:00:00,,20
2002-03-13 07:00:00,,7
2002-03-13 07:00:00,,12
2002-03-13 07:00:00,,9
2002-03-13 07:00:00,,10
2002-03-13 07:00:00,,8
2002-03-13 07:00:00,,11
2002-03-13 21:00:00,,15
2002-03-13 21:00:00,,16
2002-03-13 21:00:00,,13
2002-03-13 21:00:00,,17
2002-03-13 21:00:00,,18
2002-03-13 21:00:00,,14
2002-03-15 05:00:00,,24
2002-03-15 05:00:00,,23
2002-03-15 05:00:00,,19
2002-03-15 05:00:00,,21
2002-03-15 05:00:00,,20
2002-03-15 05:00:00,,22
2002-03-15 08:00:00,,7
2002-03-15 08:00:00,,10
2002-03-15 08:00:00,,8
2002-03-15 08:00:00,,9
2002-03-15 08:00:00,,12
2002-03-15 08:00:00,,11
2002-03-15 22:00:00,,14
2002-03-15 22:00:00,,17
2002-03-15 22:00:00,,15
2002-03-15 22:00:00,,18
2002-03-15 22:00:00,,16
2002-03-15 22:00:00,,13
2002-03-16 03:00:00,,2
2002-03-16 03:00:00,,1
2002-03-16 03:00:00,,6
2002-03-16 03:00:00,,5
2002-03-16 03:00:00,,3
2002-03-16 03:00:00,,4
2002-03-16 06:00:00,,19
2002-03-16 06:00:00,,24
2002-03-16 06:00:00,,20
2002-03-16 06:00:00,,22
2002-03-16 06:00:00,,21
2002-03-16 06:00:00,,23
2002-03-16 09:00:00,,7
2002-03-16 09:00:00,,11
2002-03-16 09:00:00,,12
2002-03-16 09:00:00,,10
2002-03-16 09:00:00,,9
2002-03-16 09:00:00,,8
2002-03-16 23:00:00,,14
2002-03-16 23:00:00,,13
2002-03-16 23:00:00,,17
2002-03-16 23:00:00,,15
2002-03-16 23:00:00,,16
2002-03-16 23:00:00,,18
2002-03-17 00:00:00,,15
2002-03-17 00:00:00,,13
2002-03-17 00:00:00,,16
2002-03-17 00:00:00,,18
2002-03-17 00:00:00,,14
2002-03-17 00:00:00,,17
2002-03-17 10:00:00,,12
2002-03-17 10:00:00,,11
2002-03-17 10:00:00,,7
2002-03-17 10:00:00,,8
2002-03-17 10:00:00,,9
2002-03-17 10:00:00,,10
2002-03-18 01:00:00,,16
2002-03-18 01:00:00,,18
2002-03-18 01:00:00,,13
2002-03-18 01:00:00,,15
2002-03-18 01:00:00,,14
2002-03-18 01:00:00,,17
2002-03-18 11:00:00,,10
2002-03-18 11:00:00,,8
2002-03-18 11:00:00,,9
2002-03-18 11:00:00,,7
2002-03-18 11:00:00,,12
2002-03-18 11:00:00,,11
2002-03-19 02:00:00,,17
2002-03-19 02:00:00,,15
2002-03-19 02:00:00,,13
2002-03-19 02:00:00,,16
2002-03-19 02:00:00,,14
2002-03-19 02:00:00,,18
2002-03-19 04:00:00,,2
2002-03-19 04:00:00,,1
2002-03-19 04:00:00,,4
2002-03-19 04:00:00,,5
2002-03-19 04:00:00,,3
2002-03-19 04:00:00,,6
2002-03-19 07:00:00,,20
2002-03-19 07:00:00,,19
2002-03-19 07:00:00,,23
2002-03-19 07:00:00,,22
2002-03-19 07:00:00,,24
2002-03-19 07:00:00,,21
2002-03-19 12:00:00,,10
2002-03-19 12:00:00,,11
2002-03-19 12:00:00,,12
2002-03-19 12:00:00,,9
2002-03-19 12:00:00,,7
2002-03-19 12:00:00,,8
2002-03-20 03:00:00,,15
2002-03-20 03:00:00,,16
2002-03-20 03:00:00,,18
2002-03-20 03:00:00,,17
2002-03-20 03:00:00,,14
2002-03-20 03:00:00,,13
2002-03-20 13:00:00,,7
2002-03-20 13:00:00,,9
2002-03-20 13:00:00,,12
2002-03-20 13:00:00,,10
2002-03-20 13:00:00,,8
2002-03-20 13:00:00,,11
2002-03-21 04:00:00,,15
2002-03-21 04:00:00,,13
2002-03-21 04:00:00,,18
2002-03-21 04:00:00,,14
2002-03-21 04:00:00,,17
2002-03-21 04:00:00,,16
2002-03-21 05:00:00,,1
2002-03-21 05:00:00,,2
2002-03-21 05:00:00,,4
2002-03-21 05:00:00,,6
2002-03-21 05:00:00,,3
2002-03-21 05:00:00,,5
2002-03-21 08:00:00,,22
2002-03-21 08:00:00,,24
2002-03-21 08:00:00,,19
2002-03-21 08:00:00,,21
2002-03-21 08:00:00,,20
2002-03-21 08:00:00,,23
2002-03-21 14:00:00,,8
2002-03-21 14:00:00,,11
2002-03-21 14:00:00,,10
2002-03-21 14:00:00,,7
2002-03-21 14:00:00,,12
2002-03-21 14:00:00,,9
2002-03-22 05:00:00,,17
2002-03-22 05:00:00,,14
2002-03-22 05:00:00,,15
2002-03-22 05:00:00,,13
2002-03-22 05:00:00,,18
2002-03-22 05:00:00,,16
2002-03-22 09:00:00,,22
2002-03-22 09:00:00,,24
2002-03-22 09:00:00,,21
2002-03-22 09:00:00,,19
2002-03-22 09:00:00,,20
2002-03-22 09:00:00,,23
2002-03-22 15:00:00,,7
2002-03-22 15:00:00,,11
2002-03-22 15:00:00,,9
2002-03-22 15:00:00,,10
2002-03-22 15:00:00,,8
2002-03-22 15:00:00,,12
2002-03-23 06:00:00,,18
2002-03-23 06:00:00,,17
2002-03-23 06:00:00,,4
2002-03-23 06:00:00,,5
2002-03-23 06:00:00,,1
2002-03-23 06:00:00,,16
2002-03-23 06:00:00,,2
2002-03-23 06:00:00,,6
2002-03-23 06:00:00,,14
2002-03-23 06:00:00,,13
2002-03-23 06:00:00,,3
2002-03-23 06:00:00,,15
2002-03-23 10:00:00,,24
2002-03-23 10:00:00,,21
2002-03-23 10:00:00,,19
2002-03-23 10:00:00,,23
2002-03-23 10:00:00,,20
2002-03-23 10:00:00,,22
2002-03-23 16:00:00,,11
2002-03-23 16:00:00,,8
2002-03-23 16:00:00,,12
2002-03-23 16:00:00,,9
2002-03-23 16:00:00,,7
2002-03-23 16:00:00,,10
2002-03-24 07:00:00,,16
2002-03-24 07:00:00,,14
2002-03-24 07:00:00,,18
2002-03-24 07:00:00,,15
2002-03-24 07:00:00,,4
2002-03-24 07:00:00,,6
2002-03-24 07:00:00,,17
2002-03-24 07:00:00,,3
2002-03-24 07:00:00,,2
2002-03-24 07:00:00,,13
2002-03-24 07:00:00,,1
2002-03-24 07:00:00,,5
2002-03-24 11:00:00,,22
2002-03-24 11:00:00,,23
2002-03-24 11:00:00,,24
2002-03-24 11:00:00,,20
2002-03-24 11:00:00,,19
2002-03-24 11:00:00,,21
2002-03-24 17:00:00,,8
2002-03-24 17:00:00,,9
2002-03-24 17:00:00,,12
2002-03-24 17:00:00,,11
2002-03-24 17:00:00,,10
2002-03-24 17:00:00,,7
2002-03-25 08:00:00,,17
2002-03-25 08:00:00,,16
2002-03-25 08:00:00,,14
2002-03-25 08:00:00,,18
2002-03-25 08:00:00,,15
2002-03-25 08:00:00,,13
2002-03-25 18:00:00,,10
2002-03-25 18:00:00,,12
2002-03-25 18:00:00,,11
2002-03-25 18:00:00,,7
2002-03-25 18:00:00,,9
2002-03-25 18:00:00,,8
2002-03-26 08:00:00,,4
2002-03-26 08:00:00,,5
2002-03-26 08:00:00,,1
2002-03-26 08:00:00,,2
2002-03-26 08:00:00,,6
2002-03-26 08:00:00,,3
2002-03-26 09:00:00,,16
2002-03-26 09:00:00,,15
2002-03-26 09:00:00,,14
2002-03-26 09:00:00,,17
2002-03-26 09:00:00,,18
2002-03-26 09:00:00,,13
2002-03-26 12:00:00,,19
2002-03-26 12:00:00,,20
2002-03-26 12:00:00,,21
2002-03-26 12:00:00,,22
2002-03-26 12:00:00,,24
2002-03-26 12:00:00,,23
2002-03-26 19:00:00,,9
2002-03-26 19:00:00,,11
2002-03-26 19:00:00,,8
2002-03-26 19:00:00,,10
2002-03-26 19:00:00,,7
2002-03-26 19:00:00,,12
2002-03-27 09:00:00,,3
2002-03-27 09:00:00,,5
2002-03-27 09:00:00,,2
2002-03-27 09:00:00,,6
2002-03-27 09:00:00,,1
2002-03-27 09:00:00,,4
2002-03-27 13:00:00,,23
2002-03-27 13:00:00,,21
2002-03-27 13:00:00,,24
2002-03-27 13:00:00,,19
2002-03-27 13:00:00,,22
2002-03-27 13:00:00,,20
2002-03-27 20:00:00,,8
2002-03-27 20:00:00,,7
2002-03-27 20:00:00,,10
2002-03-27 20:00:00,,11
2002-03-27 20:00:00,,9
2002-03-27 20:00:00,,12
2002-03-28 10:00:00,,2
2002-03-28 10:00:00,,3
2002-03-28 10:00:00,,5
2002-03-28 10:00:00,,1
2002-03-28 10:00:00,,4
2002-03-28 10:00:00,,6
2002-03-28 14:00:00,,22
2002-03-28 14:00:00,,21
2002-03-28 14:00:00,,23
2002-03-28 14:00:00,,24
2002-03-28 14:00:00,,19
2002-03-28 14:00:00,,20
2002-03-28 21:00:00,,7
2002-03-28 21:00:00,,9
2002-03-28 21:00:00,,11
2002-03-28 21:00:00,,10
2002-03-28 21:00:00,,12
2002-03-28 21:00:00,,8
2002-03-29 10:00:00,,13
2002-03-29 10:00:00,,14
2002-03-29 10:00:00,,16
2002-03-29 10:00:00,,15
2002-03-29 10:00:00,,18
2002-03-29 10:00:00,,17
2002-03-29 11:00:00,,5
2002-03-29 11:00:00,,3
2002-03-29 11:00:00,,6
2002-03-29 11:00:00,,1
2002-03-29 11:00:00,,2
2002-03-29 11:00:00,,4
2002-03-29 15:00:00,,24
2002-03-29 15:00:00,,20
2002-03-29 15:00:00,,23
2002-03-29 15:00:00,,21
2002-03-29 15:00:00,,22
2002-03-29 15:00:00,,19
2002-03-29 22:00:00,,12
2002-03-29 22:00:00,,9
2002-03-29 22:00:00,,11
2002-03-29 22:00:00,,7
2002-03-29 22:00:00,,8
2002-03-29 22:00:00,,10
2002-03-30 11:00:00,,16
2002-03-30 11:00:00,,13
2002-03-30 11:00:00,,15
2002-03-30 11:00:00,,18
2002-03-30 11:00:00,,17
2002-03-30 11:00:00,,14
2002-03-30 12:00:00,,1
2002-03-30 12:00:00,,6
2002-03-30 12:00:00,,2
2002-03-30 12:00:00,,3
2002-03-30 12:00:00,,4
2002-03-30 12:00:00,,5
2002-03-30 16:00:00,,21
2002-03-30 16:00:00,,22
2002-03-30 16:00:00,,19
2002-03-30 16:00:00,,23
2002-03-30 16:00:00,,24
2002-03-30 16:00:00,,20
2002-03-30 23:00:00,,12
2002-03-30 23:00:00,,8
2002-03-30 23:00:00,,11
2002-03-30 23:00:00,,9
2002-03-30 23:00:00,,7
2002-03-30 23:00:00,,10
2002-03-31 00:00:00,,12
2002-03-31 00:00:00,,7
2002-03-31 00:00:00,,9
2002-03-31 00:00:00,,10
2002-03-31 00:00:00,,8
2002-03-31 00:00:00,,11
2002-03-31 12:00:00,,15
2002-03-31 12:00:00,,13
2002-03-31 12:00:00,,17
2002-03-31 12:00:00,,18
2002-03-31 12:00:00,,14
2002-03-31 12:00:00,,16
2002-03-31 13:00:00,,3
2002-03-31 13:00:00,,5
2002-03-31 13:00:00,,2
2002-03-31 13:00:00,,4
2002-03-31 13:00:00,,1
2002-03-31 13:00:00,,6
2002-03-31 17:00:00,,23
2002-03-31 17:00:00,,19
2002-03-31 17:00:00,,21
2002-03-31 17:00:00,,20
2002-03-31 17:00:00,,24
2002-03-31 17:00:00,,22
2002-04-01 01:00:00,,7
2002-04-01 01:00:00,,10
2002-04-01 01:00:00,,8
2002-04-01 01:00:00,,12
2002-04-01 01:00:00,,11
2002-04-01 01:00:00,,9
2002-04-01 13:00:00,,15
2002-04-01 13:00:00,,14
2002-04-01 13:00:00,,17
2002-04-01 13:00:00,,13
2002-04-01 13:00:00,,16
2002-04-01 13:00:00,,18
2002-04-01 14:00:00,,1
2002-04-01 14:00:00,,4
2002-04-01 14:00:00,,5
2002-04-01 14:00:00,,6
2002-04-01 14:00:00,,3
2002-04-01 14:00:00,,2
2002-04-01 18:00:00,,19
2002-04-01 18:00:00,,22
2002-04-01 18:00:00,,23
2002-04-01 18:00:00,,21
2002-04-01 18:00:00,,20
2002-04-01 18:00:00,,24
2002-04-02 02:00:00,,7
2002-04-02 02:00:00,,12
2002-04-02 02:00:00,,10
2002-04-02 02:00:00,,9
2002-04-02 02:00:00,,11
2002-04-02 02:00:00,,8
2002-04-02 14:00:00,,17
2002-04-02 14:00:00,,13
2002-04-02 14:00:00,,16
2002-04-02 14:00:00,,14
2002-04-02 14:00:00,,15
2002-04-02 14:00:00,,18
2002-04-02 15:00:00,,2
2002-04-02 15:00:00,,3
2002-04-02 15:00:00,,4
2002-04-02 15:00:00,,5
2002-04-02 15:00:00,,1
2002-04-02 15:00:00,,6
2002-04-02 19:00:00,,24
2002-04-02 19:00:00,,20
2002-04-02 19:00:00,,21
2002-04-02 19:00:00,,23
2002-04-02 19:00:00,,22
2002-04-02 19:00:00,,19
2002-04-03 03:00:00,,7
2002-04-03 03:00:00,,10
2002-04-03 03:00:00,,12
2002-04-03 03:00:00,,9
2002-04-03 03:00:00,,8
2002-04-03 03:00:00,,11
2002-04-03 15:00:00,,16
2002-04-03 15:00:00,,17
2002-04-03 15:00:00,,18
2002-04-03 15:00:00,,13
2002-04-03 15:00:00,,14
2002-04-03 15:00:00,,15
2002-04-03 16:00:00,,3
2002-04-03 16:00:00,,6
2002-04-03 16:00:00,,1
2002-04-03 16:00:00,,4
2002-04-03 16:00:00,,5
2002-04-03 16:00:00,,2
2002-04-03 20:00:00,,19
2002-04-03 20:00:00,,23
2002-04-03 20:00:00,,24
2002-04-03 20:00:00,,20
2002-04-03 20:00:00,,22
2002-04-03 20:00:00,,21
2002-04-04 04:00:00,,12
2002-04-04 04:00:00,,8
2002-04-04 04:00:00,,7
2002-04-04 04:00:00,,10
2002-04-04 04:00:00,,9
2002-04-04 04:00:00,,11
2002-04-04 16:00:00,,18
2002-04-04 16:00:00,,13
2002-04-04 16:00:00,,15
2002-04-04 16:00:00,,14
2002-04-04 16:00:00,,16
2002-04-04 16:00:00,,17
2002-04-04 17:00:00,,5
2002-04-04 17:00:00,,3
2002-04-04 17:00:00,,4
2002-04-04 17:00:00,,2
2002-04-04 17:00:00,,6
2002-04-04 17:00:00,,1
2002-04-04 21:00:00,,22
2002-04-04 21:00:00,,24
2002-04-04 21:00:00,,23
2002-04-04 21:00:00,,19
2002-04-04 21:00:00,,20
2002-04-04 21:00:00,,21
2002-04-05 05:00:00,,9
2002-04-05 05:00:00,,12
2002-04-05 05:00:00,,11
2002-04-05 05:00:00,,8
2002-04-05 05:00:00,,7
2002-04-05 05:00:00,,10
2002-04-05 17:00:00,,14
2002-04-05 17:00:00,,17
2002-04-05 17:00:00,,18
2002-04-05 17:00:00,,13
2002-04-05 17:00:00,,15
2002-04-05 17:00:00,,16
2002-04-05 18:00:00,,5
2002-04-05 18:00:00,,3
2002-04-05 18:00:00,,6
2002-04-05 18:00:00,,2
2002-04-05 18:00:00,,1
2002-04-05 18:00:00,,4
2002-04-05 22:00:00,,22
2002-04-05 22:00:00,,19
2002-04-05 22:00:00,,23
2002-04-05 22:00:00,,24
2002-04-05 22:00:00,,20
2002-04-05 22:00:00,,21
2002-04-06 06:00:00,,9
2002-04-06 06:00:00,,12
2002-04-06 06:00:00,,10
2002-04-06 06:00:00,,8
2002-04-06 06:00:00,,11
2002-04-06 06:00:00,,7
2002-04-06 18:00:00,,13
2002-04-06 18:00:00,,17
2002-04-06 18:00:00,,14
2002-04-06 18:00:00,,18
2002-04-06 18:00:00,,16
2002-04-06 18:00:00,,15
2002-04-06 19:00:00,,3
2002-04-06 19:00:00,,4
2002-04-06 19:00:00,,6
2002-04-06 19:00:00,,2
2002-04-06 19:00:00,,1
2002-04-06 19:00:00,,5
2002-04-06 23:00:00,,23
2002-04-06 23:00:00,,21
2002-04-06 23:00:00,,24
2002-04-06 23:00:00,,19
2002-04-06 23:00:00,,22
2002-04-06 23:00:00,,20
2002-04-07 00:00:00,,19
2002-04-07 00:00:00,,24
2002-04-07 00:00:00,,21
2002-04-07 00:00:00,,22
2002-04-07 00:00:00,,23
2002-04-07 00:00:00,,20
2002-04-07 07:00:00,,11
2002-04-07 07:00:00,,9
2002-04-07 07:00:00,,8
2002-04-07 07:00:00,,7
2002-04-07 07:00:00,,12
2002-04-07 07:00:00,,10
2002-04-07 19:00:00,,13
2002-04-07 19:00:00,,16
2002-04-07 19:00:00,,14
2002-04-07 19:00:00,,17
2002-04-07 19:00:00,,18
2002-04-07 19:00:00,,15
2002-04-07 20:00:00,,1
2002-04-07 20:00:00,,4
2002-04-07 20:00:00,,3
2002-04-07 20:00:00,,5
2002-04-07 20:00:00,,2
2002-04-07 20:00:00,,6
2002-04-08 01:00:00,,22
2002-04-08 01:00:00,,23
2002-04-08 01:00:00,,20
2002-04-08 01:00:00,,24
2002-04-08 01:00:00,,19
2002-04-08 01:00:00,,21
2002-04-08 08:00:00,,10
2002-04-08 08:00:00,,8
2002-04-08 08:00:00,,9
2002-04-08 08:00:00,,11
2002-04-08 08:00:00,,12
2002-04-08 08:00:00,,7
2002-04-08 20:00:00,,18
2002-04-08 20:00:00,,15
2002-04-08 20:00:00,,13
2002-04-08 20:00:00,,17
2002-04-08 20:00:00,,16
2002-04-08 20:00:00,,14
2002-04-08 21:00:00,,4
2002-04-08 21:00:00,,3
2002-04-08 21:00:00,,2
2002-04-08 21:00:00,,1
2002-04-08 21:00:00,,6
2002-04-08 21:00:00,,5
2002-04-09 09:00:00,,10
2002-04-09 09:00:00,,8
2002-04-09 09:00:00,,12
2002-04-09 09:00:00,,11
2002-04-09 09:00:00,,9
2002-04-09 09:00:00,,7
2002-04-09 21:00:00,,18
2002-04-09 21:00:00,,13
2002-04-09 21:00:00,,14
2002-04-09 21:00:00,,15
2002-04-09 21:00:00,,16
2002-04-09 21:00:00,,17
2002-04-10 10:00:00,,9
2002-04-10 10:00:00,,10
2002-04-10 10:00:00,,12
2002-04-10 10:00:00,,11
2002-04-10 10:00:00,,7
2002-04-10 10:00:00,,8
2002-04-10 22:00:00,,16
2002-04-10 22:00:00,,15
2002-04-10 22:00:00,,17
2002-04-10 22:00:00,,18
2002-04-10 22:00:00,,14
2002-04-10 22:00:00,,13
2002-04-11 11:00:00,,8
2002-04-11 11:00:00,,12
2002-04-11 11:00:00,,7
2002-04-11 11:00:00,,9
2002-04-11 11:00:00,,11
2002-04-11 11:00:00,,10
2002-04-11 23:00:00,,15
2002-04-11 23:00:00,,17
2002-04-11 23:00:00,,18
2002-04-11 23:00:00,,14
2002-04-11 23:00:00,,13
2002-04-11 23:00:00,,16
2002-04-12 00:00:00,,16
2002-04-12 00:00:00,,14
2002-04-12 00:00:00,,13
2002-04-12 00:00:00,,18
2002-04-12 00:00:00,,15
2002-04-12 00:00:00,,17
2002-04-12 12:00:00,,12
2002-04-12 12:00:00,,8
2002-04-12 12:00:00,,7
2002-04-12 12:00:00,,9
2002-04-12 12:00:00,,11
2002-04-12 12:00:00,,10
2002-04-13 01:00:00,,13
2002-04-13 01:00:00,,18
2002-04-13 01:00:00,,17
2002-04-13 01:00:00,,14
2002-04-13 01:00:00,,15
2002-04-13 01:00:00,,16
2002-04-13 13:00:00,,10
2002-04-13 13:00:00,,8
2002-04-13 13:00:00,,7
2002-04-13 13:00:00,,11
2002-04-13 13:00:00,,9
2002-04-13 13:00:00,,12
2002-04-14 02:00:00,,18
2002-04-14 02:00:00,,16
2002-04-14 02:00:00,,15
2002-04-14 02:00:00,,13
2002-04-14 02:00:00,,17
2002-04-14 02:00:00,,14
2002-04-14 14:00:00,,10
2002-04-14 14:00:00,,9
2002-04-14 14:00:00,,12
2002-04-14 14:00:00,,7
2002-04-14 14:00:00,,11
2002-04-14 14:00:00,,8
2002-04-15 03:00:00,,18
2002-04-15 03:00:00,,15
2002-04-15 03:00:00,,16
2002-04-15 03:00:00,,17
2002-04-15 03:00:00,,13
2002-04-15 03:00:00,,14
2002-04-15 15:00:00,,11
2002-04-15 15:00:00,,10
2002-04-15 15:00:00,,8
2002-04-15 15:00:00,,7
2002-04-15 15:00:00,,9
2002-04-15 15:00:00,,12
2002-04-16 04:00:00,,15
2002-04-16 04:00:00,,14
2002-04-16 04:00:00,,18
2002-04-16 04:00:00,,16
2002-04-16 04:00:00,,17
2002-04-16 04:00:00,,13
2002-04-16 16:00:00,,10
2002-04-16 16:00:00,,9
2002-04-16 16:00:00,,11
2002-04-16 16:00:00,,8
2002-04-16 16:00:00,,12
2002-04-16 16:00:00,,7
2002-04-17 05:00:00,,16
2002-04-17 05:00:00,,15
2002-04-17 05:00:00,,14
2002-04-17 05:00:00,,17
2002-04-17 05:00:00,,18
2002-04-17 05:00:00,,13
2002-04-17 17:00:00,,10
2002-04-17 17:00:00,,12
2002-04-17 17:00:00,,9
2002-04-17 17:00:00,,8
2002-04-17 17:00:00,,7
2002-04-17 17:00:00,,11
2002-04-18 06:00:00,,17
2002-04-18 06:00:00,,14
2002-04-18 06:00:00,,16
2002-04-18 06:00:00,,18
2002-04-18 06:00:00,,15
2002-04-18 06:00:00,,13
2002-04-18 18:00:00,,12
2002-04-18 18:00:00,,9
2002-04-18 18:00:00,,11
2002-04-18 18:00:00,,8
2002-04-18 18:00:00,,10
2002-04-18 18:00:00,,7
2002-04-19 07:00:00,,14
2002-04-19 07:00:00,,17
2002-04-19 07:00:00,,13
2002-04-19 07:00:00,,18
2002-04-19 07:00:00,,16
2002-04-19 07:00:00,,15
2002-04-19 19:00:00,,11
2002-04-19 19:00:00,,10
2002-04-19 19:00:00,,12
2002-04-19 19:00:00,,7
2002-04-19 19:00:00,,9
2002-04-19 19:00:00,,8
2002-04-20 08:00:00,,15
2002-04-20 08:00:00,,18
2002-04-20 08:00:00,,13
2002-04-20 08:00:00,,16
2002-04-20 08:00:00,,14
2002-04-20 08:00:00,,17
2002-04-20 20:00:00,,12
2002-04-20 20:00:00,,9
2002-04-20 20:00:00,,7
2002-04-20 20:00:00,,8
2002-04-20 20:00:00,,11
2002-04-20 20:00:00,,10
2002-04-21 09:00:00,,18
2002-04-21 09:00:00,,16
2002-04-21 09:00:00,,17
2002-04-21 09:00:00,,14
2002-04-21 09:00:00,,15
2002-04-21 09:00:00,,13
2002-04-21 21:00:00,,8
2002-04-21 21:00:00,,7
2002-04-21 21:00:00,,9
2002-04-21 21:00:00,,12
2002-04-21 21:00:00,,10
2002-04-21 21:00:00,,11
2002-04-22 10:00:00,,18
2002-04-22 10:00:00,,16
2002-04-22 10:00:00,,17
2002-04-22 10:00:00,,14
2002-04-22 10:00:00,,15
2002-04-22 10:00:00,,13
2002-04-22 22:00:00,,10
2002-04-22 22:00:00,,11
2002-04-22 22:00:00,,12
2002-04-22 22:00:00,,9
2002-04-22 22:00:00,,8
2002-04-22 22:00:00,,7
2002-04-23 11:00:00,,18
2002-04-23 11:00:00,,17
2002-04-23 11:00:00,,14
2002-04-23 11:00:00,,15
2002-04-23 11:00:00,,16
2002-04-23 11:00:00,,13
2002-04-23 23:00:00,,7
2002-04-23 23:00:00,,11
2002-04-23 23:00:00,,10
2002-04-23 23:00:00,,9
2002-04-23 23:00:00,,8
2002-04-23 23:00:00,,12
2002-04-24 00:00:00,,11
2002-04-24 00:00:00,,10
2002-04-24 00:00:00,,8
2002-04-24 00:00:00,,7
2002-04-24 00:00:00,,9
2002-04-24 00:00:00,,12
2002-04-24 12:00:00,,16
2002-04-24 12:00:00,,13
2002-04-24 12:00:00,,17
2002-04-24 12:00:00,,18
2002-04-24 12:00:00,,15
2002-04-24 12:00:00,,14
2002-04-25 01:00:00,,11
2002-04-25 01:00:00,,8
2002-04-25 01:00:00,,12
2002-04-25 01:00:00,,10
2002-04-25 01:00:00,,7
2002-04-25 01:00:00,,9
2002-04-25 13:00:00,,16
2002-04-25 13:00:00,,13
2002-04-25 13:00:00,,15
2002-04-25 13:00:00,,18
2002-04-25 13:00:00,,14
2002-04-25 13:00:00,,17
2002-04-26 02:00:00,,12
2002-04-26 02:00:00,,9
2002-04-26 02:00:00,,11
2002-04-26 02:00:00,,7
2002-04-26 02:00:00,,10
2002-04-26 02:00:00,,8
2002-04-26 14:00:00,,16
2002-04-26 14:00:00,,14
2002-04-26 14:00:00,,18
2002-04-26 14:00:00,,13
2002-04-26 14:00:00,,17
2002-04-26 14:00:00,,15
2002-04-27 03:00:00,,12
2002-04-27 03:00:00,,10
2002-04-27 03:00:00,,7
2002-04-27 03:00:00,,8
2002-04-27 03:00:00,,11
2002-04-27 03:00:00,,9
2002-04-27 15:00:00,,14
2002-04-27 15:00:00,,16
2002-04-27 15:00:00,,18
2002-04-27 15:00:00,,17
2002-04-27 15:00:00,,13
2002-04-27 15:00:00,,15
2002-08-13 02:00:00,,19
2002-08-13 02:00:00,,21
2002-08-13 02:00:00,,24
2002-08-13 02:00:00,,22
2002-08-13 02:00:00,,20
2002-08-13 02:00:00,,23
2002-08-13 04:00:00,,12
2002-08-13 04:00:00,,11
2002-08-13 04:00:00,,9
2002-08-13 04:00:00,,10
2002-08-13 04:00:00,,8
2002-08-13 04:00:00,,7
2002-08-13 16:00:00,,13
2002-08-13 16:00:00,,14
2002-08-13 16:00:00,,15
2002-08-13 16:00:00,,18
2002-08-13 16:00:00,,17
2002-08-13 16:00:00,,16
2002-08-13 22:00:00,,5
2002-08-13 22:00:00,,1
2002-08-13 22:00:00,,6
2002-08-13 22:00:00,,2
2002-08-13 22:00:00,,4
2002-08-13 22:00:00,,3
2002-08-14 03:00:00,,20
2002-08-14 03:00:00,,24
2002-08-14 03:00:00,,23
2002-08-14 03:00:00,,22
2002-08-14 03:00:00,,19
2002-08-14 03:00:00,,21
2002-08-14 05:00:00,,10
2002-08-14 05:00:00,,8
2002-08-14 05:00:00,,7
2002-08-14 05:00:00,,9
2002-08-14 05:00:00,,12
2002-08-14 05:00:00,,11
2002-08-14 17:00:00,,14
2002-08-14 17:00:00,,15
2002-08-14 17:00:00,,17
2002-08-14 17:00:00,,18
2002-08-14 17:00:00,,13
2002-08-14 17:00:00,,16
2002-08-14 23:00:00,,5
2002-08-14 23:00:00,,6
2002-08-14 23:00:00,,3
2002-08-14 23:00:00,,4
2002-08-14 23:00:00,,2
2002-08-14 23:00:00,,1
2002-08-15 00:00:00,,4
2002-08-15 00:00:00,,2
2002-08-15 00:00:00,,1
2002-08-15 00:00:00,,6
2002-08-15 00:00:00,,5
2002-08-15 00:00:00,,3
2002-08-15 04:00:00,,24
2002-08-15 04:00:00,,20
2002-08-15 04:00:00,,21
2002-08-15 04:00:00,,19
2002-08-15 04:00:00,,23
2002-08-15 04:00:00,,22
2002-08-15 06:00:00,,12
2002-08-15 06:00:00,,11
2002-08-15 06:00:00,,8
2002-08-15 06:00:00,,7
2002-08-15 06:00:00,,9
2002-08-15 06:00:00,,10
2002-08-15 18:00:00,,17
2002-08-15 18:00:00,,13
2002-08-15 18:00:00,,16
2002-08-15 18:00:00,,14
2002-08-15 18:00:00,,15
2002-08-15 18:00:00,,18
2002-08-16 01:00:00,,6
2002-08-16 01:00:00,,5
2002-08-16 01:00:00,,2
2002-08-16 01:00:00,,3
2002-08-16 01:00:00,,1
2002-08-16 01:00:00,,4
2002-08-16 05:00:00,,23
2002-08-16 05:00:00,,22
2002-08-16 05:00:00,,21
2002-08-16 05:00:00,,20
2002-08-16 05:00:00,,19
2002-08-16 05:00:00,,24
2002-08-16 07:00:00,,7
2002-08-16 07:00:00,,9
2002-08-16 07:00:00,,8
2002-08-16 07:00:00,,10
2002-08-16 07:00:00,,12
2002-08-16 07:00:00,,11
2002-08-16 19:00:00,,18
2002-08-16 19:00:00,,15
2002-08-16 19:00:00,,14
2002-08-16 19:00:00,,13
2002-08-16 19:00:00,,17
2002-08-16 19:00:00,,16
2002-08-17 02:00:00,,4
2002-08-17 02:00:00,,2
2002-08-17 02:00:00,,5
2002-08-17 02:00:00,,3
2002-08-17 02:00:00,,6
2002-08-17 02:00:00,,1
2002-08-17 06:00:00,,23
2002-08-17 06:00:00,,24
2002-08-17 06:00:00,,22
2002-08-17 06:00:00,,21
2002-08-17 06:00:00,,19
2002-08-17 06:00:00,,20
2002-08-17 08:00:00,,9
2002-08-17 08:00:00,,11
2002-08-17 08:00:00,,10
2002-08-17 08:00:00,,8
2002-08-17 08:00:00,,12
2002-08-17 08:00:00,,7
2002-08-17 20:00:00,,17
2002-08-17 20:00:00,,18
2002-08-17 20:00:00,,14
2002-08-17 20:00:00,,13
2002-08-17 20:00:00,,15
2002-08-17 20:00:00,,16
2002-08-18 03:00:00,,6
2002-08-18 03:00:00,,3
2002-08-18 03:00:00,,2
2002-08-18 03:00:00,,4
2002-08-18 03:00:00,,5
2002-08-18 03:00:00,,1
2002-08-18 07:00:00,,23
2002-08-18 07:00:00,,24
2002-08-18 07:00:00,,20
2002-08-18 07:00:00,,22
2002-08-18 07:00:00,,19
2002-08-18 07:00:00,,21
2002-08-18 09:00:00,,7
2002-08-18 09:00:00,,9
2002-08-18 09:00:00,,11
2002-08-18 09:00:00,,12
2002-08-18 09:00:00,,8
2002-08-18 09:00:00,,10
2002-08-19 04:00:00,,3
2002-08-19 04:00:00,,2
2002-08-19 04:00:00,,5
2002-08-19 04:00:00,,6
2002-08-19 04:00:00,,4
2002-08-19 04:00:00,,1
2002-08-19 08:00:00,,22
2002-08-19 08:00:00,,23
2002-08-19 08:00:00,,21
2002-08-19 08:00:00,,20
2002-08-19 08:00:00,,24
2002-08-19 08:00:00,,19
2002-08-19 10:00:00,,12
2002-08-19 10:00:00,,7
2002-08-19 10:00:00,,11
2002-08-19 10:00:00,,10
2002-08-19 10:00:00,,9
2002-08-19 10:00:00,,8
2002-08-19 21:00:00,,14
2002-08-19 21:00:00,,15
2002-08-19 21:00:00,,16
2002-08-19 21:00:00,,17
2002-08-19 21:00:00,,18
2002-08-19 21:00:00,,13
2002-08-20 05:00:00,,4
2002-08-20 05:00:00,,3
2002-08-20 05:00:00,,6
2002-08-20 05:00:00,,2
2002-08-20 05:00:00,,5
2002-08-20 05:00:00,,1
2002-08-20 06:00:00,,4
2002-08-20 06:00:00,,3
2002-08-20 06:00:00,,5
2002-08-20 06:00:00,,6
2002-08-20 06:00:00,,2
2002-08-20 06:00:00,,1
2002-08-20 09:00:00,,23
2002-08-20 09:00:00,,19
2002-08-20 09:00:00,,20
2002-08-20 09:00:00,,21
2002-08-20 09:00:00,,24
2002-08-20 09:00:00,,22
2002-08-20 10:00:00,,21
2002-08-20 10:00:00,,24
2002-08-20 10:00:00,,22
2002-08-20 10:00:00,,19
2002-08-20 10:00:00,,20
2002-08-20 10:00:00,,23
2002-08-20 11:00:00,,11
2002-08-20 11:00:00,,9
2002-08-20 11:00:00,,8
2002-08-20 11:00:00,,12
2002-08-20 11:00:00,,10
2002-08-20 11:00:00,,7
2002-08-20 12:00:00,,7
2002-08-20 12:00:00,,8
2002-08-20 12:00:00,,9
2002-08-20 12:00:00,,12
2002-08-20 12:00:00,,11
2002-08-20 12:00:00,,10
2002-08-20 22:00:00,,15
2002-08-20 22:00:00,,14
2002-08-20 22:00:00,,18
2002-08-20 22:00:00,,13
2002-08-20 22:00:00,,16
2002-08-20 22:00:00,,17
2002-08-21 07:00:00,,3
2002-08-21 07:00:00,,6
2002-08-21 07:00:00,,4
2002-08-21 07:00:00,,2
2002-08-21 07:00:00,,5
2002-08-21 07:00:00,,1
2002-08-21 11:00:00,,19
2002-08-21 11:00:00,,20
2002-08-21 11:00:00,,22
2002-08-21 11:00:00,,21
2002-08-21 11:00:00,,23
2002-08-21 11:00:00,,24
2002-08-21 13:00:00,,9
2002-08-21 13:00:00,,7
2002-08-21 13:00:00,,12
2002-08-21 13:00:00,,11
2002-08-21 13:00:00,,10
2002-08-21 13:00:00,,8
2002-08-21 23:00:00,,15
2002-08-21 23:00:00,,14
2002-08-21 23:00:00,,18
2002-08-21 23:00:00,,17
2002-08-21 23:00:00,,16
2002-08-21 23:00:00,,13
2002-08-22 00:00:00,,15
2002-08-22 00:00:00,,13
2002-08-22 00:00:00,,14
2002-08-22 00:00:00,,16
2002-08-22 00:00:00,,18
2002-08-22 00:00:00,,17
2002-08-22 08:00:00,,4
2002-08-22 08:00:00,,5
2002-08-22 08:00:00,,3
2002-08-22 08:00:00,,1
2002-08-22 08:00:00,,2
2002-08-22 08:00:00,,6
2002-08-22 12:00:00,,22
2002-08-22 12:00:00,,20
2002-08-22 12:00:00,,23
2002-08-22 12:00:00,,19
2002-08-22 12:00:00,,21
2002-08-22 12:00:00,,24
2002-08-22 14:00:00,,12
2002-08-22 14:00:00,,11
2002-08-22 14:00:00,,7
2002-08-22 14:00:00,,9
2002-08-22 14:00:00,,10
2002-08-22 14:00:00,,8
2002-08-23 01:00:00,,18
2002-08-23 01:00:00,,15
2002-08-23 01:00:00,,16
2002-08-23 01:00:00,,17
2002-08-23 01:00:00,,13
2002-08-23 01:00:00,,14
2002-08-23 09:00:00,,2
2002-08-23 09:00:00,,5
2002-08-23 09:00:00,,4
2002-08-23 09:00:00,,3
2002-08-23 09:00:00,,1
2002-08-23 09:00:00,,6
2002-08-23 13:00:00,,24
2002-08-23 13:00:00,,21
2002-08-23 13:00:00,,22
2002-08-23 13:00:00,,19
2002-08-23 13:00:00,,20
2002-08-23 13:00:00,,23
2002-08-23 15:00:00,,8
2002-08-23 15:00:00,,11
2002-08-23 15:00:00,,12
2002-08-23 15:00:00,,7
2002-08-23 15:00:00,,9
2002-08-23 15:00:00,,10
2002-08-24 02:00:00,,18
2002-08-24 02:00:00,,15
2002-08-24 02:00:00,,14
2002-08-24 02:00:00,,13
2002-08-24 02:00:00,,17
2002-08-24 02:00:00,,16
2002-08-24 10:00:00,,4
2002-08-24 10:00:00,,3
2002-08-24 10:00:00,,5
2002-08-24 10:00:00,,1
2002-08-24 10:00:00,,2
2002-08-24 10:00:00,,6
2002-08-24 14:00:00,,22
2002-08-24 14:00:00,,24
2002-08-24 14:00:00,,23
2002-08-24 14:00:00,,21
2002-08-24 14:00:00,,20
2002-08-24 14:00:00,,19
2002-08-24 16:00:00,,12
2002-08-24 16:00:00,,9
2002-08-24 16:00:00,,11
2002-08-24 16:00:00,,8
2002-08-24 16:00:00,,10
2002-08-24 16:00:00,,7
2002-08-25 03:00:00,,15
2002-08-25 03:00:00,,18
2002-08-25 03:00:00,,17
2002-08-25 03:00:00,,16
2002-08-25 03:00:00,,13
2002-08-25 03:00:00,,14
2002-08-25 11:00:00,,5
2002-08-25 11:00:00,,1
2002-08-25 11:00:00,,4
2002-08-25 11:00:00,,2
2002-08-25 11:00:00,,6
2002-08-25 11:00:00,,3
2002-08-25 15:00:00,,20
2002-08-25 15:00:00,,21
2002-08-25 15:00:00,,24
2002-08-25 15:00:00,,22
2002-08-25 15:00:00,,23
2002-08-25 15:00:00,,19
2002-08-25 17:00:00,,11
2002-08-25 17:00:00,,10
2002-08-25 17:00:00,,7
2002-08-25 17:00:00,,8
2002-08-25 17:00:00,,9
2002-08-25 17:00:00,,12
2002-08-26 04:00:00,,17
2002-08-26 04:00:00,,14
2002-08-26 04:00:00,,16
2002-08-26 04:00:00,,18
2002-08-26 04:00:00,,15
2002-08-26 04:00:00,,13
2002-08-26 12:00:00,,5
2002-08-26 12:00:00,,6
2002-08-26 12:00:00,,2
2002-08-26 12:00:00,,4
2002-08-26 12:00:00,,3
2002-08-26 12:00:00,,1
2002-08-26 16:00:00,,22
2002-08-26 16:00:00,,23
2002-08-26 16:00:00,,20
2002-08-26 16:00:00,,19
2002-08-26 16:00:00,,21
2002-08-26 16:00:00,,24
2002-08-26 18:00:00,,12
2002-08-26 18:00:00,,10
2002-08-26 18:00:00,,8
2002-08-26 18:00:00,,9
2002-08-26 18:00:00,,7
2002-08-26 18:00:00,,11
2002-08-28 05:00:00,,18
2002-08-28 05:00:00,,15
2002-08-28 05:00:00,,14
2002-08-28 05:00:00,,16
2002-08-28 05:00:00,,13
2002-08-28 05:00:00,,17
2002-08-28 13:00:00,,5
2002-08-28 13:00:00,,3
2002-08-28 13:00:00,,4
2002-08-28 13:00:00,,1
2002-08-28 13:00:00,,2
2002-08-28 13:00:00,,6
2002-08-28 17:00:00,,23
2002-08-28 17:00:00,,22
2002-08-28 17:00:00,,19
2002-08-28 17:00:00,,24
2002-08-28 17:00:00,,21
2002-08-28 17:00:00,,20
2002-08-28 19:00:00,,12
2002-08-28 19:00:00,,7
2002-08-28 19:00:00,,9
2002-08-28 19:00:00,,8
2002-08-28 19:00:00,,10
2002-08-28 19:00:00,,11
2002-08-29 06:00:00,,16
2002-08-29 06:00:00,,13
2002-08-29 06:00:00,,15
2002-08-29 06:00:00,,17
2002-08-29 06:00:00,,18
2002-08-29 06:00:00,,14
2002-08-29 14:00:00,,3
2002-08-29 14:00:00,,5
2002-08-29 14:00:00,,6
2002-08-29 14:00:00,,2
2002-08-29 14:00:00,,1
2002-08-29 14:00:00,,4
2002-08-29 18:00:00,,20
2002-08-29 18:00:00,,19
2002-08-29 18:00:00,,23
2002-08-29 18:00:00,,22
2002-08-29 18:00:00,,21
2002-08-29 18:00:00,,24
2002-08-29 20:00:00,,7
2002-08-29 20:00:00,,10
2002-08-29 20:00:00,,8
2002-08-29 20:00:00,,9
2002-08-29 20:00:00,,12
2002-08-29 20:00:00,,11
2002-08-30 15:00:00,,2
2002-08-30 15:00:00,,1
2002-08-30 15:00:00,,5
2002-08-30 15:00:00,,3
2002-08-30 15:00:00,,6
2002-08-30 15:00:00,,4
2002-08-30 19:00:00,,24
2002-08-30 19:00:00,,20
2002-08-30 19:00:00,,19
2002-08-30 19:00:00,,22
2002-08-30 19:00:00,,23
2002-08-30 19:00:00,,21
2002-08-30 21:00:00,,10
2002-08-30 21:00:00,,7
2002-08-30 21:00:00,,12
2002-08-30 21:00:00,,11
2002-08-30 21:00:00,,8
2002-08-30 21:00:00,,9
2002-08-31 07:00:00,,16
2002-08-31 07:00:00,,13
2002-08-31 07:00:00,,18
2002-08-31 07:00:00,,17
2002-08-31 07:00:00,,15
2002-08-31 07:00:00,,14
2002-08-31 16:00:00,,5
2002-08-31 16:00:00,,3
2002-08-31 16:00:00,,2
2002-08-31 16:00:00,,4
2002-08-31 16:00:00,,6
2002-08-31 16:00:00,,1
2002-08-31 20:00:00,,22
2002-08-31 20:00:00,,21
2002-08-31 20:00:00,,20
2002-08-31 20:00:00,,23
2002-08-31 20:00:00,,19
2002-08-31 20:00:00,,24
2002-08-31 22:00:00,,9
2002-08-31 22:00:00,,10
2002-08-31 22:00:00,,11
2002-08-31 22:00:00,,8
2002-08-31 22:00:00,,7
2002-08-31 22:00:00,,12
2002-09-01 08:00:00,,16
2002-09-01 08:00:00,,17
2002-09-01 08:00:00,,14
2002-09-01 08:00:00,,18
2002-09-01 08:00:00,,13
2002-09-01 08:00:00,,15
2002-09-01 17:00:00,,6
2002-09-01 17:00:00,,4
2002-09-01 17:00:00,,5
2002-09-01 17:00:00,,3
2002-09-01 17:00:00,,2
2002-09-01 17:00:00,,1
2002-09-01 21:00:00,,24
2002-09-01 21:00:00,,19
2002-09-01 21:00:00,,23
2002-09-01 21:00:00,,22
2002-09-01 21:00:00,,21
2002-09-01 21:00:00,,20
2002-09-01 23:00:00,,11
2002-09-01 23:00:00,,8
2002-09-01 23:00:00,,7
2002-09-01 23:00:00,,10
2002-09-01 23:00:00,,12
2002-09-01 23:00:00,,9
2002-09-02 00:00:00,,7
2002-09-02 00:00:00,,10
2002-09-02 00:00:00,,8
2002-09-02 00:00:00,,12
2002-09-02 00:00:00,,11
2002-09-02 00:00:00,,9
2002-09-02 09:00:00,,16
2002-09-02 09:00:00,,14
2002-09-02 09:00:00,,18
2002-09-02 09:00:00,,13
2002-09-02 09:00:00,,15
2002-09-02 09:00:00,,17
2002-09-02 18:00:00,,2
2002-09-02 18:00:00,,1
2002-09-02 18:00:00,,5
2002-09-02 18:00:00,,3
2002-09-02 18:00:00,,6
2002-09-02 18:00:00,,4
2002-09-02 22:00:00,,23
2002-09-02 22:00:00,,19
2002-09-02 22:00:00,,24
2002-09-02 22:00:00,,21
2002-09-02 22:00:00,,20
2002-09-02 22:00:00,,22
2002-09-03 01:00:00,,11
2002-09-03 01:00:00,,7
2002-09-03 01:00:00,,9
2002-09-03 01:00:00,,8
2002-09-03 01:00:00,,10
2002-09-03 01:00:00,,12
2002-09-03 10:00:00,,16
2002-09-03 10:00:00,,17
2002-09-03 10:00:00,,13
2002-09-03 10:00:00,,18
2002-09-03 10:00:00,,15
2002-09-03 10:00:00,,14
2002-09-03 19:00:00,,4
2002-09-03 19:00:00,,3
2002-09-03 19:00:00,,1
2002-09-03 19:00:00,,5
2002-09-03 19:00:00,,2
2002-09-03 19:00:00,,6
2002-09-03 23:00:00,,24
2002-09-03 23:00:00,,21
2002-09-03 23:00:00,,22
2002-09-03 23:00:00,,19
2002-09-03 23:00:00,,23
2002-09-03 23:00:00,,20
2002-09-04 00:00:00,,22
2002-09-04 00:00:00,,24
2002-09-04 00:00:00,,21
2002-09-04 00:00:00,,23
2002-09-04 00:00:00,,19
2002-09-04 00:00:00,,20
2002-09-04 02:00:00,,11
2002-09-04 02:00:00,,8
2002-09-04 02:00:00,,10
2002-09-04 02:00:00,,12
2002-09-04 02:00:00,,7
2002-09-04 02:00:00,,9
2002-09-04 11:00:00,,14
2002-09-04 11:00:00,,16
2002-09-04 11:00:00,,15
2002-09-04 11:00:00,,17
2002-09-04 11:00:00,,13
2002-09-04 11:00:00,,18
2002-09-04 20:00:00,,4
2002-09-04 20:00:00,,2
2002-09-04 20:00:00,,5
2002-09-04 20:00:00,,1
2002-09-04 20:00:00,,3
2002-09-04 20:00:00,,6
2002-09-05 01:00:00,,24
2002-09-05 01:00:00,,20
2002-09-05 01:00:00,,22
2002-09-05 01:00:00,,23
2002-09-05 01:00:00,,21
2002-09-05 01:00:00,,19
2002-09-05 03:00:00,,12
2002-09-05 03:00:00,,10
2002-09-05 03:00:00,,9
2002-09-05 03:00:00,,7
2002-09-05 03:00:00,,11
2002-09-05 03:00:00,,8
2002-09-05 12:00:00,,14
2002-09-05 12:00:00,,16
2002-09-05 12:00:00,,18
2002-09-05 12:00:00,,17
2002-09-05 12:00:00,,13
2002-09-05 12:00:00,,15
2002-09-07 02:00:00,,20
2002-09-07 02:00:00,,24
2002-09-07 02:00:00,,19
2002-09-07 02:00:00,,22
2002-09-07 02:00:00,,21
2002-09-07 02:00:00,,23
2002-09-07 04:00:00,,8
2002-09-07 04:00:00,,9
2002-09-07 04:00:00,,11
2002-09-07 04:00:00,,10
2002-09-07 04:00:00,,12
2002-09-07 04:00:00,,7
2002-09-07 13:00:00,,18
2002-09-07 13:00:00,,15
2002-09-07 13:00:00,,14
2002-09-07 13:00:00,,16
2002-09-07 13:00:00,,17
2002-09-07 13:00:00,,13
2002-09-07 21:00:00,,3
2002-09-07 21:00:00,,6
2002-09-07 21:00:00,,4
2002-09-07 21:00:00,,5
2002-09-07 21:00:00,,2
2002-09-07 21:00:00,,1
2002-09-08 03:00:00,,23
2002-09-08 03:00:00,,19
2002-09-08 03:00:00,,21
2002-09-08 03:00:00,,24
2002-09-08 03:00:00,,20
2002-09-08 03:00:00,,22
2002-09-08 05:00:00,,9
2002-09-08 05:00:00,,11
2002-09-08 05:00:00,,8
2002-09-08 05:00:00,,12
2002-09-08 05:00:00,,10
2002-09-08 05:00:00,,7
2002-09-08 14:00:00,,14
2002-09-08 14:00:00,,13
2002-09-08 14:00:00,,16
2002-09-08 14:00:00,,15
2002-09-08 14:00:00,,17
2002-09-08 14:00:00,,18
2002-09-08 22:00:00,,2
2002-09-08 22:00:00,,6
2002-09-08 22:00:00,,4
2002-09-08 22:00:00,,3
2002-09-08 22:00:00,,5
2002-09-08 22:00:00,,1
2002-09-09 04:00:00,,19
2002-09-09 04:00:00,,23
2002-09-09 04:00:00,,20
2002-09-09 04:00:00,,21
2002-09-09 04:00:00,,24
2002-09-09 04:00:00,,22
2002-09-09 06:00:00,,12
2002-09-09 06:00:00,,7
2002-09-09 06:00:00,,10
2002-09-09 06:00:00,,9
2002-09-09 06:00:00,,8
2002-09-09 06:00:00,,11
2002-09-09 15:00:00,,18
2002-09-09 15:00:00,,14
2002-09-09 15:00:00,,13
2002-09-09 15:00:00,,16
2002-09-09 15:00:00,,15
2002-09-09 15:00:00,,17
2002-09-09 23:00:00,,4
2002-09-09 23:00:00,,1
2002-09-09 23:00:00,,3
2002-09-09 23:00:00,,5
2002-09-09 23:00:00,,6
2002-09-09 23:00:00,,2
2002-09-10 05:00:00,,22
2002-09-10 05:00:00,,20
2002-09-10 05:00:00,,21
2002-09-10 05:00:00,,19
2002-09-10 05:00:00,,23
2002-09-10 05:00:00,,24
2002-09-10 07:00:00,,12
2002-09-10 07:00:00,,10
2002-09-10 07:00:00,,7
2002-09-10 07:00:00,,9
2002-09-10 07:00:00,,8
2002-09-10 07:00:00,,11
2002-09-10 16:00:00,,15
2002-09-10 16:00:00,,17
2002-09-10 16:00:00,,13
2002-09-10 16:00:00,,16
2002-09-10 16:00:00,,14
2002-09-10 16:00:00,,18
2002-09-11 00:00:00,,2
2002-09-11 00:00:00,,1
2002-09-11 00:00:00,,3
2002-09-11 00:00:00,,4
2002-09-11 00:00:00,,5
2002-09-11 00:00:00,,6
2002-09-11 06:00:00,,23
2002-09-11 06:00:00,,20
2002-09-11 06:00:00,,24
2002-09-11 06:00:00,,21
2002-09-11 06:00:00,,22
2002-09-11 06:00:00,,19
2002-09-11 08:00:00,,11
2002-09-11 08:00:00,,10
2002-09-11 08:00:00,,7
2002-09-11 08:00:00,,9
2002-09-11 08:00:00,,8
2002-09-11 08:00:00,,12
2002-09-11 17:00:00,,13
2002-09-11 17:00:00,,18
2002-09-11 17:00:00,,17
2002-09-11 17:00:00,,15
2002-09-11 17:00:00,,14
2002-09-11 17:00:00,,16
2002-09-12 01:00:00,,2
2002-09-12 01:00:00,,3
2002-09-12 01:00:00,,6
2002-09-12 01:00:00,,1
2002-09-12 01:00:00,,5
2002-09-12 01:00:00,,4
2002-09-12 07:00:00,,20
2002-09-12 07:00:00,,23
2002-09-12 07:00:00,,19
2002-09-12 07:00:00,,24
2002-09-12 07:00:00,,22
2002-09-12 07:00:00,,21
2002-09-12 09:00:00,,12
2002-09-12 09:00:00,,8
2002-09-12 09:00:00,,11
2002-09-12 09:00:00,,10
2002-09-12 09:00:00,,9
2002-09-12 09:00:00,,7
2002-09-12 18:00:00,,16
2002-09-12 18:00:00,,17
2002-09-12 18:00:00,,14
2002-09-12 18:00:00,,18
2002-09-12 18:00:00,,13
2002-09-12 18:00:00,,15
2002-09-13 02:00:00,,2
2002-09-13 02:00:00,,5
2002-09-13 02:00:00,,6
2002-09-13 02:00:00,,1
2002-09-13 02:00:00,,4
2002-09-13 02:00:00,,3
2002-09-13 08:00:00,,21
2002-09-13 08:00:00,,22
2002-09-13 08:00:00,,23
2002-09-13 08:00:00,,24
2002-09-13 08:00:00,,19
2002-09-13 08:00:00,,20
2002-09-13 10:00:00,,8
2002-09-13 10:00:00,,9
2002-09-13 10:00:00,,10
2002-09-13 10:00:00,,12
2002-09-13 10:00:00,,11
2002-09-13 10:00:00,,7
2002-09-13 19:00:00,,14
2002-09-13 19:00:00,,16
2002-09-13 19:00:00,,17
2002-09-13 19:00:00,,15
2002-09-13 19:00:00,,18
2002-09-13 19:00:00,,13
2002-09-14 09:00:00,,19
2002-09-14 09:00:00,,20
2002-09-14 09:00:00,,24
2002-09-14 09:00:00,,22
2002-09-14 09:00:00,,21
2002-09-14 09:00:00,,23
2002-09-14 11:00:00,,8
2002-09-14 11:00:00,,9
2002-09-14 11:00:00,,10
2002-09-14 11:00:00,,7
2002-09-14 11:00:00,,11
2002-09-14 11:00:00,,12
2002-09-14 20:00:00,,14
2002-09-14 20:00:00,,13
2002-09-14 20:00:00,,18
2002-09-14 20:00:00,,17
2002-09-14 20:00:00,,16
2002-09-14 20:00:00,,15
2002-09-15 10:00:00,,24
2002-09-15 10:00:00,,21
2002-09-15 10:00:00,,22
2002-09-15 10:00:00,,20
2002-09-15 10:00:00,,23
2002-09-15 10:00:00,,19
2002-09-15 12:00:00,,7
2002-09-15 12:00:00,,12
2002-09-15 12:00:00,,10
2002-09-15 12:00:00,,9
2002-09-15 12:00:00,,8
2002-09-15 12:00:00,,11
2002-09-15 21:00:00,,13
2002-09-15 21:00:00,,16
2002-09-15 21:00:00,,15
2002-09-15 21:00:00,,14
2002-09-15 21:00:00,,18
2002-09-15 21:00:00,,17
2002-09-16 03:00:00,,3
2002-09-16 03:00:00,,4
2002-09-16 03:00:00,,2
2002-09-16 03:00:00,,6
2002-09-16 03:00:00,,1
2002-09-16 03:00:00,,5
2002-09-16 11:00:00,,19
2002-09-16 11:00:00,,20
2002-09-16 11:00:00,,22
2002-09-16 11:00:00,,23
2002-09-16 11:00:00,,24
2002-09-16 11:00:00,,21
2002-09-16 13:00:00,,12
2002-09-16 13:00:00,,11
2002-09-16 13:00:00,,9
2002-09-16 13:00:00,,8
2002-09-16 13:00:00,,10
2002-09-16 13:00:00,,7
2002-09-16 22:00:00,,15
2002-09-16 22:00:00,,18
2002-09-16 22:00:00,,13
2002-09-16 22:00:00,,16
2002-09-16 22:00:00,,14
2002-09-16 22:00:00,,17
2002-09-17 04:00:00,,6
2002-09-17 04:00:00,,3
2002-09-17 04:00:00,,4
2002-09-17 04:00:00,,5
2002-09-17 04:00:00,,2
2002-09-17 04:00:00,,1
2002-09-17 12:00:00,,19
2002-09-17 12:00:00,,22
2002-09-17 12:00:00,,23
2002-09-17 12:00:00,,21
2002-09-17 12:00:00,,20
2002-09-17 12:00:00,,24
2002-09-17 14:00:00,,7
2002-09-17 14:00:00,,10
2002-09-17 14:00:00,,11
2002-09-17 14:00:00,,9
2002-09-17 14:00:00,,12
2002-09-17 14:00:00,,8
2002-09-17 23:00:00,,17
2002-09-17 23:00:00,,13
2002-09-17 23:00:00,,14
2002-09-17 23:00:00,,15
2002-09-17 23:00:00,,16
2002-09-17 23:00:00,,18
2002-09-18 00:00:00,,13
2002-09-18 00:00:00,,16
2002-09-18 00:00:00,,18
2002-09-18 00:00:00,,14
2002-09-18 00:00:00,,15
2002-09-18 00:00:00,,17
2002-09-18 05:00:00,,3
2002-09-18 05:00:00,,2
2002-09-18 05:00:00,,1
2002-09-18 05:00:00,,6
2002-09-18 05:00:00,,4
2002-09-18 05:00:00,,5
2002-09-18 13:00:00,,19
2002-09-18 13:00:00,,21
2002-09-18 13:00:00,,23
2002-09-18 13:00:00,,22
2002-09-18 13:00:00,,24
2002-09-18 13:00:00,,20
2002-09-18 15:00:00,,11
2002-09-18 15:00:00,,7
2002-09-18 15:00:00,,10
2002-09-18 15:00:00,,12
2002-09-18 15:00:00,,9
2002-09-18 15:00:00,,8
2002-09-19 01:00:00,,16
2002-09-19 01:00:00,,17
2002-09-19 01:00:00,,14
2002-09-19 01:00:00,,13
2002-09-19 01:00:00,,18
2002-09-19 01:00:00,,15
2002-09-19 06:00:00,,5
2002-09-19 06:00:00,,3
2002-09-19 06:00:00,,6
2002-09-19 06:00:00,,1
2002-09-19 06:00:00,,4
2002-09-19 06:00:00,,2
2002-09-19 14:00:00,,21
2002-09-19 14:00:00,,22
2002-09-19 14:00:00,,23
2002-09-19 14:00:00,,24
2002-09-19 14:00:00,,20
2002-09-19 14:00:00,,19
2002-09-19 16:00:00,,8
2002-09-19 16:00:00,,9
2002-09-19 16:00:00,,7
2002-09-19 16:00:00,,11
2002-09-19 16:00:00,,12
2002-09-19 16:00:00,,10
2002-09-20 02:00:00,,15
2002-09-20 02:00:00,,14
2002-09-20 02:00:00,,18
2002-09-20 02:00:00,,13
2002-09-20 02:00:00,,16
2002-09-20 02:00:00,,17
2002-09-20 07:00:00,,5
2002-09-20 07:00:00,,3
2002-09-20 07:00:00,,4
2002-09-20 07:00:00,,1
2002-09-20 07:00:00,,2
2002-09-20 07:00:00,,6
2002-09-20 15:00:00,,24
2002-09-20 15:00:00,,21
2002-09-20 15:00:00,,22
2002-09-20 15:00:00,,20
2002-09-20 15:00:00,,23
2002-09-20 15:00:00,,19
2002-09-20 17:00:00,,8
2002-09-20 17:00:00,,9
2002-09-20 17:00:00,,11
2002-09-20 17:00:00,,7
2002-09-20 17:00:00,,10
2002-09-20 17:00:00,,12
2002-09-21 03:00:00,,17
2002-09-21 03:00:00,,14
2002-09-21 03:00:00,,15
2002-09-21 03:00:00,,18
2002-09-21 03:00:00,,13
2002-09-21 03:00:00,,16
2002-09-21 08:00:00,,5
2002-09-21 08:00:00,,1
2002-09-21 08:00:00,,3
2002-09-21 08:00:00,,4
2002-09-21 08:00:00,,6
2002-09-21 08:00:00,,2
2002-09-21 16:00:00,,20
2002-09-21 16:00:00,,22
2002-09-21 16:00:00,,23
2002-09-21 16:00:00,,19
2002-09-21 16:00:00,,24
2002-09-21 16:00:00,,21
2002-09-21 18:00:00,,9
2002-09-21 18:00:00,,12
2002-09-21 18:00:00,,8
2002-09-21 18:00:00,,7
2002-09-21 18:00:00,,11
2002-09-21 18:00:00,,10
2002-09-23 04:00:00,,18
2002-09-23 04:00:00,,16
2002-09-23 04:00:00,,15
2002-09-23 04:00:00,,13
2002-09-23 04:00:00,,14
2002-09-23 04:00:00,,17
2002-09-23 17:00:00,,21
2002-09-23 17:00:00,,22
2002-09-23 17:00:00,,19
2002-09-23 17:00:00,,20
2002-09-23 17:00:00,,24
2002-09-23 17:00:00,,23
2002-09-23 19:00:00,,9
2002-09-23 19:00:00,,8
2002-09-23 19:00:00,,12
2002-09-23 19:00:00,,10
2002-09-23 19:00:00,,11
2002-09-23 19:00:00,,7
2002-09-25 05:00:00,,18
2002-09-25 05:00:00,,14
2002-09-25 05:00:00,,16
2002-09-25 05:00:00,,15
2002-09-25 05:00:00,,17
2002-09-25 05:00:00,,13
2002-09-25 09:00:00,,5
2002-09-25 09:00:00,,4
2002-09-25 09:00:00,,2
2002-09-25 09:00:00,,3
2002-09-25 09:00:00,,1
2002-09-25 09:00:00,,6
2002-09-25 18:00:00,,19
2002-09-25 18:00:00,,20
2002-09-25 18:00:00,,22
2002-09-25 18:00:00,,24
2002-09-25 18:00:00,,21
2002-09-25 18:00:00,,23
2002-09-25 20:00:00,,12
2002-09-25 20:00:00,,11
2002-09-25 20:00:00,,10
2002-09-25 20:00:00,,7
2002-09-25 20:00:00,,8
2002-09-25 20:00:00,,9
2002-09-26 06:00:00,,13
2002-09-26 06:00:00,,18
2002-09-26 06:00:00,,17
2002-09-26 06:00:00,,16
2002-09-26 06:00:00,,14
2002-09-26 06:00:00,,15
2002-09-26 10:00:00,,6
2002-09-26 10:00:00,,4
2002-09-26 10:00:00,,2
2002-09-26 10:00:00,,5
2002-09-26 10:00:00,,3
2002-09-26 10:00:00,,1
2002-09-26 19:00:00,,22
2002-09-26 19:00:00,,23
2002-09-26 19:00:00,,21
2002-09-26 19:00:00,,24
2002-09-26 19:00:00,,20
2002-09-26 19:00:00,,19
2002-09-26 21:00:00,,11
2002-09-26 21:00:00,,7
2002-09-26 21:00:00,,10
2002-09-26 21:00:00,,12
2002-09-26 21:00:00,,9
2002-09-26 21:00:00,,8
2002-09-27 07:00:00,,14
2002-09-27 07:00:00,,16
2002-09-27 07:00:00,,15
2002-09-27 07:00:00,,18
2002-09-27 07:00:00,,17
2002-09-27 07:00:00,,13
2002-09-27 20:00:00,,24
2002-09-27 20:00:00,,22
2002-09-27 20:00:00,,23
2002-09-27 20:00:00,,19
2002-09-27 20:00:00,,21
2002-09-27 20:00:00,,20
2002-09-27 22:00:00,,10
2002-09-27 22:00:00,,11
2002-09-27 22:00:00,,9
2002-09-27 22:00:00,,7
2002-09-27 22:00:00,,8
2002-09-27 22:00:00,,12
2002-09-28 08:00:00,,16
2002-09-28 08:00:00,,14
2002-09-28 08:00:00,,17
2002-09-28 08:00:00,,15
2002-09-28 08:00:00,,13
2002-09-28 08:00:00,,18
2002-09-28 23:00:00,,7
2002-09-28 23:00:00,,10
2002-09-28 23:00:00,,11
2002-09-28 23:00:00,,9
2002-09-28 23:00:00,,8
2002-09-28 23:00:00,,12
2002-09-30 00:00:00,,10
2002-09-30 00:00:00,,12
2002-09-30 00:00:00,,7
2002-09-30 00:00:00,,11
2002-09-30 00:00:00,,9
2002-09-30 00:00:00,,8
2002-09-30 09:00:00,,17
2002-09-30 09:00:00,,18
2002-09-30 09:00:00,,15
2002-09-30 09:00:00,,16
2002-09-30 09:00:00,,14
2002-09-30 09:00:00,,13
2002-09-30 11:00:00,,3
2002-09-30 11:00:00,,5
2002-09-30 11:00:00,,6
2002-09-30 11:00:00,,1
2002-09-30 11:00:00,,4
2002-09-30 11:00:00,,2
2002-09-30 21:00:00,,22
2002-09-30 21:00:00,,24
2002-09-30 21:00:00,,20
2002-09-30 21:00:00,,21
2002-09-30 21:00:00,,23
2002-09-30 21:00:00,,19
2002-10-01 01:00:00,,10
2002-10-01 01:00:00,,12
2002-10-01 01:00:00,,9
2002-10-01 01:00:00,,11
2002-10-01 01:00:00,,8
2002-10-01 01:00:00,,7
2002-10-01 10:00:00,,16
2002-10-01 10:00:00,,18
2002-10-01 10:00:00,,17
2002-10-01 10:00:00,,15
2002-10-01 10:00:00,,13
2002-10-01 10:00:00,,14
2002-10-01 12:00:00,,1
2002-10-01 12:00:00,,6
2002-10-01 12:00:00,,2
2002-10-01 12:00:00,,5
2002-10-01 12:00:00,,4
2002-10-01 12:00:00,,3
2002-10-01 22:00:00,,24
2002-10-01 22:00:00,,21
2002-10-01 22:00:00,,20
2002-10-01 22:00:00,,22
2002-10-01 22:00:00,,23
2002-10-01 22:00:00,,19
2002-10-02 02:00:00,,7
2002-10-02 02:00:00,,10
2002-10-02 02:00:00,,12
2002-10-02 02:00:00,,11
2002-10-02 02:00:00,,8
2002-10-02 02:00:00,,9
2002-10-02 11:00:00,,13
2002-10-02 11:00:00,,17
2002-10-02 11:00:00,,18
2002-10-02 11:00:00,,15
2002-10-02 11:00:00,,14
2002-10-02 11:00:00,,16
2002-10-02 13:00:00,,6
2002-10-02 13:00:00,,2
2002-10-02 13:00:00,,4
2002-10-02 13:00:00,,3
2002-10-02 13:00:00,,5
2002-10-02 13:00:00,,1
2002-10-02 23:00:00,,23
2002-10-02 23:00:00,,19
2002-10-02 23:00:00,,24
2002-10-02 23:00:00,,21
2002-10-02 23:00:00,,20
2002-10-02 23:00:00,,22
2002-10-03 00:00:00,,24
2002-10-03 00:00:00,,19
2002-10-03 00:00:00,,23
2002-10-03 00:00:00,,22
2002-10-03 00:00:00,,20
2002-10-03 00:00:00,,21
2002-10-03 03:00:00,,10
2002-10-03 03:00:00,,7
2002-10-03 03:00:00,,12
2002-10-03 03:00:00,,11
2002-10-03 03:00:00,,8
2002-10-03 03:00:00,,9
2002-10-03 12:00:00,,14
2002-10-03 12:00:00,,13
2002-10-03 12:00:00,,16
2002-10-03 12:00:00,,15
2002-10-03 12:00:00,,18
2002-10-03 12:00:00,,17
2002-10-03 14:00:00,,2
2002-10-03 14:00:00,,1
2002-10-03 14:00:00,,6
2002-10-03 14:00:00,,5
2002-10-03 14:00:00,,3
2002-10-03 14:00:00,,4
2002-10-04 01:00:00,,19
2002-10-04 01:00:00,,20
2002-10-04 01:00:00,,22
2002-10-04 01:00:00,,24
2002-10-04 01:00:00,,23
2002-10-04 01:00:00,,21
2002-10-04 04:00:00,,9
2002-10-04 04:00:00,,10
2002-10-04 04:00:00,,8
2002-10-04 04:00:00,,11
2002-10-04 04:00:00,,7
2002-10-04 04:00:00,,12
2002-10-04 13:00:00,,18
2002-10-04 13:00:00,,14
2002-10-04 13:00:00,,13
2002-10-04 13:00:00,,15
2002-10-04 13:00:00,,16
2002-10-04 13:00:00,,17
2002-10-05 02:00:00,,20
2002-10-05 02:00:00,,21
2002-10-05 02:00:00,,19
2002-10-05 02:00:00,,22
2002-10-05 02:00:00,,24
2002-10-05 02:00:00,,23
2002-10-05 05:00:00,,8
2002-10-05 05:00:00,,7
2002-10-05 05:00:00,,12
2002-10-05 05:00:00,,10
2002-10-05 05:00:00,,11
2002-10-05 05:00:00,,9
2002-10-05 14:00:00,,18
2002-10-05 14:00:00,,16
2002-10-05 14:00:00,,17
2002-10-05 14:00:00,,15
2002-10-05 14:00:00,,13
2002-10-05 14:00:00,,14
2002-10-05 15:00:00,,1
2002-10-05 15:00:00,,5
2002-10-05 15:00:00,,6
2002-10-05 15:00:00,,3
2002-10-05 15:00:00,,4
2002-10-05 15:00:00,,2
2002-10-06 03:00:00,,24
2002-10-06 03:00:00,,20
2002-10-06 03:00:00,,19
2002-10-06 03:00:00,,21
2002-10-06 03:00:00,,22
2002-10-06 03:00:00,,23
2002-10-06 06:00:00,,11
2002-10-06 06:00:00,,7
2002-10-06 06:00:00,,10
2002-10-06 06:00:00,,9
2002-10-06 06:00:00,,8
2002-10-06 06:00:00,,12
2002-10-06 15:00:00,,15
2002-10-06 15:00:00,,18
2002-10-06 15:00:00,,17
2002-10-06 15:00:00,,16
2002-10-06 15:00:00,,14
2002-10-06 15:00:00,,13
2002-10-07 04:00:00,,19
2002-10-07 04:00:00,,23
2002-10-07 04:00:00,,20
2002-10-07 04:00:00,,21
2002-10-07 04:00:00,,24
2002-10-07 04:00:00,,22
2002-10-07 07:00:00,,11
2002-10-07 07:00:00,,10
2002-10-07 07:00:00,,8
2002-10-07 07:00:00,,7
2002-10-07 07:00:00,,9
2002-10-07 07:00:00,,12
2002-10-07 16:00:00,,13
2002-10-07 16:00:00,,18
2002-10-07 16:00:00,,15
2002-10-07 16:00:00,,16
2002-10-07 16:00:00,,2
2002-10-07 16:00:00,,6
2002-10-07 16:00:00,,5
2002-10-07 16:00:00,,1
2002-10-07 16:00:00,,14
2002-10-07 16:00:00,,4
2002-10-07 16:00:00,,3
2002-10-07 16:00:00,,17
2002-10-09 05:00:00,,23
2002-10-09 05:00:00,,24
2002-10-09 05:00:00,,19
2002-10-09 05:00:00,,20
2002-10-09 05:00:00,,22
2002-10-09 05:00:00,,21
2002-10-09 08:00:00,,10
2002-10-09 08:00:00,,11
2002-10-09 08:00:00,,12
2002-10-09 08:00:00,,7
2002-10-09 08:00:00,,9
2002-10-09 08:00:00,,8
2002-10-09 17:00:00,,2
2002-10-09 17:00:00,,4
2002-10-09 17:00:00,,5
2002-10-09 17:00:00,,16
2002-10-09 17:00:00,,15
2002-10-09 17:00:00,,3
2002-10-09 17:00:00,,6
2002-10-09 17:00:00,,13
2002-10-09 17:00:00,,18
2002-10-09 17:00:00,,1
2002-10-09 17:00:00,,17
2002-10-09 17:00:00,,14
2002-10-10 06:00:00,,22
2002-10-10 06:00:00,,21
2002-10-10 06:00:00,,24
2002-10-10 06:00:00,,20
2002-10-10 06:00:00,,23
2002-10-10 06:00:00,,19
2002-10-10 09:00:00,,12
2002-10-10 09:00:00,,10
2002-10-10 09:00:00,,9
2002-10-10 09:00:00,,8
2002-10-10 09:00:00,,11
2002-10-10 09:00:00,,7
2002-10-10 18:00:00,,4
2002-10-10 18:00:00,,17
2002-10-10 18:00:00,,15
2002-10-10 18:00:00,,6
2002-10-10 18:00:00,,2
2002-10-10 18:00:00,,13
2002-10-10 18:00:00,,16
2002-10-10 18:00:00,,18
2002-10-10 18:00:00,,14
2002-10-10 18:00:00,,3
2002-10-10 18:00:00,,1
2002-10-10 18:00:00,,5
2002-10-11 07:00:00,,24
2002-10-11 07:00:00,,21
2002-10-11 07:00:00,,22
2002-10-11 07:00:00,,23
2002-10-11 07:00:00,,20
2002-10-11 07:00:00,,19
2002-10-11 10:00:00,,7
2002-10-11 10:00:00,,10
2002-10-11 10:00:00,,8
2002-10-11 10:00:00,,12
2002-10-11 10:00:00,,11
2002-10-11 10:00:00,,9
2002-10-11 19:00:00,,1
2002-10-11 19:00:00,,6
2002-10-11 19:00:00,,5
2002-10-11 19:00:00,,18
2002-10-11 19:00:00,,2
2002-10-11 19:00:00,,15
2002-10-11 19:00:00,,3
2002-10-11 19:00:00,,13
2002-10-11 19:00:00,,17
2002-10-11 19:00:00,,14
2002-10-11 19:00:00,,16
2002-10-11 19:00:00,,4
2002-10-12 08:00:00,,20
2002-10-12 08:00:00,,22
2002-10-12 08:00:00,,23
2002-10-12 08:00:00,,21
2002-10-12 08:00:00,,19
2002-10-12 08:00:00,,24
2002-10-12 11:00:00,,12
2002-10-12 11:00:00,,11
2002-10-12 11:00:00,,9
2002-10-12 11:00:00,,8
2002-10-12 11:00:00,,7
2002-10-12 11:00:00,,10
2002-10-12 20:00:00,,15
2002-10-12 20:00:00,,18
2002-10-12 20:00:00,,17
2002-10-12 20:00:00,,13
2002-10-12 20:00:00,,14
2002-10-12 20:00:00,,16
2002-10-13 09:00:00,,23
2002-10-13 09:00:00,,20
2002-10-13 09:00:00,,24
2002-10-13 09:00:00,,19
2002-10-13 09:00:00,,22
2002-10-13 09:00:00,,21
2002-10-13 12:00:00,,12
2002-10-13 12:00:00,,8
2002-10-13 12:00:00,,9
2002-10-13 12:00:00,,11
2002-10-13 12:00:00,,7
2002-10-13 12:00:00,,10
2002-10-13 20:00:00,,3
2002-10-13 20:00:00,,4
2002-10-13 20:00:00,,2
2002-10-13 20:00:00,,5
2002-10-13 20:00:00,,1
2002-10-13 20:00:00,,6
2002-10-13 21:00:00,,13
2002-10-13 21:00:00,,15
2002-10-13 21:00:00,,16
2002-10-13 21:00:00,,14
2002-10-13 21:00:00,,17
2002-10-13 21:00:00,,18
2002-10-14 10:00:00,,20
2002-10-14 10:00:00,,21
2002-10-14 10:00:00,,23
2002-10-14 10:00:00,,19
2002-10-14 10:00:00,,22
2002-10-14 10:00:00,,24
2002-10-14 13:00:00,,12
2002-10-14 13:00:00,,10
2002-10-14 13:00:00,,7
2002-10-14 13:00:00,,11
2002-10-14 13:00:00,,8
2002-10-14 13:00:00,,9
2002-10-14 21:00:00,,1
2002-10-14 21:00:00,,5
2002-10-14 21:00:00,,4
2002-10-14 21:00:00,,3
2002-10-14 21:00:00,,2
2002-10-14 21:00:00,,6
2002-10-14 22:00:00,,17
2002-10-14 22:00:00,,15
2002-10-14 22:00:00,,18
2002-10-14 22:00:00,,13
2002-10-14 22:00:00,,14
2002-10-14 22:00:00,,16
2002-10-15 11:00:00,,19
2002-10-15 11:00:00,,22
2002-10-15 11:00:00,,21
2002-10-15 11:00:00,,24
2002-10-15 11:00:00,,20
2002-10-15 11:00:00,,23
2002-10-15 14:00:00,,7
2002-10-15 14:00:00,,10
2002-10-15 14:00:00,,12
2002-10-15 14:00:00,,9
2002-10-15 14:00:00,,11
2002-10-15 14:00:00,,8
2002-10-15 22:00:00,,6
2002-10-15 22:00:00,,1
2002-10-15 22:00:00,,2
2002-10-15 22:00:00,,5
2002-10-15 22:00:00,,3
2002-10-15 22:00:00,,4
2002-10-15 23:00:00,,17
2002-10-15 23:00:00,,15
2002-10-15 23:00:00,,14
2002-10-15 23:00:00,,16
2002-10-15 23:00:00,,18
2002-10-15 23:00:00,,13
2002-10-16 00:00:00,,18
2002-10-16 00:00:00,,16
2002-10-16 00:00:00,,15
2002-10-16 00:00:00,,13
2002-10-16 00:00:00,,17
2002-10-16 00:00:00,,14
2002-10-16 12:00:00,,21
2002-10-16 12:00:00,,22
2002-10-16 12:00:00,,23
2002-10-16 12:00:00,,20
2002-10-16 12:00:00,,24
2002-10-16 12:00:00,,19
2002-10-16 15:00:00,,9
2002-10-16 15:00:00,,8
2002-10-16 15:00:00,,10
2002-10-16 15:00:00,,7
2002-10-16 15:00:00,,12
2002-10-16 15:00:00,,11
2002-10-16 23:00:00,,2
2002-10-16 23:00:00,,6
2002-10-16 23:00:00,,4
2002-10-16 23:00:00,,5
2002-10-16 23:00:00,,3
2002-10-16 23:00:00,,1
2002-10-17 00:00:00,,1
2002-10-17 00:00:00,,5
2002-10-17 00:00:00,,4
2002-10-17 00:00:00,,6
2002-10-17 00:00:00,,2
2002-10-17 00:00:00,,3
2002-10-17 01:00:00,,14
2002-10-17 01:00:00,,13
2002-10-17 01:00:00,,15
2002-10-17 01:00:00,,18
2002-10-17 01:00:00,,17
2002-10-17 01:00:00,,16
2002-10-17 13:00:00,,24
2002-10-17 13:00:00,,21
2002-10-17 13:00:00,,19
2002-10-17 13:00:00,,23
2002-10-17 13:00:00,,22
2002-10-17 13:00:00,,20
2002-10-17 16:00:00,,9
2002-10-17 16:00:00,,12
2002-10-17 16:00:00,,7
2002-10-17 16:00:00,,11
2002-10-17 16:00:00,,8
2002-10-17 16:00:00,,10
2002-10-18 01:00:00,,5
2002-10-18 01:00:00,,6
2002-10-18 01:00:00,,2
2002-10-18 01:00:00,,4
2002-10-18 01:00:00,,1
2002-10-18 01:00:00,,3
2002-10-18 02:00:00,,17
2002-10-18 02:00:00,,14
2002-10-18 02:00:00,,15
2002-10-18 02:00:00,,18
2002-10-18 02:00:00,,13
2002-10-18 02:00:00,,16
2002-10-18 14:00:00,,20
2002-10-18 14:00:00,,22
2002-10-18 14:00:00,,19
2002-10-18 14:00:00,,23
2002-10-18 14:00:00,,21
2002-10-18 14:00:00,,24
2002-10-18 17:00:00,,9
2002-10-18 17:00:00,,11
2002-10-18 17:00:00,,10
2002-10-18 17:00:00,,12
2002-10-18 17:00:00,,7
2002-10-18 17:00:00,,8
2002-10-19 02:00:00,,3
2002-10-19 02:00:00,,4
2002-10-19 02:00:00,,2
2002-10-19 02:00:00,,1
2002-10-19 02:00:00,,5
2002-10-19 02:00:00,,6
2002-10-19 03:00:00,,13
2002-10-19 03:00:00,,15
2002-10-19 03:00:00,,16
2002-10-19 03:00:00,,17
2002-10-19 03:00:00,,14
2002-10-19 03:00:00,,18
2002-10-19 15:00:00,,22
2002-10-19 15:00:00,,23
2002-10-19 15:00:00,,19
2002-10-19 15:00:00,,24
2002-10-19 15:00:00,,20
2002-10-19 15:00:00,,21
2002-10-19 18:00:00,,11
2002-10-19 18:00:00,,7
2002-10-19 18:00:00,,10
2002-10-19 18:00:00,,12
2002-10-19 18:00:00,,9
2002-10-19 18:00:00,,8
2002-10-20 03:00:00,,4
2002-10-20 03:00:00,,5
2002-10-20 03:00:00,,3
2002-10-20 03:00:00,,6
2002-10-20 03:00:00,,1
2002-10-20 03:00:00,,2
2002-10-20 04:00:00,,16
2002-10-20 04:00:00,,18
2002-10-20 04:00:00,,15
2002-10-20 04:00:00,,14
2002-10-20 04:00:00,,17
2002-10-20 04:00:00,,13
2002-10-20 16:00:00,,21
2002-10-20 16:00:00,,24
2002-10-20 16:00:00,,20
2002-10-20 16:00:00,,22
2002-10-20 16:00:00,,19
2002-10-20 16:00:00,,23
2002-10-20 19:00:00,,11
2002-10-20 19:00:00,,8
2002-10-20 19:00:00,,12
2002-10-20 19:00:00,,9
2002-10-20 19:00:00,,10
2002-10-20 19:00:00,,7
2002-10-21 04:00:00,,2
2002-10-21 04:00:00,,6
2002-10-21 04:00:00,,1
2002-10-21 04:00:00,,5
2002-10-21 04:00:00,,4
2002-10-21 04:00:00,,3
2002-10-21 05:00:00,,16
2002-10-21 05:00:00,,17
2002-10-21 05:00:00,,14
2002-10-21 05:00:00,,13
2002-10-21 05:00:00,,18
2002-10-21 05:00:00,,15
2002-10-21 17:00:00,,23
2002-10-21 17:00:00,,19
2002-10-21 17:00:00,,20
2002-10-21 17:00:00,,21
2002-10-21 17:00:00,,24
2002-10-21 17:00:00,,22
2002-10-21 20:00:00,,10
2002-10-21 20:00:00,,7
2002-10-21 20:00:00,,11
2002-10-21 20:00:00,,8
2002-10-21 20:00:00,,9
2002-10-21 20:00:00,,12
2002-10-22 05:00:00,,4
2002-10-22 05:00:00,,1
2002-10-22 05:00:00,,2
2002-10-22 05:00:00,,6
2002-10-22 05:00:00,,3
2002-10-22 05:00:00,,5
2002-10-22 06:00:00,,15
2002-10-22 06:00:00,,14
2002-10-22 06:00:00,,13
2002-10-22 06:00:00,,17
2002-10-22 06:00:00,,16
2002-10-22 06:00:00,,18
2002-10-22 18:00:00,,24
2002-10-22 18:00:00,,22
2002-10-22 18:00:00,,21
2002-10-22 18:00:00,,20
2002-10-22 18:00:00,,19
2002-10-22 18:00:00,,23
2002-10-22 21:00:00,,10
2002-10-22 21:00:00,,9
2002-10-22 21:00:00,,12
2002-10-22 21:00:00,,7
2002-10-22 21:00:00,,11
2002-10-22 21:00:00,,8
2002-10-23 06:00:00,,1
2002-10-23 06:00:00,,6
2002-10-23 06:00:00,,4
2002-10-23 06:00:00,,5
2002-10-23 06:00:00,,2
2002-10-23 06:00:00,,3
2002-10-23 07:00:00,,15
2002-10-23 07:00:00,,14
2002-10-23 07:00:00,,13
2002-10-23 07:00:00,,16
2002-10-23 07:00:00,,17
2002-10-23 07:00:00,,18
2002-10-23 19:00:00,,22
2002-10-23 19:00:00,,24
2002-10-23 19:00:00,,23
2002-10-23 19:00:00,,20
2002-10-23 19:00:00,,19
2002-10-23 19:00:00,,21
2002-10-23 22:00:00,,9
2002-10-23 22:00:00,,10
2002-10-23 22:00:00,,8
2002-10-23 22:00:00,,7
2002-10-23 22:00:00,,12
2002-10-23 22:00:00,,11
2002-10-24 07:00:00,,5
2002-10-24 07:00:00,,3
2002-10-24 07:00:00,,1
2002-10-24 07:00:00,,6
2002-10-24 07:00:00,,2
2002-10-24 07:00:00,,4
2002-10-24 08:00:00,,18
2002-10-24 08:00:00,,17
2002-10-24 08:00:00,,16
2002-10-24 08:00:00,,13
2002-10-24 08:00:00,,14
2002-10-24 08:00:00,,15
2002-10-24 20:00:00,,22
2002-10-24 20:00:00,,23
2002-10-24 20:00:00,,24
2002-10-24 20:00:00,,20
2002-10-24 20:00:00,,21
2002-10-24 20:00:00,,19
2002-10-24 23:00:00,,8
2002-10-24 23:00:00,,11
2002-10-24 23:00:00,,12
2002-10-24 23:00:00,,10
2002-10-24 23:00:00,,7
2002-10-24 23:00:00,,9
2002-10-25 00:00:00,,11
2002-10-25 00:00:00,,7
2002-10-25 00:00:00,,9
2002-10-25 00:00:00,,12
2002-10-25 00:00:00,,10
2002-10-25 00:00:00,,8
2002-10-25 08:00:00,,1
2002-10-25 08:00:00,,4
2002-10-25 08:00:00,,3
2002-10-25 08:00:00,,6
2002-10-25 08:00:00,,2
2002-10-25 08:00:00,,5
2002-10-25 09:00:00,,14
2002-10-25 09:00:00,,16
2002-10-25 09:00:00,,15
2002-10-25 09:00:00,,17
2002-10-25 09:00:00,,13
2002-10-25 09:00:00,,18
2002-10-25 21:00:00,,19
2002-10-25 21:00:00,,23
2002-10-25 21:00:00,,20
2002-10-25 21:00:00,,24
2002-10-25 21:00:00,,22
2002-10-25 21:00:00,,21
2002-10-26 01:00:00,,11
2002-10-26 01:00:00,,7
2002-10-26 01:00:00,,9
2002-10-26 01:00:00,,10
2002-10-26 01:00:00,,12
2002-10-26 01:00:00,,8
2002-10-26 09:00:00,,2
2002-10-26 09:00:00,,4
2002-10-26 09:00:00,,3
2002-10-26 09:00:00,,6
2002-10-26 09:00:00,,5
2002-10-26 09:00:00,,1
2002-10-26 10:00:00,,16
2002-10-26 10:00:00,,14
2002-10-26 10:00:00,,13
2002-10-26 10:00:00,,15
2002-10-26 10:00:00,,18
2002-10-26 10:00:00,,17
2002-10-26 22:00:00,,23
2002-10-26 22:00:00,,20
2002-10-26 22:00:00,,24
2002-10-26 22:00:00,,22
2002-10-26 22:00:00,,19
2002-10-26 22:00:00,,21
2002-10-27 02:00:00,,8
2002-10-27 02:00:00,,11
2002-10-27 02:00:00,,12
2002-10-27 02:00:00,,9
2002-10-27 02:00:00,,7
2002-10-27 02:00:00,,10
2002-10-27 10:00:00,,6
2002-10-27 10:00:00,,4
2002-10-27 10:00:00,,3
2002-10-27 10:00:00,,2
2002-10-27 10:00:00,,5
2002-10-27 10:00:00,,1
2002-10-27 11:00:00,,18
2002-10-27 11:00:00,,14
2002-10-27 11:00:00,,13
2002-10-27 11:00:00,,16
2002-10-27 11:00:00,,15
2002-10-27 11:00:00,,17
2002-10-27 23:00:00,,21
2002-10-27 23:00:00,,22
2002-10-27 23:00:00,,19
2002-10-27 23:00:00,,23
2002-10-27 23:00:00,,24
2002-10-27 23:00:00,,20
2002-10-28 00:00:00,,21
2002-10-28 00:00:00,,23
2002-10-28 00:00:00,,24
2002-10-28 00:00:00,,19
2002-10-28 00:00:00,,22
2002-10-28 00:00:00,,20
2002-10-28 03:00:00,,8
2002-10-28 03:00:00,,9
2002-10-28 03:00:00,,12
2002-10-28 03:00:00,,7
2002-10-28 03:00:00,,10
2002-10-28 03:00:00,,11
2002-10-28 11:00:00,,1
2002-10-28 11:00:00,,5
2002-10-28 11:00:00,,4
2002-10-28 11:00:00,,2
2002-10-28 11:00:00,,6
2002-10-28 11:00:00,,3
2002-10-28 12:00:00,,15
2002-10-28 12:00:00,,16
2002-10-28 12:00:00,,14
2002-10-28 12:00:00,,18
2002-10-28 12:00:00,,13
2002-10-28 12:00:00,,17
2002-10-29 01:00:00,,21
2002-10-29 01:00:00,,19
2002-10-29 01:00:00,,20
2002-10-29 01:00:00,,23
2002-10-29 01:00:00,,22
2002-10-29 01:00:00,,24
2002-10-29 04:00:00,,9
2002-10-29 04:00:00,,8
2002-10-29 04:00:00,,12
2002-10-29 04:00:00,,10
2002-10-29 04:00:00,,11
2002-10-29 04:00:00,,7
2002-10-29 12:00:00,,6
2002-10-29 12:00:00,,5
2002-10-29 12:00:00,,3
2002-10-29 12:00:00,,4
2002-10-29 12:00:00,,1
2002-10-29 12:00:00,,2
2002-10-29 13:00:00,,18
2002-10-29 13:00:00,,16
2002-10-29 13:00:00,,13
2002-10-29 13:00:00,,15
2002-10-29 13:00:00,,17
2002-10-29 13:00:00,,14
2002-10-30 02:00:00,,21
2002-10-30 02:00:00,,19
2002-10-30 02:00:00,,20
2002-10-30 02:00:00,,22
2002-10-30 02:00:00,,24
2002-10-30 02:00:00,,23
2002-10-30 05:00:00,,10
2002-10-30 05:00:00,,12
2002-10-30 05:00:00,,8
2002-10-30 05:00:00,,7
2002-10-30 05:00:00,,9
2002-10-30 05:00:00,,11
2002-10-30 13:00:00,,3
2002-10-30 13:00:00,,4
2002-10-30 13:00:00,,5
2002-10-30 13:00:00,,1
2002-10-30 13:00:00,,6
2002-10-30 13:00:00,,2
2002-10-30 14:00:00,,17
2002-10-30 14:00:00,,16
2002-10-30 14:00:00,,13
2002-10-30 14:00:00,,18
2002-10-30 14:00:00,,15
2002-10-30 14:00:00,,14
2002-10-31 03:00:00,,19
2002-10-31 03:00:00,,20
2002-10-31 03:00:00,,21
2002-10-31 03:00:00,,23
2002-10-31 03:00:00,,24
2002-10-31 03:00:00,,22
2002-10-31 06:00:00,,12
2002-10-31 06:00:00,,10
2002-10-31 06:00:00,,11
2002-10-31 06:00:00,,7
2002-10-31 06:00:00,,8
2002-10-31 06:00:00,,9
2002-10-31 14:00:00,,5
2002-10-31 14:00:00,,1
2002-10-31 14:00:00,,6
2002-10-31 14:00:00,,2
2002-10-31 14:00:00,,4
2002-10-31 14:00:00,,3
2002-10-31 15:00:00,,15
2002-10-31 15:00:00,,13
2002-10-31 15:00:00,,14
2002-10-31 15:00:00,,18
2002-10-31 15:00:00,,16
2002-10-31 15:00:00,,17
2002-11-01 04:00:00,,19
2002-11-01 04:00:00,,22
2002-11-01 04:00:00,,20
2002-11-01 04:00:00,,21
2002-11-01 04:00:00,,23
2002-11-01 04:00:00,,24
2002-11-01 07:00:00,,9
2002-11-01 07:00:00,,11
2002-11-01 07:00:00,,7
2002-11-01 07:00:00,,8
2002-11-01 07:00:00,,12
2002-11-01 07:00:00,,10
2002-11-01 15:00:00,,2
2002-11-01 15:00:00,,4
2002-11-01 15:00:00,,3
2002-11-01 15:00:00,,6
2002-11-01 15:00:00,,1
2002-11-01 15:00:00,,5
2002-11-01 16:00:00,,16
2002-11-01 16:00:00,,15
2002-11-01 16:00:00,,13
2002-11-01 16:00:00,,14
2002-11-01 16:00:00,,17
2002-11-01 16:00:00,,18
2002-11-02 05:00:00,,22
2002-11-02 05:00:00,,21
2002-11-02 05:00:00,,24
2002-11-02 05:00:00,,19
2002-11-02 05:00:00,,23
2002-11-02 05:00:00,,20
2002-11-02 08:00:00,,12
2002-11-02 08:00:00,,10
2002-11-02 08:00:00,,9
2002-11-02 08:00:00,,8
2002-11-02 08:00:00,,11
2002-11-02 08:00:00,,7
2002-11-02 16:00:00,,6
2002-11-02 16:00:00,,5
2002-11-02 16:00:00,,1
2002-11-02 16:00:00,,4
2002-11-02 16:00:00,,2
2002-11-02 16:00:00,,3
2002-11-02 17:00:00,,18
2002-11-02 17:00:00,,17
2002-11-02 17:00:00,,15
2002-11-02 17:00:00,,13
2002-11-02 17:00:00,,16
2002-11-02 17:00:00,,14
2002-11-03 06:00:00,,20
2002-11-03 06:00:00,,21
2002-11-03 06:00:00,,19
2002-11-03 06:00:00,,24
2002-11-03 06:00:00,,22
2002-11-03 06:00:00,,23
2002-11-03 09:00:00,,7
2002-11-03 09:00:00,,9
2002-11-03 09:00:00,,8
2002-11-03 09:00:00,,10
2002-11-03 09:00:00,,12
2002-11-03 09:00:00,,11
2002-11-03 17:00:00,,6
2002-11-03 17:00:00,,3
2002-11-03 17:00:00,,2
2002-11-03 17:00:00,,4
2002-11-03 17:00:00,,5
2002-11-03 17:00:00,,1
2002-11-03 18:00:00,,14
2002-11-03 18:00:00,,17
2002-11-03 18:00:00,,16
2002-11-03 18:00:00,,13
2002-11-03 18:00:00,,18
2002-11-03 18:00:00,,15
2002-11-04 07:00:00,,21
2002-11-04 07:00:00,,22
2002-11-04 07:00:00,,24
2002-11-04 07:00:00,,20
2002-11-04 07:00:00,,23
2002-11-04 07:00:00,,19
2002-11-04 10:00:00,,8
2002-11-04 10:00:00,,11
2002-11-04 10:00:00,,12
2002-11-04 10:00:00,,7
2002-11-04 10:00:00,,9
2002-11-04 10:00:00,,10
2002-11-04 18:00:00,,1
2002-11-04 18:00:00,,6
2002-11-04 18:00:00,,3
2002-11-04 18:00:00,,5
2002-11-04 18:00:00,,2
2002-11-04 18:00:00,,4
2002-11-04 19:00:00,,18
2002-11-04 19:00:00,,16
2002-11-04 19:00:00,,14
2002-11-04 19:00:00,,13
2002-11-04 19:00:00,,15
2002-11-04 19:00:00,,17
2002-11-05 08:00:00,,24
2002-11-05 08:00:00,,23
2002-11-05 08:00:00,,20
2002-11-05 08:00:00,,22
2002-11-05 08:00:00,,21
2002-11-05 08:00:00,,19
2002-11-05 11:00:00,,11
2002-11-05 11:00:00,,12
2002-11-05 11:00:00,,8
2002-11-05 11:00:00,,10
2002-11-05 11:00:00,,9
2002-11-05 11:00:00,,7
2002-11-05 19:00:00,,2
2002-11-05 19:00:00,,4
2002-11-05 19:00:00,,6
2002-11-05 19:00:00,,5
2002-11-05 19:00:00,,1
2002-11-05 19:00:00,,3
2002-11-05 20:00:00,,15
2002-11-05 20:00:00,,14
2002-11-05 20:00:00,,13
2002-11-05 20:00:00,,16
2002-11-05 20:00:00,,18
2002-11-05 20:00:00,,17
2002-11-06 09:00:00,,23
2002-11-06 09:00:00,,20
2002-11-06 09:00:00,,19
2002-11-06 09:00:00,,22
2002-11-06 09:00:00,,24
2002-11-06 09:00:00,,21
2002-11-06 12:00:00,,12
2002-11-06 12:00:00,,7
2002-11-06 12:00:00,,9
2002-11-06 12:00:00,,8
2002-11-06 12:00:00,,11
2002-11-06 12:00:00,,10
2002-11-06 20:00:00,,3
2002-11-06 20:00:00,,6
2002-11-06 20:00:00,,4
2002-11-06 20:00:00,,1
2002-11-06 20:00:00,,5
2002-11-06 20:00:00,,2
2002-11-06 21:00:00,,14
2002-11-06 21:00:00,,18
2002-11-06 21:00:00,,15
2002-11-06 21:00:00,,13
2002-11-06 21:00:00,,16
2002-11-06 21:00:00,,17
2002-11-07 10:00:00,,20
2002-11-07 10:00:00,,22
2002-11-07 10:00:00,,24
2002-11-07 10:00:00,,19
2002-11-07 10:00:00,,23
2002-11-07 10:00:00,,21
2002-11-07 13:00:00,,7
2002-11-07 13:00:00,,11
2002-11-07 13:00:00,,10
2002-11-07 13:00:00,,12
2002-11-07 13:00:00,,9
2002-11-07 13:00:00,,8
2002-11-07 21:00:00,,2
2002-11-07 21:00:00,,4
2002-11-07 21:00:00,,3
2002-11-07 21:00:00,,6
2002-11-07 21:00:00,,1
2002-11-07 21:00:00,,5
2002-11-07 22:00:00,,16
2002-11-07 22:00:00,,14
2002-11-07 22:00:00,,17
2002-11-07 22:00:00,,15
2002-11-07 22:00:00,,13
2002-11-07 22:00:00,,18
2002-11-08 11:00:00,,22
2002-11-08 11:00:00,,20
2002-11-08 11:00:00,,19
2002-11-08 11:00:00,,24
2002-11-08 11:00:00,,21
2002-11-08 11:00:00,,23
2002-11-08 14:00:00,,9
2002-11-08 14:00:00,,10
2002-11-08 14:00:00,,11
2002-11-08 14:00:00,,8
2002-11-08 14:00:00,,12
2002-11-08 14:00:00,,7
2002-11-08 22:00:00,,2
2002-11-08 22:00:00,,6
2002-11-08 22:00:00,,4
2002-11-08 22:00:00,,1
2002-11-08 22:00:00,,5
2002-11-08 22:00:00,,3
2002-11-08 23:00:00,,17
2002-11-08 23:00:00,,18
2002-11-08 23:00:00,,13
2002-11-08 23:00:00,,16
2002-11-08 23:00:00,,14
2002-11-08 23:00:00,,15
2002-11-09 00:00:00,,15
2002-11-09 00:00:00,,14
2002-11-09 00:00:00,,18
2002-11-09 00:00:00,,17
2002-11-09 00:00:00,,13
2002-11-09 00:00:00,,16
2002-11-09 12:00:00,,24
2002-11-09 12:00:00,,19
2002-11-09 12:00:00,,23
2002-11-09 12:00:00,,22
2002-11-09 12:00:00,,20
2002-11-09 12:00:00,,21
2002-11-09 15:00:00,,10
2002-11-09 15:00:00,,12
2002-11-09 15:00:00,,8
2002-11-09 15:00:00,,7
2002-11-09 15:00:00,,11
2002-11-09 15:00:00,,9
2002-11-09 23:00:00,,6
2002-11-09 23:00:00,,5
2002-11-09 23:00:00,,1
2002-11-09 23:00:00,,4
2002-11-09 23:00:00,,3
2002-11-09 23:00:00,,2
2002-11-10 00:00:00,,3
2002-11-10 00:00:00,,1
2002-11-10 00:00:00,,2
2002-11-10 00:00:00,,6
2002-11-10 00:00:00,,5
2002-11-10 00:00:00,,4
2002-11-10 01:00:00,,16
2002-11-10 01:00:00,,13
2002-11-10 01:00:00,,18
2002-11-10 01:00:00,,17
2002-11-10 01:00:00,,15
2002-11-10 01:00:00,,14
2002-11-10 13:00:00,,22
2002-11-10 13:00:00,,20
2002-11-10 13:00:00,,24
2002-11-10 13:00:00,,23
2002-11-10 13:00:00,,19
2002-11-10 13:00:00,,21
2002-11-10 16:00:00,,9
2002-11-10 16:00:00,,12
2002-11-10 16:00:00,,8
2002-11-10 16:00:00,,7
2002-11-10 16:00:00,,11
2002-11-10 16:00:00,,10
2002-11-12 01:00:00,,4
2002-11-12 01:00:00,,3
2002-11-12 01:00:00,,5
2002-11-12 01:00:00,,2
2002-11-12 01:00:00,,6
2002-11-12 01:00:00,,1
2002-11-12 02:00:00,,14
2002-11-12 02:00:00,,16
2002-11-12 02:00:00,,17
2002-11-12 02:00:00,,18
2002-11-12 02:00:00,,15
2002-11-12 02:00:00,,13
2002-11-12 14:00:00,,21
2002-11-12 14:00:00,,20
2002-11-12 14:00:00,,19
2002-11-12 14:00:00,,24
2002-11-12 14:00:00,,22
2002-11-12 14:00:00,,23
2002-11-12 17:00:00,,11
2002-11-12 17:00:00,,10
2002-11-12 17:00:00,,9
2002-11-12 17:00:00,,12
2002-11-12 17:00:00,,8
2002-11-12 17:00:00,,7
2002-11-13 02:00:00,,5
2002-11-13 02:00:00,,1
2002-11-13 02:00:00,,3
2002-11-13 02:00:00,,6
2002-11-13 02:00:00,,2
2002-11-13 02:00:00,,4
2002-11-13 03:00:00,,15
2002-11-13 03:00:00,,14
2002-11-13 03:00:00,,13
2002-11-13 03:00:00,,18
2002-11-13 03:00:00,,16
2002-11-13 03:00:00,,17
2002-11-13 15:00:00,,20
2002-11-13 15:00:00,,22
2002-11-13 15:00:00,,21
2002-11-13 15:00:00,,24
2002-11-13 15:00:00,,19
2002-11-13 15:00:00,,23
2002-11-13 18:00:00,,10
2002-11-13 18:00:00,,7
2002-11-13 18:00:00,,12
2002-11-13 18:00:00,,11
2002-11-13 18:00:00,,9
2002-11-13 18:00:00,,8
2002-11-14 03:00:00,,5
2002-11-14 03:00:00,,3
2002-11-14 03:00:00,,1
2002-11-14 03:00:00,,2
2002-11-14 03:00:00,,6
2002-11-14 03:00:00,,4
2002-11-14 04:00:00,,17
2002-11-14 04:00:00,,16
2002-11-14 04:00:00,,15
2002-11-14 04:00:00,,18
2002-11-14 04:00:00,,13
2002-11-14 04:00:00,,14
2002-11-14 16:00:00,,24
2002-11-14 16:00:00,,19
2002-11-14 16:00:00,,23
2002-11-14 16:00:00,,20
2002-11-14 16:00:00,,22
2002-11-14 16:00:00,,21
2002-11-14 19:00:00,,9
2002-11-14 19:00:00,,10
2002-11-14 19:00:00,,7
2002-11-14 19:00:00,,8
2002-11-14 19:00:00,,11
2002-11-14 19:00:00,,12
2002-11-15 04:00:00,,5
2002-11-15 04:00:00,,6
2002-11-15 04:00:00,,3
2002-11-15 04:00:00,,4
2002-11-15 04:00:00,,1
2002-11-15 04:00:00,,2
2002-11-15 05:00:00,,13
2002-11-15 05:00:00,,15
2002-11-15 05:00:00,,17
2002-11-15 05:00:00,,14
2002-11-15 05:00:00,,16
2002-11-15 05:00:00,,18
2002-11-15 17:00:00,,20
2002-11-15 17:00:00,,22
2002-11-15 17:00:00,,23
2002-11-15 17:00:00,,19
2002-11-15 17:00:00,,21
2002-11-15 17:00:00,,24
2002-11-15 20:00:00,,12
2002-11-15 20:00:00,,9
2002-11-15 20:00:00,,7
2002-11-15 20:00:00,,10
2002-11-15 20:00:00,,11
2002-11-15 20:00:00,,8
2002-11-16 05:00:00,,6
2002-11-16 05:00:00,,5
2002-11-16 05:00:00,,2
2002-11-16 05:00:00,,4
2002-11-16 05:00:00,,3
2002-11-16 05:00:00,,1
2002-11-16 06:00:00,,17
2002-11-16 06:00:00,,15
2002-11-16 06:00:00,,16
2002-11-16 06:00:00,,13
2002-11-16 06:00:00,,18
2002-11-16 06:00:00,,14
2002-11-16 18:00:00,,20
2002-11-16 18:00:00,,21
2002-11-16 18:00:00,,19
2002-11-16 18:00:00,,23
2002-11-16 18:00:00,,22
2002-11-16 18:00:00,,24
2002-11-16 21:00:00,,9
2002-11-16 21:00:00,,10
2002-11-16 21:00:00,,11
2002-11-16 21:00:00,,8
2002-11-16 21:00:00,,12
2002-11-16 21:00:00,,7
2002-11-17 06:00:00,,3
2002-11-17 06:00:00,,1
2002-11-17 06:00:00,,5
2002-11-17 06:00:00,,2
2002-11-17 06:00:00,,4
2002-11-17 06:00:00,,6
2002-11-17 07:00:00,,17
2002-11-17 07:00:00,,14
2002-11-17 07:00:00,,13
2002-11-17 07:00:00,,18
2002-11-17 07:00:00,,16
2002-11-17 07:00:00,,15
2002-11-17 19:00:00,,22
2002-11-17 19:00:00,,24
2002-11-17 19:00:00,,20
2002-11-17 19:00:00,,19
2002-11-17 19:00:00,,23
2002-11-17 19:00:00,,21
2002-11-17 22:00:00,,12
2002-11-17 22:00:00,,8
2002-11-17 22:00:00,,11
2002-11-17 22:00:00,,10
2002-11-17 22:00:00,,9
2002-11-17 22:00:00,,7
2002-11-18 07:00:00,,4
2002-11-18 07:00:00,,1
2002-11-18 07:00:00,,5
2002-11-18 07:00:00,,6
2002-11-18 07:00:00,,3
2002-11-18 07:00:00,,2
2002-11-18 08:00:00,,15
2002-11-18 08:00:00,,14
2002-11-18 08:00:00,,18
2002-11-18 08:00:00,,17
2002-11-18 08:00:00,,16
2002-11-18 08:00:00,,13
2002-11-18 20:00:00,,23
2002-11-18 20:00:00,,24
2002-11-18 20:00:00,,21
2002-11-18 20:00:00,,19
2002-11-18 20:00:00,,22
2002-11-18 20:00:00,,20
2002-11-18 23:00:00,,12
2002-11-18 23:00:00,,10
2002-11-18 23:00:00,,11
2002-11-18 23:00:00,,8
2002-11-18 23:00:00,,9
2002-11-18 23:00:00,,7
2002-11-20 00:00:00,,11
2002-11-20 00:00:00,,8
2002-11-20 00:00:00,,10
2002-11-20 00:00:00,,9
2002-11-20 00:00:00,,12
2002-11-20 00:00:00,,7
2002-11-20 08:00:00,,5
2002-11-20 08:00:00,,3
2002-11-20 08:00:00,,6
2002-11-20 08:00:00,,4
2002-11-20 08:00:00,,1
2002-11-20 08:00:00,,2
2002-11-20 09:00:00,,15
2002-11-20 09:00:00,,17
2002-11-20 09:00:00,,14
2002-11-20 09:00:00,,13
2002-11-20 09:00:00,,16
2002-11-20 09:00:00,,18
2002-11-20 21:00:00,,21
2002-11-20 21:00:00,,22
2002-11-20 21:00:00,,24
2002-11-20 21:00:00,,23
2002-11-20 21:00:00,,20
2002-11-20 21:00:00,,19
2002-11-21 01:00:00,,12
2002-11-21 01:00:00,,8
2002-11-21 01:00:00,,9
2002-11-21 01:00:00,,7
2002-11-21 01:00:00,,10
2002-11-21 01:00:00,,11
2002-11-21 09:00:00,,3
2002-11-21 09:00:00,,2
2002-11-21 09:00:00,,6
2002-11-21 09:00:00,,5
2002-11-21 09:00:00,,4
2002-11-21 09:00:00,,1
2002-11-21 10:00:00,,18
2002-11-21 10:00:00,,13
2002-11-21 10:00:00,,14
2002-11-21 10:00:00,,17
2002-11-21 10:00:00,,16
2002-11-21 10:00:00,,15
2002-11-21 22:00:00,,24
2002-11-21 22:00:00,,21
2002-11-21 22:00:00,,23
2002-11-21 22:00:00,,20
2002-11-21 22:00:00,,22
2002-11-21 22:00:00,,19
2002-11-22 02:00:00,,12
2002-11-22 02:00:00,,9
2002-11-22 02:00:00,,10
2002-11-22 02:00:00,,11
2002-11-22 02:00:00,,8
2002-11-22 02:00:00,,7
2002-11-22 10:00:00,,2
2002-11-22 10:00:00,,1
2002-11-22 10:00:00,,4
2002-11-22 10:00:00,,3
2002-11-22 10:00:00,,6
2002-11-22 10:00:00,,5
2002-11-22 11:00:00,,13
2002-11-22 11:00:00,,18
2002-11-22 11:00:00,,16
2002-11-22 11:00:00,,17
2002-11-22 11:00:00,,14
2002-11-22 11:00:00,,15
2002-11-22 23:00:00,,23
2002-11-22 23:00:00,,21
2002-11-22 23:00:00,,20
2002-11-22 23:00:00,,19
2002-11-22 23:00:00,,24
2002-11-22 23:00:00,,22
2002-11-23 00:00:00,,20
2002-11-23 00:00:00,,23
2002-11-23 00:00:00,,22
2002-11-23 00:00:00,,24
2002-11-23 00:00:00,,19
2002-11-23 00:00:00,,21
2002-11-23 03:00:00,,7
2002-11-23 03:00:00,,12
2002-11-23 03:00:00,,8
2002-11-23 03:00:00,,10
2002-11-23 03:00:00,,11
2002-11-23 03:00:00,,9
2002-11-23 11:00:00,,2
2002-11-23 11:00:00,,6
2002-11-23 11:00:00,,1
2002-11-23 11:00:00,,3
2002-11-23 11:00:00,,5
2002-11-23 11:00:00,,4
2002-11-23 12:00:00,,16
2002-11-23 12:00:00,,15
2002-11-23 12:00:00,,18
2002-11-23 12:00:00,,14
2002-11-23 12:00:00,,13
2002-11-23 12:00:00,,17
2002-11-24 01:00:00,,23
2002-11-24 01:00:00,,21
2002-11-24 01:00:00,,22
2002-11-24 01:00:00,,19
2002-11-24 01:00:00,,20
2002-11-24 01:00:00,,24
2002-11-24 04:00:00,,7
2002-11-24 04:00:00,,11
2002-11-24 04:00:00,,8
2002-11-24 04:00:00,,10
2002-11-24 04:00:00,,9
2002-11-24 04:00:00,,12
2002-11-24 12:00:00,,6
2002-11-24 12:00:00,,4
2002-11-24 12:00:00,,2
2002-11-24 12:00:00,,1
2002-11-24 12:00:00,,5
2002-11-24 12:00:00,,3
2002-11-25 02:00:00,,21
2002-11-25 02:00:00,,20
2002-11-25 02:00:00,,23
2002-11-25 02:00:00,,22
2002-11-25 02:00:00,,19
2002-11-25 02:00:00,,24
2002-11-25 05:00:00,,8
2002-11-25 05:00:00,,9
2002-11-25 05:00:00,,10
2002-11-25 05:00:00,,11
2002-11-25 05:00:00,,7
2002-11-25 05:00:00,,12
2002-11-25 13:00:00,,2
2002-11-25 13:00:00,,17
2002-11-25 13:00:00,,14
2002-11-25 13:00:00,,13
2002-11-25 13:00:00,,4
2002-11-25 13:00:00,,5
2002-11-25 13:00:00,,15
2002-11-25 13:00:00,,1
2002-11-25 13:00:00,,3
2002-11-25 13:00:00,,6
2002-11-25 13:00:00,,18
2002-11-25 13:00:00,,16
2002-11-26 03:00:00,,20
2002-11-26 03:00:00,,24
2002-11-26 03:00:00,,22
2002-11-26 03:00:00,,23
2002-11-26 03:00:00,,19
2002-11-26 03:00:00,,21
2002-11-26 06:00:00,,10
2002-11-26 06:00:00,,7
2002-11-26 06:00:00,,8
2002-11-26 06:00:00,,9
2002-11-26 06:00:00,,11
2002-11-26 06:00:00,,12
2002-11-26 14:00:00,,2
2002-11-26 14:00:00,,17
2002-11-26 14:00:00,,3
2002-11-26 14:00:00,,13
2002-11-26 14:00:00,,18
2002-11-26 14:00:00,,16
2002-11-26 14:00:00,,6
2002-11-26 14:00:00,,5
2002-11-26 14:00:00,,15
2002-11-26 14:00:00,,14
2002-11-26 14:00:00,,4
2002-11-26 14:00:00,,1
2002-11-27 04:00:00,,20
2002-11-27 04:00:00,,21
2002-11-27 04:00:00,,19
2002-11-27 04:00:00,,23
2002-11-27 04:00:00,,22
2002-11-27 04:00:00,,24
2002-11-27 07:00:00,,11
2002-11-27 07:00:00,,7
2002-11-27 07:00:00,,12
2002-11-27 07:00:00,,10
2002-11-27 07:00:00,,9
2002-11-27 07:00:00,,8
2002-11-27 15:00:00,,15
2002-11-27 15:00:00,,17
2002-11-27 15:00:00,,3
2002-11-27 15:00:00,,18
2002-11-27 15:00:00,,1
2002-11-27 15:00:00,,13
2002-11-27 15:00:00,,4
2002-11-27 15:00:00,,6
2002-11-27 15:00:00,,16
2002-11-27 15:00:00,,5
2002-11-27 15:00:00,,14
2002-11-27 15:00:00,,2
2002-11-28 05:00:00,,24
2002-11-28 05:00:00,,23
2002-11-28 05:00:00,,21
2002-11-28 05:00:00,,20
2002-11-28 05:00:00,,19
2002-11-28 05:00:00,,22
2002-11-28 08:00:00,,9
2002-11-28 08:00:00,,12
2002-11-28 08:00:00,,7
2002-11-28 08:00:00,,8
2002-11-28 08:00:00,,11
2002-11-28 08:00:00,,10
2002-11-28 16:00:00,,16
2002-11-28 16:00:00,,6
2002-11-28 16:00:00,,18
2002-11-28 16:00:00,,4
2002-11-28 16:00:00,,13
2002-11-28 16:00:00,,3
2002-11-28 16:00:00,,2
2002-11-28 16:00:00,,1
2002-11-28 16:00:00,,5
2002-11-28 16:00:00,,17
2002-11-28 16:00:00,,15
2002-11-28 16:00:00,,14
2002-11-29 06:00:00,,22
2002-11-29 06:00:00,,20
2002-11-29 06:00:00,,19
2002-11-29 06:00:00,,21
2002-11-29 06:00:00,,23
2002-11-29 06:00:00,,24
2002-11-29 09:00:00,,11
2002-11-29 09:00:00,,10
2002-11-29 09:00:00,,8
2002-11-29 09:00:00,,7
2002-11-29 09:00:00,,9
2002-11-29 09:00:00,,12
2002-11-29 17:00:00,,14
2002-11-29 17:00:00,,4
2002-11-29 17:00:00,,15
2002-11-29 17:00:00,,6
2002-11-29 17:00:00,,18
2002-11-29 17:00:00,,2
2002-11-29 17:00:00,,13
2002-11-29 17:00:00,,1
2002-11-29 17:00:00,,3
2002-11-29 17:00:00,,16
2002-11-29 17:00:00,,17
2002-11-29 17:00:00,,5
2002-11-30 07:00:00,,19
2002-11-30 07:00:00,,24
2002-11-30 07:00:00,,23
2002-11-30 07:00:00,,21
2002-11-30 07:00:00,,20
2002-11-30 07:00:00,,22
2002-11-30 10:00:00,,8
2002-11-30 10:00:00,,11
2002-11-30 10:00:00,,12
2002-11-30 10:00:00,,9
2002-11-30 10:00:00,,7
2002-11-30 10:00:00,,10
2002-11-30 18:00:00,,18
2002-11-30 18:00:00,,5
2002-11-30 18:00:00,,1
2002-11-30 18:00:00,,3
2002-11-30 18:00:00,,6
2002-11-30 18:00:00,,2
2002-11-30 18:00:00,,17
2002-11-30 18:00:00,,15
2002-11-30 18:00:00,,4
2002-11-30 18:00:00,,16
2002-11-30 18:00:00,,14
2002-11-30 18:00:00,,13
2002-12-01 08:00:00,,24
2002-12-01 08:00:00,,21
2002-12-01 08:00:00,,19
2002-12-01 08:00:00,,22
2002-12-01 08:00:00,,20
2002-12-01 08:00:00,,23
2002-12-01 11:00:00,,10
2002-12-01 11:00:00,,7
2002-12-01 11:00:00,,8
2002-12-01 11:00:00,,12
2002-12-01 11:00:00,,9
2002-12-01 11:00:00,,11
2002-12-01 19:00:00,,14
2002-12-01 19:00:00,,1
2002-12-01 19:00:00,,16
2002-12-01 19:00:00,,5
2002-12-01 19:00:00,,3
2002-12-01 19:00:00,,6
2002-12-01 19:00:00,,15
2002-12-01 19:00:00,,18
2002-12-01 19:00:00,,2
2002-12-01 19:00:00,,4
2002-12-01 19:00:00,,13
2002-12-01 19:00:00,,17
2002-12-02 09:00:00,,22
2002-12-02 09:00:00,,19
2002-12-02 09:00:00,,23
2002-12-02 09:00:00,,24
2002-12-02 09:00:00,,20
2002-12-02 09:00:00,,21
2002-12-02 12:00:00,,12
2002-12-02 12:00:00,,9
2002-12-02 12:00:00,,11
2002-12-02 12:00:00,,8
2002-12-02 12:00:00,,10
2002-12-02 12:00:00,,7
2002-12-02 20:00:00,,3
2002-12-02 20:00:00,,6
2002-12-02 20:00:00,,18
2002-12-02 20:00:00,,16
2002-12-02 20:00:00,,5
2002-12-02 20:00:00,,1
2002-12-02 20:00:00,,17
2002-12-02 20:00:00,,13
2002-12-02 20:00:00,,4
2002-12-02 20:00:00,,2
2002-12-02 20:00:00,,14
2002-12-02 20:00:00,,15
2002-12-03 10:00:00,,24
2002-12-03 10:00:00,,20
2002-12-03 10:00:00,,23
2002-12-03 10:00:00,,19
2002-12-03 10:00:00,,22
2002-12-03 10:00:00,,21
2002-12-03 13:00:00,,10
2002-12-03 13:00:00,,12
2002-12-03 13:00:00,,9
2002-12-03 13:00:00,,7
2002-12-03 13:00:00,,8
2002-12-03 13:00:00,,11
2002-12-03 21:00:00,,5
2002-12-03 21:00:00,,1
2002-12-03 21:00:00,,6
2002-12-03 21:00:00,,17
2002-12-03 21:00:00,,18
2002-12-03 21:00:00,,15
2002-12-03 21:00:00,,14
2002-12-03 21:00:00,,16
2002-12-03 21:00:00,,13
2002-12-03 21:00:00,,4
2002-12-03 21:00:00,,3
2002-12-03 21:00:00,,2
2002-12-04 11:00:00,,19
2002-12-04 11:00:00,,22
2002-12-04 11:00:00,,23
2002-12-04 11:00:00,,24
2002-12-04 11:00:00,,20
2002-12-04 11:00:00,,21
2002-12-04 14:00:00,,7
2002-12-04 14:00:00,,12
2002-12-04 14:00:00,,9
2002-12-04 14:00:00,,8
2002-12-04 14:00:00,,11
2002-12-04 14:00:00,,10
2002-12-04 22:00:00,,17
2002-12-04 22:00:00,,2
2002-12-04 22:00:00,,3
2002-12-04 22:00:00,,13
2002-12-04 22:00:00,,16
2002-12-04 22:00:00,,18
2002-12-04 22:00:00,,15
2002-12-04 22:00:00,,4
2002-12-04 22:00:00,,1
2002-12-04 22:00:00,,6
2002-12-04 22:00:00,,14
2002-12-04 22:00:00,,5
2002-12-05 12:00:00,,19
2002-12-05 12:00:00,,20
2002-12-05 12:00:00,,21
2002-12-05 12:00:00,,22
2002-12-05 12:00:00,,23
2002-12-05 12:00:00,,24
2002-12-05 15:00:00,,7
2002-12-05 15:00:00,,12
2002-12-05 15:00:00,,9
2002-12-05 15:00:00,,8
2002-12-05 15:00:00,,10
2002-12-05 15:00:00,,11
2002-12-05 23:00:00,,6
2002-12-05 23:00:00,,15
2002-12-05 23:00:00,,1
2002-12-05 23:00:00,,16
2002-12-05 23:00:00,,3
2002-12-05 23:00:00,,17
2002-12-05 23:00:00,,4
2002-12-05 23:00:00,,2
2002-12-05 23:00:00,,18
2002-12-05 23:00:00,,13
2002-12-05 23:00:00,,14
2002-12-05 23:00:00,,5
2002-12-06 00:00:00,,15
2002-12-06 00:00:00,,14
2002-12-06 00:00:00,,1
2002-12-06 00:00:00,,16
2002-12-06 00:00:00,,6
2002-12-06 00:00:00,,4
2002-12-06 00:00:00,,18
2002-12-06 00:00:00,,13
2002-12-06 00:00:00,,3
2002-12-06 00:00:00,,2
2002-12-06 00:00:00,,17
2002-12-06 00:00:00,,5
2002-12-06 13:00:00,,20
2002-12-06 13:00:00,,19
2002-12-06 13:00:00,,22
2002-12-06 13:00:00,,24
2002-12-06 13:00:00,,23
2002-12-06 13:00:00,,21
2002-12-06 16:00:00,,11
2002-12-06 16:00:00,,10
2002-12-06 16:00:00,,9
2002-12-06 16:00:00,,8
2002-12-06 16:00:00,,12
2002-12-06 16:00:00,,7
2002-12-07 01:00:00,,16
2002-12-07 01:00:00,,6
2002-12-07 01:00:00,,13
2002-12-07 01:00:00,,14
2002-12-07 01:00:00,,5
2002-12-07 01:00:00,,1
2002-12-07 01:00:00,,3
2002-12-07 01:00:00,,15
2002-12-07 01:00:00,,4
2002-12-07 01:00:00,,18
2002-12-07 01:00:00,,2
2002-12-07 01:00:00,,17
2002-12-07 14:00:00,,21
2002-12-07 14:00:00,,20
2002-12-07 14:00:00,,23
2002-12-07 14:00:00,,19
2002-12-07 14:00:00,,22
2002-12-07 14:00:00,,24
2002-12-07 17:00:00,,9
2002-12-07 17:00:00,,7
2002-12-07 17:00:00,,10
2002-12-07 17:00:00,,8
2002-12-07 17:00:00,,11
2002-12-07 17:00:00,,12
2002-12-08 02:00:00,,6
2002-12-08 02:00:00,,13
2002-12-08 02:00:00,,2
2002-12-08 02:00:00,,18
2002-12-08 02:00:00,,17
2002-12-08 02:00:00,,14
2002-12-08 02:00:00,,16
2002-12-08 02:00:00,,4
2002-12-08 02:00:00,,15
2002-12-08 02:00:00,,1
2002-12-08 02:00:00,,5
2002-12-08 02:00:00,,3
2002-12-08 15:00:00,,20
2002-12-08 15:00:00,,22
2002-12-08 15:00:00,,21
2002-12-08 15:00:00,,19
2002-12-08 15:00:00,,23
2002-12-08 15:00:00,,24
2002-12-08 18:00:00,,9
2002-12-08 18:00:00,,12
2002-12-08 18:00:00,,8
2002-12-08 18:00:00,,7
2002-12-08 18:00:00,,11
2002-12-08 18:00:00,,10
2002-12-09 03:00:00,,13
2002-12-09 03:00:00,,18
2002-12-09 03:00:00,,4
2002-12-09 03:00:00,,16
2002-12-09 03:00:00,,14
2002-12-09 03:00:00,,17
2002-12-09 03:00:00,,15
2002-12-09 03:00:00,,2
2002-12-09 03:00:00,,5
2002-12-09 03:00:00,,1
2002-12-09 03:00:00,,6
2002-12-09 03:00:00,,3
2002-12-09 16:00:00,,20
2002-12-09 16:00:00,,21
2002-12-09 16:00:00,,19
2002-12-09 16:00:00,,24
2002-12-09 16:00:00,,22
2002-12-09 16:00:00,,23
2002-12-09 19:00:00,,7
2002-12-09 19:00:00,,12
2002-12-09 19:00:00,,11
2002-12-09 19:00:00,,10
2002-12-09 19:00:00,,9
2002-12-09 19:00:00,,8
2002-12-10 04:00:00,,6
2002-12-10 04:00:00,,15
2002-12-10 04:00:00,,2
2002-12-10 04:00:00,,16
2002-12-10 04:00:00,,4
2002-12-10 04:00:00,,18
2002-12-10 04:00:00,,1
2002-12-10 04:00:00,,13
2002-12-10 04:00:00,,5
2002-12-10 04:00:00,,3
2002-12-10 04:00:00,,17
2002-12-10 04:00:00,,14
2002-12-10 17:00:00,,23
2002-12-10 17:00:00,,19
2002-12-10 17:00:00,,22
2002-12-10 17:00:00,,20
2002-12-10 17:00:00,,24
2002-12-10 17:00:00,,21
2002-12-10 20:00:00,,11
2002-12-10 20:00:00,,9
2002-12-10 20:00:00,,10
2002-12-10 20:00:00,,12
2002-12-10 20:00:00,,8
2002-12-10 20:00:00,,7
2002-12-11 05:00:00,,15
2002-12-11 05:00:00,,2
2002-12-11 05:00:00,,14
2002-12-11 05:00:00,,1
2002-12-11 05:00:00,,6
2002-12-11 05:00:00,,4
2002-12-11 05:00:00,,16
2002-12-11 05:00:00,,13
2002-12-11 05:00:00,,18
2002-12-11 05:00:00,,5
2002-12-11 05:00:00,,3
2002-12-11 05:00:00,,17
2002-12-11 18:00:00,,23
2002-12-11 18:00:00,,22
2002-12-11 18:00:00,,24
2002-12-11 18:00:00,,21
2002-12-11 18:00:00,,20
2002-12-11 18:00:00,,19
2002-12-11 21:00:00,,8
2002-12-11 21:00:00,,12
2002-12-11 21:00:00,,9
2002-12-11 21:00:00,,7
2002-12-11 21:00:00,,11
2002-12-11 21:00:00,,10
2002-12-12 06:00:00,,2
2002-12-12 06:00:00,,15
2002-12-12 06:00:00,,18
2002-12-12 06:00:00,,6
2002-12-12 06:00:00,,16
2002-12-12 06:00:00,,13
2002-12-12 06:00:00,,1
2002-12-12 06:00:00,,5
2002-12-12 06:00:00,,17
2002-12-12 06:00:00,,3
2002-12-12 06:00:00,,14
2002-12-12 06:00:00,,4
2002-12-12 19:00:00,,23
2002-12-12 19:00:00,,20
2002-12-12 19:00:00,,21
2002-12-12 19:00:00,,19
2002-12-12 19:00:00,,24
2002-12-12 19:00:00,,22
2002-12-12 22:00:00,,11
2002-12-12 22:00:00,,8
2002-12-12 22:00:00,,9
2002-12-12 22:00:00,,12
2002-12-12 22:00:00,,7
2002-12-12 22:00:00,,10
2002-12-13 07:00:00,,17
2002-12-13 07:00:00,,2
2002-12-13 07:00:00,,1
2002-12-13 07:00:00,,16
2002-12-13 07:00:00,,4
2002-12-13 07:00:00,,3
2002-12-13 07:00:00,,6
2002-12-13 07:00:00,,13
2002-12-13 07:00:00,,5
2002-12-13 07:00:00,,14
2002-12-13 07:00:00,,18
2002-12-13 07:00:00,,15
2002-12-13 20:00:00,,24
2002-12-13 20:00:00,,23
2002-12-13 20:00:00,,22
2002-12-13 20:00:00,,19
2002-12-13 20:00:00,,21
2002-12-13 20:00:00,,20
2002-12-13 23:00:00,,12
2002-12-13 23:00:00,,9
2002-12-13 23:00:00,,11
2002-12-13 23:00:00,,7
2002-12-13 23:00:00,,8
2002-12-13 23:00:00,,10
2002-12-14 00:00:00,,10
2002-12-14 00:00:00,,8
2002-12-14 00:00:00,,11
2002-12-14 00:00:00,,7
2002-12-14 00:00:00,,12
2002-12-14 00:00:00,,9
2002-12-14 08:00:00,,5
2002-12-14 08:00:00,,14
2002-12-14 08:00:00,,6
2002-12-14 08:00:00,,15
2002-12-14 08:00:00,,18
2002-12-14 08:00:00,,2
2002-12-14 08:00:00,,17
2002-12-14 08:00:00,,16
2002-12-14 08:00:00,,1
2002-12-14 08:00:00,,3
2002-12-14 08:00:00,,13
2002-12-14 08:00:00,,4
2002-12-14 21:00:00,,22
2002-12-14 21:00:00,,21
2002-12-14 21:00:00,,20
2002-12-14 21:00:00,,19
2002-12-14 21:00:00,,24
2002-12-14 21:00:00,,23
2002-12-15 01:00:00,,7
2002-12-15 01:00:00,,10
2002-12-15 01:00:00,,8
2002-12-15 01:00:00,,11
2002-12-15 01:00:00,,9
2002-12-15 01:00:00,,12
2002-12-15 09:00:00,,2
2002-12-15 09:00:00,,4
2002-12-15 09:00:00,,18
2002-12-15 09:00:00,,17
2002-12-15 09:00:00,,15
2002-12-15 09:00:00,,14
2002-12-15 09:00:00,,5
2002-12-15 09:00:00,,6
2002-12-15 09:00:00,,16
2002-12-15 09:00:00,,1
2002-12-15 09:00:00,,3
2002-12-15 09:00:00,,13
2002-12-15 22:00:00,,21
2002-12-15 22:00:00,,22
2002-12-15 22:00:00,,20
2002-12-15 22:00:00,,24
2002-12-15 22:00:00,,23
2002-12-15 22:00:00,,19
2002-12-16 02:00:00,,11
2002-12-16 02:00:00,,7
2002-12-16 02:00:00,,10
2002-12-16 02:00:00,,9
2002-12-16 02:00:00,,12
2002-12-16 02:00:00,,8
2002-12-16 10:00:00,,2
2002-12-16 10:00:00,,1
2002-12-16 10:00:00,,3
2002-12-16 10:00:00,,18
2002-12-16 10:00:00,,17
2002-12-16 10:00:00,,4
2002-12-16 10:00:00,,16
2002-12-16 10:00:00,,15
2002-12-16 10:00:00,,14
2002-12-16 10:00:00,,6
2002-12-16 10:00:00,,5
2002-12-16 10:00:00,,13
2002-12-16 23:00:00,,24
2002-12-16 23:00:00,,19
2002-12-16 23:00:00,,23
2002-12-16 23:00:00,,20
2002-12-16 23:00:00,,22
2002-12-16 23:00:00,,21
2002-12-17 00:00:00,,21
2002-12-17 00:00:00,,20
2002-12-17 00:00:00,,19
2002-12-17 00:00:00,,23
2002-12-17 00:00:00,,24
2002-12-17 00:00:00,,22
2002-12-17 03:00:00,,11
2002-12-17 03:00:00,,9
2002-12-17 03:00:00,,10
2002-12-17 03:00:00,,7
2002-12-17 03:00:00,,12
2002-12-17 03:00:00,,8
2002-12-17 11:00:00,,6
2002-12-17 11:00:00,,3
2002-12-17 11:00:00,,16
2002-12-17 11:00:00,,17
2002-12-17 11:00:00,,14
2002-12-17 11:00:00,,5
2002-12-17 11:00:00,,1
2002-12-17 11:00:00,,2
2002-12-17 11:00:00,,4
2002-12-17 11:00:00,,18
2002-12-17 11:00:00,,13
2002-12-17 11:00:00,,15
2002-12-18 01:00:00,,20
2002-12-18 01:00:00,,21
2002-12-18 01:00:00,,19
2002-12-18 01:00:00,,23
2002-12-18 01:00:00,,22
2002-12-18 01:00:00,,24
2002-12-18 04:00:00,,12
2002-12-18 04:00:00,,9
2002-12-18 04:00:00,,7
2002-12-18 04:00:00,,8
2002-12-18 04:00:00,,10
2002-12-18 04:00:00,,11
2002-12-18 12:00:00,,1
2002-12-18 12:00:00,,4
2002-12-18 12:00:00,,3
2002-12-18 12:00:00,,18
2002-12-18 12:00:00,,13
2002-12-18 12:00:00,,2
2002-12-18 12:00:00,,5
2002-12-18 12:00:00,,15
2002-12-18 12:00:00,,17
2002-12-18 12:00:00,,16
2002-12-18 12:00:00,,14
2002-12-18 12:00:00,,6
2002-12-19 02:00:00,,20
2002-12-19 02:00:00,,23
2002-12-19 02:00:00,,21
2002-12-19 02:00:00,,22
2002-12-19 02:00:00,,24
2002-12-19 02:00:00,,19
2002-12-19 05:00:00,,7
2002-12-19 05:00:00,,12
2002-12-19 05:00:00,,10
2002-12-19 05:00:00,,11
2002-12-19 05:00:00,,9
2002-12-19 05:00:00,,8
2002-12-19 13:00:00,,5
2002-12-19 13:00:00,,1
2002-12-19 13:00:00,,16
2002-12-19 13:00:00,,17
2002-12-19 13:00:00,,2
2002-12-19 13:00:00,,14
2002-12-19 13:00:00,,4
2002-12-19 13:00:00,,15
2002-12-19 13:00:00,,18
2002-12-19 13:00:00,,3
2002-12-19 13:00:00,,6
2002-12-19 13:00:00,,13
2002-12-20 03:00:00,,22
2002-12-20 03:00:00,,20
2002-12-20 03:00:00,,19
2002-12-20 03:00:00,,21
2002-12-20 03:00:00,,23
2002-12-20 03:00:00,,24
2002-12-20 06:00:00,,9
2002-12-20 06:00:00,,10
2002-12-20 06:00:00,,7
2002-12-20 06:00:00,,11
2002-12-20 06:00:00,,12
2002-12-20 06:00:00,,8
2002-12-20 14:00:00,,2
2002-12-20 14:00:00,,17
2002-12-20 14:00:00,,3
2002-12-20 14:00:00,,14
2002-12-20 14:00:00,,18
2002-12-20 14:00:00,,6
2002-12-20 14:00:00,,5
2002-12-20 14:00:00,,1
2002-12-20 14:00:00,,13
2002-12-20 14:00:00,,4
2002-12-20 14:00:00,,16
2002-12-20 14:00:00,,15
2002-12-21 04:00:00,,20
2002-12-21 04:00:00,,24
2002-12-21 04:00:00,,22
2002-12-21 04:00:00,,19
2002-12-21 04:00:00,,23
2002-12-21 04:00:00,,21
2002-12-21 07:00:00,,9
2002-12-21 07:00:00,,7
2002-12-21 07:00:00,,11
2002-12-21 07:00:00,,8
2002-12-21 07:00:00,,12
2002-12-21 07:00:00,,10
2002-12-21 15:00:00,,2
2002-12-21 15:00:00,,14
2002-12-21 15:00:00,,15
2002-12-21 15:00:00,,13
2002-12-21 15:00:00,,3
2002-12-21 15:00:00,,1
2002-12-21 15:00:00,,17
2002-12-21 15:00:00,,6
2002-12-21 15:00:00,,4
2002-12-21 15:00:00,,16
2002-12-21 15:00:00,,18
2002-12-21 15:00:00,,5
2002-12-22 05:00:00,,22
2002-12-22 05:00:00,,20
2002-12-22 05:00:00,,19
2002-12-22 05:00:00,,24
2002-12-22 05:00:00,,23
2002-12-22 05:00:00,,21
2002-12-22 08:00:00,,9
2002-12-22 08:00:00,,8
2002-12-22 08:00:00,,12
2002-12-22 08:00:00,,11
2002-12-22 08:00:00,,7
2002-12-22 08:00:00,,10
2002-12-22 16:00:00,,15
2002-12-22 16:00:00,,1
2002-12-22 16:00:00,,4
2002-12-22 16:00:00,,2
2002-12-22 16:00:00,,3
2002-12-22 16:00:00,,18
2002-12-22 16:00:00,,6
2002-12-22 16:00:00,,13
2002-12-22 16:00:00,,17
2002-12-22 16:00:00,,16
2002-12-22 16:00:00,,14
2002-12-22 16:00:00,,5
2002-12-23 06:00:00,,23
2002-12-23 06:00:00,,24
2002-12-23 06:00:00,,21
2002-12-23 06:00:00,,19
2002-12-23 06:00:00,,22
2002-12-23 06:00:00,,20
2002-12-23 09:00:00,,7
2002-12-23 09:00:00,,11
2002-12-23 09:00:00,,12
2002-12-23 09:00:00,,8
2002-12-23 09:00:00,,9
2002-12-23 09:00:00,,10
2002-12-23 17:00:00,,3
2002-12-23 17:00:00,,14
2002-12-23 17:00:00,,1
2002-12-23 17:00:00,,6
2002-12-23 17:00:00,,18
2002-12-23 17:00:00,,13
2002-12-23 17:00:00,,17
2002-12-23 17:00:00,,15
2002-12-23 17:00:00,,16
2002-12-23 17:00:00,,2
2002-12-23 17:00:00,,5
2002-12-23 17:00:00,,4
2002-12-24 07:00:00,,19
2002-12-24 07:00:00,,22
2002-12-24 07:00:00,,23
2002-12-24 07:00:00,,20
2002-12-24 07:00:00,,24
2002-12-24 07:00:00,,21
2002-12-24 10:00:00,,9
2002-12-24 10:00:00,,12
2002-12-24 10:00:00,,10
2002-12-24 10:00:00,,11
2002-12-24 10:00:00,,8
2002-12-24 10:00:00,,7
2002-12-24 18:00:00,,18
2002-12-24 18:00:00,,5
2002-12-24 18:00:00,,16
2002-12-24 18:00:00,,17
2002-12-24 18:00:00,,13
2002-12-24 18:00:00,,14
2002-12-24 18:00:00,,1
2002-12-24 18:00:00,,2
2002-12-24 18:00:00,,4
2002-12-24 18:00:00,,6
2002-12-24 18:00:00,,3
2002-12-24 18:00:00,,15
2002-12-25 08:00:00,,19
2002-12-25 08:00:00,,20
2002-12-25 08:00:00,,21
2002-12-25 08:00:00,,24
2002-12-25 08:00:00,,23
2002-12-25 08:00:00,,22
2002-12-25 11:00:00,,11
2002-12-25 11:00:00,,12
2002-12-25 11:00:00,,10
2002-12-25 11:00:00,,8
2002-12-25 11:00:00,,7
2002-12-25 11:00:00,,9
2002-12-25 19:00:00,,3
2002-12-25 19:00:00,,13
2002-12-25 19:00:00,,14
2002-12-25 19:00:00,,1
2002-12-25 19:00:00,,2
2002-12-25 19:00:00,,6
2002-12-25 19:00:00,,16
2002-12-25 19:00:00,,4
2002-12-25 19:00:00,,5
2002-12-25 19:00:00,,15
2002-12-25 19:00:00,,17
2002-12-25 19:00:00,,18
2002-12-26 09:00:00,,19
2002-12-26 09:00:00,,23
2002-12-26 09:00:00,,24
2002-12-26 09:00:00,,22
2002-12-26 09:00:00,,20
2002-12-26 09:00:00,,21
2002-12-26 12:00:00,,12
2002-12-26 12:00:00,,7
2002-12-26 12:00:00,,9
2002-12-26 12:00:00,,8
2002-12-26 12:00:00,,11
2002-12-26 12:00:00,,10
2002-12-26 20:00:00,,4
2002-12-26 20:00:00,,17
2002-12-26 20:00:00,,14
2002-12-26 20:00:00,,1
2002-12-26 20:00:00,,16
2002-12-26 20:00:00,,13
2002-12-26 20:00:00,,15
2002-12-26 20:00:00,,2
2002-12-26 20:00:00,,3
2002-12-26 20:00:00,,6
2002-12-26 20:00:00,,18
2002-12-26 20:00:00,,5
2002-12-27 10:00:00,,21
2002-12-27 10:00:00,,22
2002-12-27 10:00:00,,20
2002-12-27 10:00:00,,23
2002-12-27 10:00:00,,19
2002-12-27 10:00:00,,24
2002-12-27 13:00:00,,8
2002-12-27 13:00:00,,7
2002-12-27 13:00:00,,12
2002-12-27 13:00:00,,9
2002-12-27 13:00:00,,11
2002-12-27 13:00:00,,10
2002-12-27 21:00:00,,4
2002-12-27 21:00:00,,3
2002-12-27 21:00:00,,17
2002-12-27 21:00:00,,14
2002-12-27 21:00:00,,5
2002-12-27 21:00:00,,15
2002-12-27 21:00:00,,1
2002-12-27 21:00:00,,6
2002-12-27 21:00:00,,13
2002-12-27 21:00:00,,18
2002-12-27 21:00:00,,16
2002-12-27 21:00:00,,2
2002-12-28 11:00:00,,22
2002-12-28 11:00:00,,21
2002-12-28 11:00:00,,24
2002-12-28 11:00:00,,20
2002-12-28 11:00:00,,23
2002-12-28 11:00:00,,19
2002-12-28 14:00:00,,10
2002-12-28 14:00:00,,9
2002-12-28 14:00:00,,11
2002-12-28 14:00:00,,8
2002-12-28 14:00:00,,7
2002-12-28 14:00:00,,12
2002-12-28 22:00:00,,3
2002-12-28 22:00:00,,18
2002-12-28 22:00:00,,16
2002-12-28 22:00:00,,17
2002-12-28 22:00:00,,6
2002-12-28 22:00:00,,5
2002-12-28 22:00:00,,2
2002-12-28 22:00:00,,14
2002-12-28 22:00:00,,15
2002-12-28 22:00:00,,4
2002-12-28 22:00:00,,13
2002-12-28 22:00:00,,1
2002-12-29 12:00:00,,23
2002-12-29 12:00:00,,19
2002-12-29 12:00:00,,21
2002-12-29 12:00:00,,20
2002-12-29 12:00:00,,24
2002-12-29 12:00:00,,22
2002-12-29 15:00:00,,7
2002-12-29 15:00:00,,12
2002-12-29 15:00:00,,9
2002-12-29 15:00:00,,8
2002-12-29 15:00:00,,11
2002-12-29 15:00:00,,10
2002-12-29 23:00:00,,14
2002-12-29 23:00:00,,2
2002-12-29 23:00:00,,5
2002-12-29 23:00:00,,15
2002-12-29 23:00:00,,6
2002-12-29 23:00:00,,17
2002-12-29 23:00:00,,3
2002-12-29 23:00:00,,13
2002-12-29 23:00:00,,1
2002-12-29 23:00:00,,16
2002-12-29 23:00:00,,4
2002-12-29 23:00:00,,18
2002-12-30 00:00:00,,16
2002-12-30 00:00:00,,17
2002-12-30 00:00:00,,3
2002-12-30 00:00:00,,13
2002-12-30 00:00:00,,1
2002-12-30 00:00:00,,15
2002-12-30 00:00:00,,4
2002-12-30 00:00:00,,2
2002-12-30 00:00:00,,14
2002-12-30 00:00:00,,6
2002-12-30 00:00:00,,18
2002-12-30 00:00:00,,5
2002-12-30 13:00:00,,22
2002-12-30 13:00:00,,19
2002-12-30 13:00:00,,20
2002-12-30 13:00:00,,23
2002-12-30 13:00:00,,21
2002-12-30 13:00:00,,24
2002-12-30 16:00:00,,9
2002-12-30 16:00:00,,7
2002-12-30 16:00:00,,10
2002-12-30 16:00:00,,8
2002-12-30 16:00:00,,12
2002-12-30 16:00:00,,11
2003-01-01 01:00:00,,5
2003-01-01 01:00:00,,17
2003-01-01 01:00:00,,4
2003-01-01 01:00:00,,6
2003-01-01 01:00:00,,1
2003-01-01 01:00:00,,13
2003-01-01 01:00:00,,15
2003-01-01 01:00:00,,2
2003-01-01 01:00:00,,14
2003-01-01 01:00:00,,3
2003-01-01 01:00:00,,16
2003-01-01 01:00:00,,18
2003-01-01 14:00:00,,20
2003-01-01 14:00:00,,24
2003-01-01 14:00:00,,19
2003-01-01 14:00:00,,21
2003-01-01 14:00:00,,22
2003-01-01 14:00:00,,23
2003-01-01 17:00:00,,7
2003-01-01 17:00:00,,8
2003-01-01 17:00:00,,12
2003-01-01 17:00:00,,9
2003-01-01 17:00:00,,11
2003-01-01 17:00:00,,10
2003-01-02 02:00:00,,3
2003-01-02 02:00:00,,18
2003-01-02 02:00:00,,1
2003-01-02 02:00:00,,6
2003-01-02 02:00:00,,4
2003-01-02 02:00:00,,2
2003-01-02 02:00:00,,16
2003-01-02 02:00:00,,13
2003-01-02 02:00:00,,17
2003-01-02 02:00:00,,15
2003-01-02 02:00:00,,14
2003-01-02 02:00:00,,5
2003-01-02 15:00:00,,21
2003-01-02 15:00:00,,24
2003-01-02 15:00:00,,19
2003-01-02 15:00:00,,22
2003-01-02 15:00:00,,20
2003-01-02 15:00:00,,23
2003-01-02 18:00:00,,9
2003-01-02 18:00:00,,8
2003-01-02 18:00:00,,10
2003-01-02 18:00:00,,11
2003-01-02 18:00:00,,12
2003-01-02 18:00:00,,7
2003-01-03 03:00:00,,2
2003-01-03 03:00:00,,15
2003-01-03 03:00:00,,16
2003-01-03 03:00:00,,4
2003-01-03 03:00:00,,5
2003-01-03 03:00:00,,1
2003-01-03 03:00:00,,18
2003-01-03 03:00:00,,3
2003-01-03 03:00:00,,14
2003-01-03 03:00:00,,17
2003-01-03 03:00:00,,13
2003-01-03 03:00:00,,6
2003-01-03 16:00:00,,19
2003-01-03 16:00:00,,22
2003-01-03 16:00:00,,23
2003-01-03 16:00:00,,21
2003-01-03 16:00:00,,24
2003-01-03 16:00:00,,20
2003-01-03 19:00:00,,12
2003-01-03 19:00:00,,9
2003-01-03 19:00:00,,10
2003-01-03 19:00:00,,11
2003-01-03 19:00:00,,8
2003-01-03 19:00:00,,7
2003-01-04 04:00:00,,4
2003-01-04 04:00:00,,14
2003-01-04 04:00:00,,15
2003-01-04 04:00:00,,18
2003-01-04 04:00:00,,16
2003-01-04 04:00:00,,2
2003-01-04 04:00:00,,3
2003-01-04 04:00:00,,1
2003-01-04 04:00:00,,13
2003-01-04 04:00:00,,5
2003-01-04 04:00:00,,6
2003-01-04 04:00:00,,17
2003-01-04 17:00:00,,22
2003-01-04 17:00:00,,19
2003-01-04 17:00:00,,21
2003-01-04 17:00:00,,23
2003-01-04 17:00:00,,20
2003-01-04 17:00:00,,24
2003-01-04 20:00:00,,8
2003-01-04 20:00:00,,12
2003-01-04 20:00:00,,11
2003-01-04 20:00:00,,7
2003-01-04 20:00:00,,10
2003-01-04 20:00:00,,9
2003-01-05 05:00:00,,16
2003-01-05 05:00:00,,15
2003-01-05 05:00:00,,3
2003-01-05 05:00:00,,14
2003-01-05 05:00:00,,13
2003-01-05 05:00:00,,1
2003-01-05 05:00:00,,18
2003-01-05 05:00:00,,6
2003-01-05 05:00:00,,2
2003-01-05 05:00:00,,17
2003-01-05 05:00:00,,5
2003-01-05 05:00:00,,4
2003-01-05 18:00:00,,24
2003-01-05 18:00:00,,20
2003-01-05 18:00:00,,19
2003-01-05 18:00:00,,22
2003-01-05 18:00:00,,21
2003-01-05 18:00:00,,23
2003-01-05 21:00:00,,10
2003-01-05 21:00:00,,8
2003-01-05 21:00:00,,9
2003-01-05 21:00:00,,11
2003-01-05 21:00:00,,12
2003-01-05 21:00:00,,7
2003-01-06 06:00:00,,15
2003-01-06 06:00:00,,1
2003-01-06 06:00:00,,2
2003-01-06 06:00:00,,17
2003-01-06 06:00:00,,5
2003-01-06 06:00:00,,4
2003-01-06 06:00:00,,3
2003-01-06 06:00:00,,18
2003-01-06 06:00:00,,6
2003-01-06 06:00:00,,13
2003-01-06 06:00:00,,16
2003-01-06 06:00:00,,14
2003-01-06 19:00:00,,22
2003-01-06 19:00:00,,20
2003-01-06 19:00:00,,23
2003-01-06 19:00:00,,19
2003-01-06 19:00:00,,21
2003-01-06 19:00:00,,24
2003-01-06 22:00:00,,10
2003-01-06 22:00:00,,9
2003-01-06 22:00:00,,12
2003-01-06 22:00:00,,11
2003-01-06 22:00:00,,7
2003-01-06 22:00:00,,8
2003-01-07 07:00:00,,15
2003-01-07 07:00:00,,3
2003-01-07 07:00:00,,6
2003-01-07 07:00:00,,16
2003-01-07 07:00:00,,4
2003-01-07 07:00:00,,14
2003-01-07 07:00:00,,17
2003-01-07 07:00:00,,1
2003-01-07 07:00:00,,18
2003-01-07 07:00:00,,13
2003-01-07 07:00:00,,2
2003-01-07 07:00:00,,5
2003-01-07 20:00:00,,22
2003-01-07 20:00:00,,20
2003-01-07 20:00:00,,24
2003-01-07 20:00:00,,19
2003-01-07 20:00:00,,21
2003-01-07 20:00:00,,23
2003-01-07 23:00:00,,10
2003-01-07 23:00:00,,12
2003-01-07 23:00:00,,9
2003-01-07 23:00:00,,11
2003-01-07 23:00:00,,8
2003-01-07 23:00:00,,7
2003-01-08 00:00:00,,9
2003-01-08 00:00:00,,8
2003-01-08 00:00:00,,12
2003-01-08 00:00:00,,11
2003-01-08 00:00:00,,10
2003-01-08 00:00:00,,7
2003-01-08 08:00:00,,3
2003-01-08 08:00:00,,5
2003-01-08 08:00:00,,15
2003-01-08 08:00:00,,4
2003-01-08 08:00:00,,18
2003-01-08 08:00:00,,2
2003-01-08 08:00:00,,17
2003-01-08 08:00:00,,14
2003-01-08 08:00:00,,16
2003-01-08 08:00:00,,13
2003-01-08 08:00:00,,6
2003-01-08 08:00:00,,1
2003-01-08 21:00:00,,20
2003-01-08 21:00:00,,22
2003-01-08 21:00:00,,19
2003-01-08 21:00:00,,24
2003-01-08 21:00:00,,23
2003-01-08 21:00:00,,21
2003-01-09 01:00:00,,10
2003-01-09 01:00:00,,12
2003-01-09 01:00:00,,7
2003-01-09 01:00:00,,9
2003-01-09 01:00:00,,8
2003-01-09 01:00:00,,11
2003-01-09 09:00:00,,4
2003-01-09 09:00:00,,3
2003-01-09 09:00:00,,13
2003-01-09 09:00:00,,6
2003-01-09 09:00:00,,14
2003-01-09 09:00:00,,5
2003-01-09 09:00:00,,2
2003-01-09 09:00:00,,17
2003-01-09 09:00:00,,16
2003-01-09 09:00:00,,15
2003-01-09 09:00:00,,18
2003-01-09 09:00:00,,1
2003-01-09 22:00:00,,21
2003-01-09 22:00:00,,22
2003-01-09 22:00:00,,24
2003-01-09 22:00:00,,23
2003-01-09 22:00:00,,20
2003-01-09 22:00:00,,19
2003-01-10 02:00:00,,12
2003-01-10 02:00:00,,10
2003-01-10 02:00:00,,8
2003-01-10 02:00:00,,9
2003-01-10 02:00:00,,11
2003-01-10 02:00:00,,7
2003-01-10 10:00:00,,6
2003-01-10 10:00:00,,2
2003-01-10 10:00:00,,18
2003-01-10 10:00:00,,3
2003-01-10 10:00:00,,17
2003-01-10 10:00:00,,1
2003-01-10 10:00:00,,13
2003-01-10 10:00:00,,5
2003-01-10 10:00:00,,16
2003-01-10 10:00:00,,14
2003-01-10 10:00:00,,4
2003-01-10 10:00:00,,15
2003-01-10 23:00:00,,21
2003-01-10 23:00:00,,23
2003-01-10 23:00:00,,22
2003-01-10 23:00:00,,20
2003-01-10 23:00:00,,19
2003-01-10 23:00:00,,24
2003-01-11 00:00:00,,20
2003-01-11 00:00:00,,22
2003-01-11 00:00:00,,24
2003-01-11 00:00:00,,23
2003-01-11 00:00:00,,21
2003-01-11 00:00:00,,19
2003-01-11 03:00:00,,7
2003-01-11 03:00:00,,8
2003-01-11 03:00:00,,10
2003-01-11 03:00:00,,11
2003-01-11 03:00:00,,9
2003-01-11 03:00:00,,12
2003-01-11 11:00:00,,2
2003-01-11 11:00:00,,13
2003-01-11 11:00:00,,5
2003-01-11 11:00:00,,17
2003-01-11 11:00:00,,1
2003-01-11 11:00:00,,18
2003-01-11 11:00:00,,6
2003-01-11 11:00:00,,15
2003-01-11 11:00:00,,3
2003-01-11 11:00:00,,14
2003-01-11 11:00:00,,16
2003-01-11 11:00:00,,4
2003-01-12 01:00:00,,24
2003-01-12 01:00:00,,23
2003-01-12 01:00:00,,20
2003-01-12 01:00:00,,21
2003-01-12 01:00:00,,22
2003-01-12 01:00:00,,19
2003-01-12 04:00:00,,9
2003-01-12 04:00:00,,12
2003-01-12 04:00:00,,8
2003-01-12 04:00:00,,11
2003-01-12 04:00:00,,10
2003-01-12 04:00:00,,7
2003-01-12 12:00:00,,2
2003-01-12 12:00:00,,1
2003-01-12 12:00:00,,15
2003-01-12 12:00:00,,3
2003-01-12 12:00:00,,5
2003-01-12 12:00:00,,18
2003-01-12 12:00:00,,16
2003-01-12 12:00:00,,4
2003-01-12 12:00:00,,6
2003-01-12 12:00:00,,17
2003-01-12 12:00:00,,14
2003-01-12 12:00:00,,13
2003-01-13 02:00:00,,20
2003-01-13 02:00:00,,23
2003-01-13 02:00:00,,21
2003-01-13 02:00:00,,22
2003-01-13 02:00:00,,19
2003-01-13 02:00:00,,24
2003-01-13 05:00:00,,9
2003-01-13 05:00:00,,8
2003-01-13 05:00:00,,11
2003-01-13 05:00:00,,7
2003-01-13 05:00:00,,10
2003-01-13 05:00:00,,12
2003-01-13 13:00:00,,14
2003-01-13 13:00:00,,1
2003-01-13 13:00:00,,17
2003-01-13 13:00:00,,16
2003-01-13 13:00:00,,15
2003-01-13 13:00:00,,5
2003-01-13 13:00:00,,6
2003-01-13 13:00:00,,18
2003-01-13 13:00:00,,13
2003-01-13 13:00:00,,3
2003-01-13 13:00:00,,4
2003-01-13 13:00:00,,2
2003-01-14 03:00:00,,21
2003-01-14 03:00:00,,23
2003-01-14 03:00:00,,24
2003-01-14 03:00:00,,20
2003-01-14 03:00:00,,22
2003-01-14 03:00:00,,19
2003-01-14 06:00:00,,10
2003-01-14 06:00:00,,8
2003-01-14 06:00:00,,12
2003-01-14 06:00:00,,9
2003-01-14 06:00:00,,7
2003-01-14 06:00:00,,11
2003-01-14 14:00:00,,5
2003-01-14 14:00:00,,18
2003-01-14 14:00:00,,15
2003-01-14 14:00:00,,3
2003-01-14 14:00:00,,1
2003-01-14 14:00:00,,2
2003-01-14 14:00:00,,4
2003-01-14 14:00:00,,16
2003-01-14 14:00:00,,13
2003-01-14 14:00:00,,14
2003-01-14 14:00:00,,17
2003-01-14 14:00:00,,6
2003-01-15 04:00:00,,20
2003-01-15 04:00:00,,22
2003-01-15 04:00:00,,23
2003-01-15 04:00:00,,24
2003-01-15 04:00:00,,19
2003-01-15 04:00:00,,21
2003-01-15 07:00:00,,12
2003-01-15 07:00:00,,10
2003-01-15 07:00:00,,9
2003-01-15 07:00:00,,8
2003-01-15 07:00:00,,11
2003-01-15 07:00:00,,7
2003-01-15 15:00:00,,14
2003-01-15 15:00:00,,16
2003-01-15 15:00:00,,13
2003-01-15 15:00:00,,18
2003-01-15 15:00:00,,2
2003-01-15 15:00:00,,5
2003-01-15 15:00:00,,15
2003-01-15 15:00:00,,4
2003-01-15 15:00:00,,6
2003-01-15 15:00:00,,3
2003-01-15 15:00:00,,1
2003-01-15 15:00:00,,17
2003-01-16 05:00:00,,24
2003-01-16 05:00:00,,21
2003-01-16 05:00:00,,20
2003-01-16 05:00:00,,23
2003-01-16 05:00:00,,19
2003-01-16 05:00:00,,22
2003-01-16 08:00:00,,12
2003-01-16 08:00:00,,8
2003-01-16 08:00:00,,11
2003-01-16 08:00:00,,10
2003-01-16 08:00:00,,7
2003-01-16 08:00:00,,9
2003-01-16 16:00:00,,15
2003-01-16 16:00:00,,1
2003-01-16 16:00:00,,2
2003-01-16 16:00:00,,14
2003-01-16 16:00:00,,13
2003-01-16 16:00:00,,18
2003-01-16 16:00:00,,16
2003-01-16 16:00:00,,6
2003-01-16 16:00:00,,5
2003-01-16 16:00:00,,3
2003-01-16 16:00:00,,4
2003-01-16 16:00:00,,17
2003-01-17 06:00:00,,23
2003-01-17 06:00:00,,21
2003-01-17 06:00:00,,22
2003-01-17 06:00:00,,19
2003-01-17 06:00:00,,24
2003-01-17 06:00:00,,20
2003-01-17 09:00:00,,11
2003-01-17 09:00:00,,8
2003-01-17 09:00:00,,12
2003-01-17 09:00:00,,7
2003-01-17 09:00:00,,9
2003-01-17 09:00:00,,10
2003-01-17 17:00:00,,17
2003-01-17 17:00:00,,14
2003-01-17 17:00:00,,1
2003-01-17 17:00:00,,4
2003-01-17 17:00:00,,15
2003-01-17 17:00:00,,5
2003-01-17 17:00:00,,2
2003-01-17 17:00:00,,16
2003-01-17 17:00:00,,3
2003-01-17 17:00:00,,18
2003-01-17 17:00:00,,6
2003-01-17 17:00:00,,13
2003-01-18 07:00:00,,22
2003-01-18 07:00:00,,19
2003-01-18 07:00:00,,24
2003-01-18 07:00:00,,23
2003-01-18 07:00:00,,21
2003-01-18 07:00:00,,20
2003-01-18 10:00:00,,12
2003-01-18 10:00:00,,8
2003-01-18 10:00:00,,11
2003-01-18 10:00:00,,7
2003-01-18 10:00:00,,9
2003-01-18 10:00:00,,10
2003-01-18 18:00:00,,18
2003-01-18 18:00:00,,3
2003-01-18 18:00:00,,16
2003-01-18 18:00:00,,4
2003-01-18 18:00:00,,13
2003-01-18 18:00:00,,6
2003-01-18 18:00:00,,17
2003-01-18 18:00:00,,15
2003-01-18 18:00:00,,1
2003-01-18 18:00:00,,2
2003-01-18 18:00:00,,14
2003-01-18 18:00:00,,5
2003-01-19 08:00:00,,21
2003-01-19 08:00:00,,24
2003-01-19 08:00:00,,22
2003-01-19 08:00:00,,20
2003-01-19 08:00:00,,19
2003-01-19 08:00:00,,23
2003-01-19 11:00:00,,9
2003-01-19 11:00:00,,11
2003-01-19 11:00:00,,10
2003-01-19 11:00:00,,12
2003-01-19 11:00:00,,7
2003-01-19 11:00:00,,8
2003-01-19 19:00:00,,3
2003-01-19 19:00:00,,18
2003-01-19 19:00:00,,4
2003-01-19 19:00:00,,2
2003-01-19 19:00:00,,13
2003-01-19 19:00:00,,17
2003-01-19 19:00:00,,5
2003-01-19 19:00:00,,16
2003-01-19 19:00:00,,6
2003-01-19 19:00:00,,1
2003-01-19 19:00:00,,15
2003-01-19 19:00:00,,14
2003-01-20 09:00:00,,21
2003-01-20 09:00:00,,23
2003-01-20 09:00:00,,19
2003-01-20 09:00:00,,22
2003-01-20 09:00:00,,24
2003-01-20 09:00:00,,20
2003-01-20 12:00:00,,12
2003-01-20 12:00:00,,10
2003-01-20 12:00:00,,9
2003-01-20 12:00:00,,11
2003-01-20 12:00:00,,8
2003-01-20 12:00:00,,7
2003-01-20 20:00:00,,5
2003-01-20 20:00:00,,13
2003-01-20 20:00:00,,17
2003-01-20 20:00:00,,2
2003-01-20 20:00:00,,3
2003-01-20 20:00:00,,15
2003-01-20 20:00:00,,14
2003-01-20 20:00:00,,16
2003-01-20 20:00:00,,18
2003-01-20 20:00:00,,1
2003-01-20 20:00:00,,4
2003-01-20 20:00:00,,6
2003-01-21 10:00:00,,23
2003-01-21 10:00:00,,21
2003-01-21 10:00:00,,24
2003-01-21 10:00:00,,19
2003-01-21 10:00:00,,22
2003-01-21 10:00:00,,20
2003-01-21 13:00:00,,9
2003-01-21 13:00:00,,12
2003-01-21 13:00:00,,7
2003-01-21 13:00:00,,10
2003-01-21 13:00:00,,11
2003-01-21 13:00:00,,8
2003-01-21 21:00:00,,17
2003-01-21 21:00:00,,4
2003-01-21 21:00:00,,14
2003-01-21 21:00:00,,6
2003-01-21 21:00:00,,1
2003-01-21 21:00:00,,18
2003-01-21 21:00:00,,3
2003-01-21 21:00:00,,13
2003-01-21 21:00:00,,2
2003-01-21 21:00:00,,15
2003-01-21 21:00:00,,5
2003-01-21 21:00:00,,16
2003-01-22 11:00:00,,19
2003-01-22 11:00:00,,24
2003-01-22 11:00:00,,21
2003-01-22 11:00:00,,23
2003-01-22 11:00:00,,22
2003-01-22 11:00:00,,20
2003-01-22 14:00:00,,7
2003-01-22 14:00:00,,12
2003-01-22 14:00:00,,11
2003-01-22 14:00:00,,10
2003-01-22 14:00:00,,9
2003-01-22 14:00:00,,8
2003-01-22 22:00:00,,13
2003-01-22 22:00:00,,6
2003-01-22 22:00:00,,16
2003-01-22 22:00:00,,18
2003-01-22 22:00:00,,3
2003-01-22 22:00:00,,15
2003-01-22 22:00:00,,17
2003-01-22 22:00:00,,2
2003-01-22 22:00:00,,1
2003-01-22 22:00:00,,4
2003-01-22 22:00:00,,5
2003-01-22 22:00:00,,14
2003-01-23 12:00:00,,23
2003-01-23 12:00:00,,19
2003-01-23 12:00:00,,20
2003-01-23 12:00:00,,24
2003-01-23 12:00:00,,21
2003-01-23 12:00:00,,22
2003-01-23 15:00:00,,12
2003-01-23 15:00:00,,7
2003-01-23 15:00:00,,8
2003-01-23 15:00:00,,11
2003-01-23 15:00:00,,9
2003-01-23 15:00:00,,10
2003-01-23 23:00:00,,6
2003-01-23 23:00:00,,5
2003-01-23 23:00:00,,17
2003-01-23 23:00:00,,1
2003-01-23 23:00:00,,14
2003-01-23 23:00:00,,3
2003-01-23 23:00:00,,2
2003-01-23 23:00:00,,4
2003-01-23 23:00:00,,16
2003-01-23 23:00:00,,18
2003-01-23 23:00:00,,13
2003-01-23 23:00:00,,15
2003-01-24 00:00:00,,15
2003-01-24 00:00:00,,18
2003-01-24 00:00:00,,17
2003-01-24 00:00:00,,6
2003-01-24 00:00:00,,3
2003-01-24 00:00:00,,5
2003-01-24 00:00:00,,1
2003-01-24 00:00:00,,14
2003-01-24 00:00:00,,2
2003-01-24 00:00:00,,16
2003-01-24 00:00:00,,13
2003-01-24 00:00:00,,4
2003-01-24 13:00:00,,21
2003-01-24 13:00:00,,19
2003-01-24 13:00:00,,24
2003-01-24 13:00:00,,22
2003-01-24 13:00:00,,20
2003-01-24 13:00:00,,23
2003-01-24 16:00:00,,8
2003-01-24 16:00:00,,11
2003-01-24 16:00:00,,10
2003-01-24 16:00:00,,9
2003-01-24 16:00:00,,7
2003-01-24 16:00:00,,12
2003-01-25 01:00:00,,13
2003-01-25 01:00:00,,16
2003-01-25 01:00:00,,17
2003-01-25 01:00:00,,3
2003-01-25 01:00:00,,15
2003-01-25 01:00:00,,18
2003-01-25 01:00:00,,6
2003-01-25 01:00:00,,2
2003-01-25 01:00:00,,5
2003-01-25 01:00:00,,14
2003-01-25 01:00:00,,4
2003-01-25 01:00:00,,1
2003-01-25 14:00:00,,23
2003-01-25 14:00:00,,21
2003-01-25 14:00:00,,24
2003-01-25 14:00:00,,20
2003-01-25 14:00:00,,22
2003-01-25 14:00:00,,19
2003-01-25 17:00:00,,12
2003-01-25 17:00:00,,10
2003-01-25 17:00:00,,7
2003-01-25 17:00:00,,8
2003-01-25 17:00:00,,11
2003-01-25 17:00:00,,9
2003-01-26 02:00:00,,13
2003-01-26 02:00:00,,17
2003-01-26 02:00:00,,3
2003-01-26 02:00:00,,15
2003-01-26 02:00:00,,5
2003-01-26 02:00:00,,18
2003-01-26 02:00:00,,2
2003-01-26 02:00:00,,14
2003-01-26 02:00:00,,4
2003-01-26 02:00:00,,1
2003-01-26 02:00:00,,16
2003-01-26 02:00:00,,6
2003-01-26 15:00:00,,24
2003-01-26 15:00:00,,19
2003-01-26 15:00:00,,23
2003-01-26 15:00:00,,21
2003-01-26 15:00:00,,20
2003-01-26 15:00:00,,22
2003-01-26 18:00:00,,12
2003-01-26 18:00:00,,11
2003-01-26 18:00:00,,10
2003-01-26 18:00:00,,7
2003-01-26 18:00:00,,8
2003-01-26 18:00:00,,9
2003-01-27 03:00:00,,13
2003-01-27 03:00:00,,6
2003-01-27 03:00:00,,18
2003-01-27 03:00:00,,2
2003-01-27 03:00:00,,5
2003-01-27 03:00:00,,3
2003-01-27 03:00:00,,15
2003-01-27 03:00:00,,1
2003-01-27 03:00:00,,17
2003-01-27 03:00:00,,4
2003-01-27 03:00:00,,14
2003-01-27 03:00:00,,16
2003-01-27 16:00:00,,19
2003-01-27 16:00:00,,22
2003-01-27 16:00:00,,21
2003-01-27 16:00:00,,24
2003-01-27 16:00:00,,23
2003-01-27 16:00:00,,20
2003-01-27 19:00:00,,8
2003-01-27 19:00:00,,10
2003-01-27 19:00:00,,9
2003-01-27 19:00:00,,11
2003-01-27 19:00:00,,7
2003-01-27 19:00:00,,12
2003-01-28 04:00:00,,18
2003-01-28 04:00:00,,2
2003-01-28 04:00:00,,16
2003-01-28 04:00:00,,15
2003-01-28 04:00:00,,17
2003-01-28 04:00:00,,1
2003-01-28 04:00:00,,4
2003-01-28 04:00:00,,3
2003-01-28 04:00:00,,13
2003-01-28 04:00:00,,14
2003-01-28 04:00:00,,6
2003-01-28 04:00:00,,5
2003-01-28 17:00:00,,23
2003-01-28 17:00:00,,21
2003-01-28 17:00:00,,24
2003-01-28 17:00:00,,22
2003-01-28 17:00:00,,20
2003-01-28 17:00:00,,19
2003-01-28 20:00:00,,11
2003-01-28 20:00:00,,10
2003-01-28 20:00:00,,9
2003-01-28 20:00:00,,8
2003-01-28 20:00:00,,12
2003-01-28 20:00:00,,7
2003-01-29 05:00:00,,17
2003-01-29 05:00:00,,16
2003-01-29 05:00:00,,1
2003-01-29 05:00:00,,5
2003-01-29 05:00:00,,15
2003-01-29 05:00:00,,2
2003-01-29 05:00:00,,13
2003-01-29 05:00:00,,4
2003-01-29 05:00:00,,6
2003-01-29 05:00:00,,3
2003-01-29 05:00:00,,14
2003-01-29 05:00:00,,18
2003-01-29 18:00:00,,19
2003-01-29 18:00:00,,24
2003-01-29 18:00:00,,23
2003-01-29 18:00:00,,20
2003-01-29 18:00:00,,21
2003-01-29 18:00:00,,22
2003-01-29 21:00:00,,7
2003-01-29 21:00:00,,8
2003-01-29 21:00:00,,12
2003-01-29 21:00:00,,11
2003-01-29 21:00:00,,9
2003-01-29 21:00:00,,10
2003-01-30 06:00:00,,5
2003-01-30 06:00:00,,2
2003-01-30 06:00:00,,1
2003-01-30 06:00:00,,18
2003-01-30 06:00:00,,6
2003-01-30 06:00:00,,16
2003-01-30 06:00:00,,15
2003-01-30 06:00:00,,3
2003-01-30 06:00:00,,4
2003-01-30 06:00:00,,13
2003-01-30 06:00:00,,17
2003-01-30 06:00:00,,14
2003-01-30 19:00:00,,21
2003-01-30 19:00:00,,24
2003-01-30 19:00:00,,20
2003-01-30 19:00:00,,19
2003-01-30 19:00:00,,22
2003-01-30 19:00:00,,23
2003-01-30 22:00:00,,7
2003-01-30 22:00:00,,11
2003-01-30 22:00:00,,10
2003-01-30 22:00:00,,9
2003-01-30 22:00:00,,12
2003-01-30 22:00:00,,8
2003-01-31 07:00:00,,2
2003-01-31 07:00:00,,14
2003-01-31 07:00:00,,5
2003-01-31 07:00:00,,4
2003-01-31 07:00:00,,16
2003-01-31 07:00:00,,3
2003-01-31 07:00:00,,18
2003-01-31 07:00:00,,13
2003-01-31 07:00:00,,15
2003-01-31 07:00:00,,1
2003-01-31 07:00:00,,6
2003-01-31 07:00:00,,17
2003-01-31 20:00:00,,23
2003-01-31 20:00:00,,19
2003-01-31 20:00:00,,21
2003-01-31 20:00:00,,22
2003-01-31 20:00:00,,24
2003-01-31 20:00:00,,20
2003-01-31 23:00:00,,11
2003-01-31 23:00:00,,7
2003-01-31 23:00:00,,9
2003-01-31 23:00:00,,10
2003-01-31 23:00:00,,12
2003-01-31 23:00:00,,8
2003-02-01 00:00:00,,11
2003-02-01 00:00:00,,8
2003-02-01 00:00:00,,10
2003-02-01 00:00:00,,12
2003-02-01 00:00:00,,7
2003-02-01 00:00:00,,9
2003-02-01 08:00:00,,13
2003-02-01 08:00:00,,17
2003-02-01 08:00:00,,5
2003-02-01 08:00:00,,3
2003-02-01 08:00:00,,1
2003-02-01 08:00:00,,18
2003-02-01 08:00:00,,15
2003-02-01 08:00:00,,6
2003-02-01 08:00:00,,2
2003-02-01 08:00:00,,4
2003-02-01 08:00:00,,16
2003-02-01 08:00:00,,14
2003-02-01 21:00:00,,22
2003-02-01 21:00:00,,20
2003-02-01 21:00:00,,19
2003-02-01 21:00:00,,21
2003-02-01 21:00:00,,24
2003-02-01 21:00:00,,23
2003-02-02 01:00:00,,12
2003-02-02 01:00:00,,11
2003-02-02 01:00:00,,9
2003-02-02 01:00:00,,8
2003-02-02 01:00:00,,7
2003-02-02 01:00:00,,10
2003-02-02 09:00:00,,6
2003-02-02 09:00:00,,2
2003-02-02 09:00:00,,15
2003-02-02 09:00:00,,1
2003-02-02 09:00:00,,16
2003-02-02 09:00:00,,17
2003-02-02 09:00:00,,5
2003-02-02 09:00:00,,18
2003-02-02 09:00:00,,13
2003-02-02 09:00:00,,3
2003-02-02 09:00:00,,4
2003-02-02 09:00:00,,14
2003-02-02 22:00:00,,24
2003-02-02 22:00:00,,22
2003-02-02 22:00:00,,21
2003-02-02 22:00:00,,23
2003-02-02 22:00:00,,19
2003-02-02 22:00:00,,20
2003-02-03 02:00:00,,7
2003-02-03 02:00:00,,11
2003-02-03 02:00:00,,9
2003-02-03 02:00:00,,10
2003-02-03 02:00:00,,12
2003-02-03 02:00:00,,8
2003-02-03 10:00:00,,18
2003-02-03 10:00:00,,14
2003-02-03 10:00:00,,16
2003-02-03 10:00:00,,4
2003-02-03 10:00:00,,17
2003-02-03 10:00:00,,5
2003-02-03 10:00:00,,15
2003-02-03 10:00:00,,3
2003-02-03 10:00:00,,2
2003-02-03 10:00:00,,6
2003-02-03 10:00:00,,13
2003-02-03 10:00:00,,1
2003-02-03 23:00:00,,20
2003-02-03 23:00:00,,23
2003-02-03 23:00:00,,21
2003-02-03 23:00:00,,24
2003-02-03 23:00:00,,22
2003-02-03 23:00:00,,19
2003-02-04 00:00:00,,22
2003-02-04 00:00:00,,23
2003-02-04 00:00:00,,20
2003-02-04 00:00:00,,19
2003-02-04 00:00:00,,24
2003-02-04 00:00:00,,21
2003-02-04 03:00:00,,8
2003-02-04 03:00:00,,12
2003-02-04 03:00:00,,11
2003-02-04 03:00:00,,7
2003-02-04 03:00:00,,9
2003-02-04 03:00:00,,10
2003-02-04 11:00:00,,17
2003-02-04 11:00:00,,3
2003-02-04 11:00:00,,4
2003-02-04 11:00:00,,13
2003-02-04 11:00:00,,5
2003-02-04 11:00:00,,15
2003-02-04 11:00:00,,2
2003-02-04 11:00:00,,16
2003-02-04 11:00:00,,6
2003-02-04 11:00:00,,14
2003-02-04 11:00:00,,18
2003-02-04 11:00:00,,1
2003-02-05 01:00:00,,23
2003-02-05 01:00:00,,21
2003-02-05 01:00:00,,20
2003-02-05 01:00:00,,22
2003-02-05 01:00:00,,24
2003-02-05 01:00:00,,19
2003-02-05 04:00:00,,12
2003-02-05 04:00:00,,9
2003-02-05 04:00:00,,7
2003-02-05 04:00:00,,8
2003-02-05 04:00:00,,10
2003-02-05 04:00:00,,11
2003-02-05 12:00:00,,14
2003-02-05 12:00:00,,3
2003-02-05 12:00:00,,13
2003-02-05 12:00:00,,16
2003-02-05 12:00:00,,4
2003-02-05 12:00:00,,17
2003-02-05 12:00:00,,1
2003-02-05 12:00:00,,15
2003-02-05 12:00:00,,18
2003-02-05 12:00:00,,6
2003-02-05 12:00:00,,2
2003-02-05 12:00:00,,5
2003-02-06 02:00:00,,20
2003-02-06 02:00:00,,19
2003-02-06 02:00:00,,23
2003-02-06 02:00:00,,24
2003-02-06 02:00:00,,21
2003-02-06 02:00:00,,22
2003-02-06 05:00:00,,11
2003-02-06 05:00:00,,10
2003-02-06 05:00:00,,7
2003-02-06 05:00:00,,12
2003-02-06 05:00:00,,8
2003-02-06 05:00:00,,9
2003-02-06 13:00:00,,4
2003-02-06 13:00:00,,14
2003-02-06 13:00:00,,1
2003-02-06 13:00:00,,5
2003-02-06 13:00:00,,16
2003-02-06 13:00:00,,13
2003-02-06 13:00:00,,17
2003-02-06 13:00:00,,15
2003-02-06 13:00:00,,6
2003-02-06 13:00:00,,2
2003-02-06 13:00:00,,18
2003-02-06 13:00:00,,3
2003-02-07 03:00:00,,21
2003-02-07 03:00:00,,24
2003-02-07 03:00:00,,22
2003-02-07 03:00:00,,19
2003-02-07 03:00:00,,20
2003-02-07 03:00:00,,23
2003-02-07 06:00:00,,9
2003-02-07 06:00:00,,10
2003-02-07 06:00:00,,7
2003-02-07 06:00:00,,8
2003-02-07 06:00:00,,12
2003-02-07 06:00:00,,11
2003-02-07 14:00:00,,5
2003-02-07 14:00:00,,14
2003-02-07 14:00:00,,4
2003-02-07 14:00:00,,2
2003-02-07 14:00:00,,16
2003-02-07 14:00:00,,17
2003-02-07 14:00:00,,3
2003-02-07 14:00:00,,1
2003-02-07 14:00:00,,15
2003-02-07 14:00:00,,6
2003-02-07 14:00:00,,18
2003-02-07 14:00:00,,13
2003-02-08 04:00:00,,23
2003-02-08 04:00:00,,19
2003-02-08 04:00:00,,20
2003-02-08 04:00:00,,24
2003-02-08 04:00:00,,22
2003-02-08 04:00:00,,21
2003-02-08 07:00:00,,11
2003-02-08 07:00:00,,12
2003-02-08 07:00:00,,8
2003-02-08 07:00:00,,10
2003-02-08 07:00:00,,9
2003-02-08 07:00:00,,7
2003-02-08 15:00:00,,4
2003-02-08 15:00:00,,3
2003-02-08 15:00:00,,14
2003-02-08 15:00:00,,1
2003-02-08 15:00:00,,15
2003-02-08 15:00:00,,5
2003-02-08 15:00:00,,2
2003-02-08 15:00:00,,13
2003-02-08 15:00:00,,17
2003-02-08 15:00:00,,16
2003-02-08 15:00:00,,6
2003-02-08 15:00:00,,18
2003-02-09 05:00:00,,24
2003-02-09 05:00:00,,22
2003-02-09 05:00:00,,21
2003-02-09 05:00:00,,20
2003-02-09 05:00:00,,19
2003-02-09 05:00:00,,23
2003-02-09 08:00:00,,11
2003-02-09 08:00:00,,8
2003-02-09 08:00:00,,7
2003-02-09 08:00:00,,12
2003-02-09 08:00:00,,10
2003-02-09 08:00:00,,9
2003-02-09 16:00:00,,6
2003-02-09 16:00:00,,3
2003-02-09 16:00:00,,4
2003-02-09 16:00:00,,14
2003-02-09 16:00:00,,1
2003-02-09 16:00:00,,15
2003-02-09 16:00:00,,5
2003-02-09 16:00:00,,18
2003-02-09 16:00:00,,16
2003-02-09 16:00:00,,2
2003-02-09 16:00:00,,13
2003-02-09 16:00:00,,17
2003-02-10 06:00:00,,19
2003-02-10 06:00:00,,20
2003-02-10 06:00:00,,23
2003-02-10 06:00:00,,24
2003-02-10 06:00:00,,22
2003-02-10 06:00:00,,21
2003-02-10 09:00:00,,11
2003-02-10 09:00:00,,7
2003-02-10 09:00:00,,9
2003-02-10 09:00:00,,10
2003-02-10 09:00:00,,8
2003-02-10 09:00:00,,12
2003-02-10 17:00:00,,4
2003-02-10 17:00:00,,18
2003-02-10 17:00:00,,1
2003-02-10 17:00:00,,17
2003-02-10 17:00:00,,5
2003-02-10 17:00:00,,13
2003-02-10 17:00:00,,3
2003-02-10 17:00:00,,16
2003-02-10 17:00:00,,15
2003-02-10 17:00:00,,2
2003-02-10 17:00:00,,14
2003-02-10 17:00:00,,6
2003-02-11 07:00:00,,19
2003-02-11 07:00:00,,24
2003-02-11 07:00:00,,20
2003-02-11 07:00:00,,23
2003-02-11 07:00:00,,21
2003-02-11 07:00:00,,22
2003-02-11 10:00:00,,8
2003-02-11 10:00:00,,7
2003-02-11 10:00:00,,11
2003-02-11 10:00:00,,9
2003-02-11 10:00:00,,10
2003-02-11 10:00:00,,12
2003-02-11 18:00:00,,2
2003-02-11 18:00:00,,1
2003-02-11 18:00:00,,17
2003-02-11 18:00:00,,5
2003-02-11 18:00:00,,14
2003-02-11 18:00:00,,16
2003-02-11 18:00:00,,18
2003-02-11 18:00:00,,13
2003-02-11 18:00:00,,15
2003-02-11 18:00:00,,6
2003-02-11 18:00:00,,3
2003-02-11 18:00:00,,4
2003-02-12 08:00:00,,19
2003-02-12 08:00:00,,22
2003-02-12 08:00:00,,21
2003-02-12 08:00:00,,20
2003-02-12 08:00:00,,24
2003-02-12 08:00:00,,23
2003-02-12 11:00:00,,8
2003-02-12 11:00:00,,7
2003-02-12 11:00:00,,10
2003-02-12 11:00:00,,11
2003-02-12 11:00:00,,9
2003-02-12 11:00:00,,12
2003-02-12 19:00:00,,13
2003-02-12 19:00:00,,15
2003-02-12 19:00:00,,3
2003-02-12 19:00:00,,18
2003-02-12 19:00:00,,14
2003-02-12 19:00:00,,2
2003-02-12 19:00:00,,6
2003-02-12 19:00:00,,17
2003-02-12 19:00:00,,5
2003-02-12 19:00:00,,1
2003-02-12 19:00:00,,4
2003-02-12 19:00:00,,16
2003-02-13 09:00:00,,22
2003-02-13 09:00:00,,19
2003-02-13 09:00:00,,20
2003-02-13 09:00:00,,21
2003-02-13 09:00:00,,23
2003-02-13 09:00:00,,24
2003-02-13 12:00:00,,12
2003-02-13 12:00:00,,9
2003-02-13 12:00:00,,11
2003-02-13 12:00:00,,10
2003-02-13 12:00:00,,8
2003-02-13 12:00:00,,7
2003-02-13 20:00:00,,13
2003-02-13 20:00:00,,17
2003-02-13 20:00:00,,3
2003-02-13 20:00:00,,2
2003-02-13 20:00:00,,14
2003-02-13 20:00:00,,5
2003-02-13 20:00:00,,16
2003-02-13 20:00:00,,1
2003-02-13 20:00:00,,18
2003-02-13 20:00:00,,15
2003-02-13 20:00:00,,6
2003-02-13 20:00:00,,4
2003-02-14 10:00:00,,20
2003-02-14 10:00:00,,23
2003-02-14 10:00:00,,21
2003-02-14 10:00:00,,24
2003-02-14 10:00:00,,22
2003-02-14 10:00:00,,19
2003-02-14 13:00:00,,9
2003-02-14 13:00:00,,12
2003-02-14 13:00:00,,7
2003-02-14 13:00:00,,11
2003-02-14 13:00:00,,8
2003-02-14 13:00:00,,10
2003-02-14 21:00:00,,14
2003-02-14 21:00:00,,2
2003-02-14 21:00:00,,3
2003-02-14 21:00:00,,4
2003-02-14 21:00:00,,17
2003-02-14 21:00:00,,5
2003-02-14 21:00:00,,16
2003-02-14 21:00:00,,13
2003-02-14 21:00:00,,15
2003-02-14 21:00:00,,6
2003-02-14 21:00:00,,1
2003-02-14 21:00:00,,18
2003-02-15 11:00:00,,24
2003-02-15 11:00:00,,21
2003-02-15 11:00:00,,20
2003-02-15 11:00:00,,22
2003-02-15 11:00:00,,23
2003-02-15 11:00:00,,19
2003-02-15 14:00:00,,7
2003-02-15 14:00:00,,8
2003-02-15 14:00:00,,10
2003-02-15 14:00:00,,12
2003-02-15 14:00:00,,11
2003-02-15 14:00:00,,9
2003-02-15 22:00:00,,6
2003-02-15 22:00:00,,16
2003-02-15 22:00:00,,14
2003-02-15 22:00:00,,1
2003-02-15 22:00:00,,3
2003-02-15 22:00:00,,15
2003-02-15 22:00:00,,17
2003-02-15 22:00:00,,4
2003-02-15 22:00:00,,2
2003-02-15 22:00:00,,18
2003-02-15 22:00:00,,5
2003-02-15 22:00:00,,13
2003-02-16 12:00:00,,20
2003-02-16 12:00:00,,24
2003-02-16 12:00:00,,19
2003-02-16 12:00:00,,22
2003-02-16 12:00:00,,23
2003-02-16 12:00:00,,21
2003-02-16 15:00:00,,7
2003-02-16 15:00:00,,11
2003-02-16 15:00:00,,10
2003-02-16 15:00:00,,9
2003-02-16 15:00:00,,12
2003-02-16 15:00:00,,8
2003-02-16 23:00:00,,18
2003-02-16 23:00:00,,5
2003-02-16 23:00:00,,16
2003-02-16 23:00:00,,6
2003-02-16 23:00:00,,13
2003-02-16 23:00:00,,2
2003-02-16 23:00:00,,1
2003-02-16 23:00:00,,4
2003-02-16 23:00:00,,15
2003-02-16 23:00:00,,3
2003-02-16 23:00:00,,14
2003-02-16 23:00:00,,17
2003-02-17 00:00:00,,6
2003-02-17 00:00:00,,14
2003-02-17 00:00:00,,13
2003-02-17 00:00:00,,2
2003-02-17 00:00:00,,16
2003-02-17 00:00:00,,18
2003-02-17 00:00:00,,17
2003-02-17 00:00:00,,4
2003-02-17 00:00:00,,5
2003-02-17 00:00:00,,15
2003-02-17 00:00:00,,1
2003-02-17 00:00:00,,3
2003-02-17 13:00:00,,22
2003-02-17 13:00:00,,23
2003-02-17 13:00:00,,19
2003-02-17 13:00:00,,20
2003-02-17 13:00:00,,21
2003-02-17 13:00:00,,24
2003-02-17 16:00:00,,7
2003-02-17 16:00:00,,11
2003-02-17 16:00:00,,12
2003-02-17 16:00:00,,8
2003-02-17 16:00:00,,10
2003-02-17 16:00:00,,9
2003-02-18 01:00:00,,1
2003-02-18 01:00:00,,17
2003-02-18 01:00:00,,18
2003-02-18 01:00:00,,16
2003-02-18 01:00:00,,14
2003-02-18 01:00:00,,15
2003-02-18 01:00:00,,2
2003-02-18 01:00:00,,5
2003-02-18 01:00:00,,13
2003-02-18 01:00:00,,3
2003-02-18 01:00:00,,6
2003-02-18 01:00:00,,4
2003-02-18 14:00:00,,23
2003-02-18 14:00:00,,24
2003-02-18 14:00:00,,19
2003-02-18 14:00:00,,21
2003-02-18 14:00:00,,22
2003-02-18 14:00:00,,20
2003-02-18 17:00:00,,11
2003-02-18 17:00:00,,8
2003-02-18 17:00:00,,7
2003-02-18 17:00:00,,10
2003-02-18 17:00:00,,9
2003-02-18 17:00:00,,12
2003-02-19 02:00:00,,1
2003-02-19 02:00:00,,5
2003-02-19 02:00:00,,14
2003-02-19 02:00:00,,4
2003-02-19 02:00:00,,15
2003-02-19 02:00:00,,13
2003-02-19 02:00:00,,17
2003-02-19 02:00:00,,16
2003-02-19 02:00:00,,18
2003-02-19 02:00:00,,6
2003-02-19 02:00:00,,2
2003-02-19 02:00:00,,3
2003-02-19 15:00:00,,23
2003-02-19 15:00:00,,21
2003-02-19 15:00:00,,19
2003-02-19 15:00:00,,24
2003-02-19 15:00:00,,22
2003-02-19 15:00:00,,20
2003-02-19 18:00:00,,12
2003-02-19 18:00:00,,8
2003-02-19 18:00:00,,9
2003-02-19 18:00:00,,7
2003-02-19 18:00:00,,10
2003-02-19 18:00:00,,11
2003-02-20 03:00:00,,4
2003-02-20 03:00:00,,15
2003-02-20 03:00:00,,2
2003-02-20 03:00:00,,16
2003-02-20 03:00:00,,17
2003-02-20 03:00:00,,14
2003-02-20 03:00:00,,18
2003-02-20 03:00:00,,1
2003-02-20 03:00:00,,6
2003-02-20 03:00:00,,3
2003-02-20 03:00:00,,13
2003-02-20 03:00:00,,5
2003-02-20 16:00:00,,24
2003-02-20 16:00:00,,21
2003-02-20 16:00:00,,20
2003-02-20 16:00:00,,19
2003-02-20 16:00:00,,23
2003-02-20 16:00:00,,22
2003-02-20 19:00:00,,12
2003-02-20 19:00:00,,10
2003-02-20 19:00:00,,7
2003-02-20 19:00:00,,8
2003-02-20 19:00:00,,9
2003-02-20 19:00:00,,11
2003-02-21 04:00:00,,1
2003-02-21 04:00:00,,5
2003-02-21 04:00:00,,3
2003-02-21 04:00:00,,2
2003-02-21 04:00:00,,4
2003-02-21 04:00:00,,14
2003-02-21 04:00:00,,6
2003-02-21 04:00:00,,18
2003-02-21 04:00:00,,13
2003-02-21 04:00:00,,16
2003-02-21 04:00:00,,15
2003-02-21 04:00:00,,17
2003-02-21 17:00:00,,21
2003-02-21 17:00:00,,23
2003-02-21 17:00:00,,20
2003-02-21 17:00:00,,19
2003-02-21 17:00:00,,22
2003-02-21 17:00:00,,24
2003-02-21 20:00:00,,11
2003-02-21 20:00:00,,9
2003-02-21 20:00:00,,8
2003-02-21 20:00:00,,10
2003-02-21 20:00:00,,7
2003-02-21 20:00:00,,12
2003-02-22 05:00:00,,16
2003-02-22 05:00:00,,14
2003-02-22 05:00:00,,5
2003-02-22 05:00:00,,17
2003-02-22 05:00:00,,4
2003-02-22 05:00:00,,13
2003-02-22 05:00:00,,15
2003-02-22 05:00:00,,18
2003-02-22 05:00:00,,1
2003-02-22 05:00:00,,2
2003-02-22 05:00:00,,3
2003-02-22 05:00:00,,6
2003-02-22 18:00:00,,24
2003-02-22 18:00:00,,23
2003-02-22 18:00:00,,20
2003-02-22 18:00:00,,19
2003-02-22 18:00:00,,22
2003-02-22 18:00:00,,21
2003-02-22 21:00:00,,11
2003-02-22 21:00:00,,12
2003-02-22 21:00:00,,8
2003-02-22 21:00:00,,10
2003-02-22 21:00:00,,7
2003-02-22 21:00:00,,9
2003-02-23 06:00:00,,1
2003-02-23 06:00:00,,3
2003-02-23 06:00:00,,5
2003-02-23 06:00:00,,18
2003-02-23 06:00:00,,4
2003-02-23 06:00:00,,14
2003-02-23 06:00:00,,17
2003-02-23 06:00:00,,2
2003-02-23 06:00:00,,16
2003-02-23 06:00:00,,6
2003-02-23 06:00:00,,15
2003-02-23 06:00:00,,13
2003-02-23 19:00:00,,24
2003-02-23 19:00:00,,21
2003-02-23 19:00:00,,22
2003-02-23 19:00:00,,20
2003-02-23 19:00:00,,19
2003-02-23 19:00:00,,23
2003-02-23 22:00:00,,10
2003-02-23 22:00:00,,7
2003-02-23 22:00:00,,11
2003-02-23 22:00:00,,12
2003-02-23 22:00:00,,9
2003-02-23 22:00:00,,8
2003-02-24 07:00:00,,15
2003-02-24 07:00:00,,6
2003-02-24 07:00:00,,2
2003-02-24 07:00:00,,1
2003-02-24 07:00:00,,4
2003-02-24 07:00:00,,14
2003-02-24 07:00:00,,17
2003-02-24 07:00:00,,5
2003-02-24 07:00:00,,13
2003-02-24 07:00:00,,3
2003-02-24 07:00:00,,16
2003-02-24 07:00:00,,18
2003-02-24 20:00:00,,23
2003-02-24 20:00:00,,21
2003-02-24 20:00:00,,19
2003-02-24 20:00:00,,20
2003-02-24 20:00:00,,24
2003-02-24 20:00:00,,22
2003-02-24 23:00:00,,7
2003-02-24 23:00:00,,8
2003-02-24 23:00:00,,11
2003-02-24 23:00:00,,12
2003-02-24 23:00:00,,9
2003-02-24 23:00:00,,10
2003-02-25 00:00:00,,12
2003-02-25 00:00:00,,8
2003-02-25 00:00:00,,10
2003-02-25 00:00:00,,9
2003-02-25 00:00:00,,11
2003-02-25 00:00:00,,7
2003-02-25 08:00:00,,18
2003-02-25 08:00:00,,2
2003-02-25 08:00:00,,1
2003-02-25 08:00:00,,3
2003-02-25 08:00:00,,5
2003-02-25 08:00:00,,13
2003-02-25 08:00:00,,15
2003-02-25 08:00:00,,17
2003-02-25 08:00:00,,4
2003-02-25 08:00:00,,6
2003-02-25 08:00:00,,14
2003-02-25 08:00:00,,16
2003-02-25 21:00:00,,22
2003-02-25 21:00:00,,21
2003-02-25 21:00:00,,19
2003-02-25 21:00:00,,23
2003-02-25 21:00:00,,20
2003-02-25 21:00:00,,24
2003-02-26 01:00:00,,10
2003-02-26 01:00:00,,9
2003-02-26 01:00:00,,8
2003-02-26 01:00:00,,12
2003-02-26 01:00:00,,11
2003-02-26 01:00:00,,7
2003-02-26 09:00:00,,13
2003-02-26 09:00:00,,4
2003-02-26 09:00:00,,15
2003-02-26 09:00:00,,16
2003-02-26 09:00:00,,2
2003-02-26 09:00:00,,18
2003-02-26 09:00:00,,3
2003-02-26 09:00:00,,5
2003-02-26 09:00:00,,6
2003-02-26 09:00:00,,17
2003-02-26 09:00:00,,1
2003-02-26 09:00:00,,14
2003-02-26 22:00:00,,23
2003-02-26 22:00:00,,24
2003-02-26 22:00:00,,20
2003-02-26 22:00:00,,21
2003-02-26 22:00:00,,22
2003-02-26 22:00:00,,19
2003-02-27 02:00:00,,10
2003-02-27 02:00:00,,8
2003-02-27 02:00:00,,11
2003-02-27 02:00:00,,12
2003-02-27 02:00:00,,7
2003-02-27 02:00:00,,9
2003-02-27 10:00:00,,15
2003-02-27 10:00:00,,3
2003-02-27 10:00:00,,13
2003-02-27 10:00:00,,4
2003-02-27 10:00:00,,18
2003-02-27 10:00:00,,16
2003-02-27 10:00:00,,5
2003-02-27 10:00:00,,14
2003-02-27 10:00:00,,17
2003-02-27 10:00:00,,2
2003-02-27 10:00:00,,6
2003-02-27 10:00:00,,1
2003-02-27 23:00:00,,19
2003-02-27 23:00:00,,22
2003-02-27 23:00:00,,23
2003-02-27 23:00:00,,20
2003-02-27 23:00:00,,24
2003-02-27 23:00:00,,21
2003-02-28 00:00:00,,21
2003-02-28 00:00:00,,20
2003-02-28 00:00:00,,24
2003-02-28 00:00:00,,19
2003-02-28 00:00:00,,22
2003-02-28 00:00:00,,23
2003-02-28 03:00:00,,8
2003-02-28 03:00:00,,7
2003-02-28 03:00:00,,10
2003-02-28 03:00:00,,12
2003-02-28 03:00:00,,9
2003-02-28 03:00:00,,11
2003-02-28 11:00:00,,18
2003-02-28 11:00:00,,14
2003-02-28 11:00:00,,3
2003-02-28 11:00:00,,13
2003-02-28 11:00:00,,1
2003-02-28 11:00:00,,4
2003-02-28 11:00:00,,15
2003-02-28 11:00:00,,2
2003-02-28 11:00:00,,16
2003-02-28 11:00:00,,6
2003-02-28 11:00:00,,5
2003-02-28 11:00:00,,17
2003-03-01 01:00:00,,22
2003-03-01 01:00:00,,21
2003-03-01 01:00:00,,19
2003-03-01 01:00:00,,24
2003-03-01 01:00:00,,23
2003-03-01 01:00:00,,20
2003-03-01 04:00:00,,9
2003-03-01 04:00:00,,12
2003-03-01 04:00:00,,11
2003-03-01 04:00:00,,8
2003-03-01 04:00:00,,10
2003-03-01 04:00:00,,7
2003-03-01 12:00:00,,2
2003-03-01 12:00:00,,18
2003-03-01 12:00:00,,5
2003-03-01 12:00:00,,15
2003-03-01 12:00:00,,14
2003-03-01 12:00:00,,13
2003-03-01 12:00:00,,17
2003-03-01 12:00:00,,6
2003-03-01 12:00:00,,3
2003-03-01 12:00:00,,4
2003-03-01 12:00:00,,1
2003-03-01 12:00:00,,16
2003-03-02 02:00:00,,21
2003-03-02 02:00:00,,23
2003-03-02 02:00:00,,19
2003-03-02 02:00:00,,24
2003-03-02 02:00:00,,22
2003-03-02 02:00:00,,20
2003-03-02 05:00:00,,9
2003-03-02 05:00:00,,10
2003-03-02 05:00:00,,7
2003-03-02 05:00:00,,8
2003-03-02 05:00:00,,12
2003-03-02 05:00:00,,11
2003-03-02 13:00:00,,6
2003-03-02 13:00:00,,2
2003-03-02 13:00:00,,3
2003-03-02 13:00:00,,18
2003-03-02 13:00:00,,4
2003-03-02 13:00:00,,16
2003-03-02 13:00:00,,1
2003-03-02 13:00:00,,17
2003-03-02 13:00:00,,14
2003-03-02 13:00:00,,5
2003-03-02 13:00:00,,15
2003-03-02 13:00:00,,13
2003-03-03 03:00:00,,22
2003-03-03 03:00:00,,19
2003-03-03 03:00:00,,20
2003-03-03 03:00:00,,21
2003-03-03 03:00:00,,24
2003-03-03 03:00:00,,23
2003-03-03 06:00:00,,7
2003-03-03 06:00:00,,10
2003-03-03 06:00:00,,8
2003-03-03 06:00:00,,12
2003-03-03 06:00:00,,11
2003-03-03 06:00:00,,9
2003-03-03 14:00:00,,14
2003-03-03 14:00:00,,3
2003-03-03 14:00:00,,4
2003-03-03 14:00:00,,1
2003-03-03 14:00:00,,16
2003-03-03 14:00:00,,5
2003-03-03 14:00:00,,17
2003-03-03 14:00:00,,15
2003-03-03 14:00:00,,13
2003-03-03 14:00:00,,6
2003-03-03 14:00:00,,2
2003-03-03 14:00:00,,18
2003-03-04 04:00:00,,19
2003-03-04 04:00:00,,24
2003-03-04 04:00:00,,21
2003-03-04 04:00:00,,22
2003-03-04 04:00:00,,23
2003-03-04 04:00:00,,20
2003-03-04 07:00:00,,10
2003-03-04 07:00:00,,7
2003-03-04 07:00:00,,8
2003-03-04 07:00:00,,12
2003-03-04 07:00:00,,11
2003-03-04 07:00:00,,9
2003-03-04 15:00:00,,4
2003-03-04 15:00:00,,2
2003-03-04 15:00:00,,14
2003-03-04 15:00:00,,15
2003-03-04 15:00:00,,3
2003-03-04 15:00:00,,1
2003-03-04 15:00:00,,17
2003-03-04 15:00:00,,13
2003-03-04 15:00:00,,6
2003-03-04 15:00:00,,18
2003-03-04 15:00:00,,5
2003-03-04 15:00:00,,16
2003-03-05 05:00:00,,19
2003-03-05 05:00:00,,21
2003-03-05 05:00:00,,24
2003-03-05 05:00:00,,22
2003-03-05 05:00:00,,23
2003-03-05 05:00:00,,20
2003-03-05 08:00:00,,7
2003-03-05 08:00:00,,8
2003-03-05 08:00:00,,12
2003-03-05 08:00:00,,9
2003-03-05 08:00:00,,10
2003-03-05 08:00:00,,11
2003-03-05 16:00:00,,18
2003-03-05 16:00:00,,17
2003-03-05 16:00:00,,2
2003-03-05 16:00:00,,3
2003-03-05 16:00:00,,13
2003-03-05 16:00:00,,14
2003-03-05 16:00:00,,6
2003-03-05 16:00:00,,15
2003-03-05 16:00:00,,5
2003-03-05 16:00:00,,1
2003-03-05 16:00:00,,16
2003-03-05 16:00:00,,4
2003-03-06 06:00:00,,20
2003-03-06 06:00:00,,23
2003-03-06 06:00:00,,24
2003-03-06 06:00:00,,19
2003-03-06 06:00:00,,21
2003-03-06 06:00:00,,22
2003-03-06 09:00:00,,10
2003-03-06 09:00:00,,12
2003-03-06 09:00:00,,7
2003-03-06 09:00:00,,11
2003-03-06 09:00:00,,9
2003-03-06 09:00:00,,8
2003-03-06 17:00:00,,13
2003-03-06 17:00:00,,5
2003-03-06 17:00:00,,17
2003-03-06 17:00:00,,2
2003-03-06 17:00:00,,1
2003-03-06 17:00:00,,18
2003-03-06 17:00:00,,6
2003-03-06 17:00:00,,4
2003-03-06 17:00:00,,14
2003-03-06 17:00:00,,16
2003-03-06 17:00:00,,15
2003-03-06 17:00:00,,3
2003-03-07 07:00:00,,23
2003-03-07 07:00:00,,20
2003-03-07 07:00:00,,24
2003-03-07 07:00:00,,22
2003-03-07 07:00:00,,19
2003-03-07 07:00:00,,21
2003-03-07 10:00:00,,12
2003-03-07 10:00:00,,7
2003-03-07 10:00:00,,10
2003-03-07 10:00:00,,9
2003-03-07 10:00:00,,11
2003-03-07 10:00:00,,8
2003-03-07 18:00:00,,15
2003-03-07 18:00:00,,5
2003-03-07 18:00:00,,4
2003-03-07 18:00:00,,13
2003-03-07 18:00:00,,2
2003-03-07 18:00:00,,6
2003-03-07 18:00:00,,14
2003-03-07 18:00:00,,18
2003-03-07 18:00:00,,17
2003-03-07 18:00:00,,3
2003-03-07 18:00:00,,16
2003-03-07 18:00:00,,1
2003-03-08 08:00:00,,20
2003-03-08 08:00:00,,24
2003-03-08 08:00:00,,23
2003-03-08 08:00:00,,21
2003-03-08 08:00:00,,19
2003-03-08 08:00:00,,22
2003-03-08 11:00:00,,11
2003-03-08 11:00:00,,9
2003-03-08 11:00:00,,7
2003-03-08 11:00:00,,8
2003-03-08 11:00:00,,12
2003-03-08 11:00:00,,10
2003-03-08 19:00:00,,6
2003-03-08 19:00:00,,2
2003-03-08 19:00:00,,14
2003-03-08 19:00:00,,18
2003-03-08 19:00:00,,1
2003-03-08 19:00:00,,15
2003-03-08 19:00:00,,4
2003-03-08 19:00:00,,16
2003-03-08 19:00:00,,3
2003-03-08 19:00:00,,13
2003-03-08 19:00:00,,17
2003-03-08 19:00:00,,5
2003-03-09 09:00:00,,19
2003-03-09 09:00:00,,20
2003-03-09 09:00:00,,24
2003-03-09 09:00:00,,23
2003-03-09 09:00:00,,22
2003-03-09 09:00:00,,21
2003-03-09 12:00:00,,12
2003-03-09 12:00:00,,10
2003-03-09 12:00:00,,11
2003-03-09 12:00:00,,9
2003-03-09 12:00:00,,7
2003-03-09 12:00:00,,8
2003-03-09 20:00:00,,6
2003-03-09 20:00:00,,2
2003-03-09 20:00:00,,18
2003-03-09 20:00:00,,16
2003-03-09 20:00:00,,1
2003-03-09 20:00:00,,5
2003-03-09 20:00:00,,3
2003-03-09 20:00:00,,17
2003-03-09 20:00:00,,14
2003-03-09 20:00:00,,4
2003-03-09 20:00:00,,15
2003-03-09 20:00:00,,13
2003-03-10 10:00:00,,20
2003-03-10 10:00:00,,22
2003-03-10 10:00:00,,23
2003-03-10 10:00:00,,19
2003-03-10 10:00:00,,24
2003-03-10 10:00:00,,21
2003-03-10 13:00:00,,9
2003-03-10 13:00:00,,12
2003-03-10 13:00:00,,10
2003-03-10 13:00:00,,8
2003-03-10 13:00:00,,11
2003-03-10 13:00:00,,7
2003-03-10 21:00:00,,14
2003-03-10 21:00:00,,15
2003-03-10 21:00:00,,5
2003-03-10 21:00:00,,18
2003-03-10 21:00:00,,2
2003-03-10 21:00:00,,16
2003-03-10 21:00:00,,1
2003-03-10 21:00:00,,13
2003-03-10 21:00:00,,6
2003-03-10 21:00:00,,3
2003-03-10 21:00:00,,17
2003-03-10 21:00:00,,4
2003-03-11 11:00:00,,20
2003-03-11 11:00:00,,22
2003-03-11 11:00:00,,24
2003-03-11 11:00:00,,23
2003-03-11 11:00:00,,21
2003-03-11 11:00:00,,19
2003-03-11 14:00:00,,10
2003-03-11 14:00:00,,11
2003-03-11 14:00:00,,7
2003-03-11 14:00:00,,8
2003-03-11 14:00:00,,12
2003-03-11 14:00:00,,9
2003-03-11 22:00:00,,6
2003-03-11 22:00:00,,15
2003-03-11 22:00:00,,4
2003-03-11 22:00:00,,5
2003-03-11 22:00:00,,16
2003-03-11 22:00:00,,2
2003-03-11 22:00:00,,14
2003-03-11 22:00:00,,3
2003-03-11 22:00:00,,18
2003-03-11 22:00:00,,13
2003-03-11 22:00:00,,1
2003-03-11 22:00:00,,17
2003-03-12 12:00:00,,21
2003-03-12 12:00:00,,24
2003-03-12 12:00:00,,22
2003-03-12 12:00:00,,20
2003-03-12 12:00:00,,19
2003-03-12 12:00:00,,23
2003-03-12 15:00:00,,8
2003-03-12 15:00:00,,9
2003-03-12 15:00:00,,7
2003-03-12 15:00:00,,12
2003-03-12 15:00:00,,10
2003-03-12 15:00:00,,11
2003-03-12 23:00:00,,17
2003-03-12 23:00:00,,4
2003-03-12 23:00:00,,5
2003-03-12 23:00:00,,18
2003-03-12 23:00:00,,15
2003-03-12 23:00:00,,6
2003-03-12 23:00:00,,14
2003-03-12 23:00:00,,13
2003-03-12 23:00:00,,1
2003-03-12 23:00:00,,2
2003-03-12 23:00:00,,3
2003-03-12 23:00:00,,16
2003-03-13 00:00:00,,3
2003-03-13 00:00:00,,17
2003-03-13 00:00:00,,14
2003-03-13 00:00:00,,6
2003-03-13 00:00:00,,2
2003-03-13 00:00:00,,15
2003-03-13 00:00:00,,4
2003-03-13 00:00:00,,5
2003-03-13 00:00:00,,1
2003-03-13 00:00:00,,16
2003-03-13 00:00:00,,18
2003-03-13 00:00:00,,13
2003-03-13 13:00:00,,20
2003-03-13 13:00:00,,22
2003-03-13 13:00:00,,19
2003-03-13 13:00:00,,23
2003-03-13 13:00:00,,24
2003-03-13 13:00:00,,21
2003-03-13 16:00:00,,8
2003-03-13 16:00:00,,11
2003-03-13 16:00:00,,12
2003-03-13 16:00:00,,7
2003-03-13 16:00:00,,10
2003-03-13 16:00:00,,9
2003-03-14 01:00:00,,3
2003-03-14 01:00:00,,15
2003-03-14 01:00:00,,14
2003-03-14 01:00:00,,6
2003-03-14 01:00:00,,1
2003-03-14 01:00:00,,13
2003-03-14 01:00:00,,16
2003-03-14 01:00:00,,4
2003-03-14 01:00:00,,18
2003-03-14 01:00:00,,17
2003-03-14 01:00:00,,5
2003-03-14 01:00:00,,2
2003-03-14 14:00:00,,23
2003-03-14 14:00:00,,24
2003-03-14 14:00:00,,21
2003-03-14 14:00:00,,22
2003-03-14 14:00:00,,20
2003-03-14 14:00:00,,19
2003-03-14 17:00:00,,8
2003-03-14 17:00:00,,10
2003-03-14 17:00:00,,12
2003-03-14 17:00:00,,7
2003-03-14 17:00:00,,11
2003-03-14 17:00:00,,9
2003-03-15 02:00:00,,3
2003-03-15 02:00:00,,6
2003-03-15 02:00:00,,1
2003-03-15 02:00:00,,17
2003-03-15 02:00:00,,13
2003-03-15 02:00:00,,2
2003-03-15 02:00:00,,16
2003-03-15 02:00:00,,4
2003-03-15 02:00:00,,18
2003-03-15 02:00:00,,15
2003-03-15 02:00:00,,5
2003-03-15 02:00:00,,14
2003-03-15 15:00:00,,21
2003-03-15 15:00:00,,24
2003-03-15 15:00:00,,19
2003-03-15 15:00:00,,23
2003-03-15 15:00:00,,22
2003-03-15 15:00:00,,20
2003-03-15 18:00:00,,8
2003-03-15 18:00:00,,12
2003-03-15 18:00:00,,7
2003-03-15 18:00:00,,9
2003-03-15 18:00:00,,10
2003-03-15 18:00:00,,11
2003-03-16 03:00:00,,18
2003-03-16 03:00:00,,6
2003-03-16 03:00:00,,1
2003-03-16 03:00:00,,4
2003-03-16 03:00:00,,15
2003-03-16 03:00:00,,5
2003-03-16 03:00:00,,2
2003-03-16 03:00:00,,16
2003-03-16 03:00:00,,17
2003-03-16 03:00:00,,3
2003-03-16 03:00:00,,14
2003-03-16 03:00:00,,13
2003-03-16 16:00:00,,22
2003-03-16 16:00:00,,20
2003-03-16 16:00:00,,19
2003-03-16 16:00:00,,23
2003-03-16 16:00:00,,21
2003-03-16 16:00:00,,24
2003-03-16 19:00:00,,8
2003-03-16 19:00:00,,10
2003-03-16 19:00:00,,9
2003-03-16 19:00:00,,7
2003-03-16 19:00:00,,11
2003-03-16 19:00:00,,12
2003-03-17 04:00:00,,6
2003-03-17 04:00:00,,14
2003-03-17 04:00:00,,15
2003-03-17 04:00:00,,5
2003-03-17 04:00:00,,3
2003-03-17 04:00:00,,18
2003-03-17 04:00:00,,13
2003-03-17 04:00:00,,1
2003-03-17 04:00:00,,16
2003-03-17 04:00:00,,2
2003-03-17 04:00:00,,4
2003-03-17 04:00:00,,17
2003-03-17 17:00:00,,20
2003-03-17 17:00:00,,22
2003-03-17 17:00:00,,24
2003-03-17 17:00:00,,21
2003-03-17 17:00:00,,23
2003-03-17 17:00:00,,19
2003-03-17 20:00:00,,7
2003-03-17 20:00:00,,12
2003-03-17 20:00:00,,11
2003-03-17 20:00:00,,8
2003-03-17 20:00:00,,9
2003-03-17 20:00:00,,10
2003-03-18 05:00:00,,5
2003-03-18 05:00:00,,6
2003-03-18 05:00:00,,16
2003-03-18 05:00:00,,4
2003-03-18 05:00:00,,15
2003-03-18 05:00:00,,14
2003-03-18 05:00:00,,1
2003-03-18 05:00:00,,17
2003-03-18 05:00:00,,18
2003-03-18 05:00:00,,13
2003-03-18 05:00:00,,3
2003-03-18 05:00:00,,2
2003-03-18 18:00:00,,23
2003-03-18 18:00:00,,19
2003-03-18 18:00:00,,20
2003-03-18 18:00:00,,21
2003-03-18 18:00:00,,22
2003-03-18 18:00:00,,24
2003-03-18 21:00:00,,10
2003-03-18 21:00:00,,9
2003-03-18 21:00:00,,11
2003-03-18 21:00:00,,7
2003-03-18 21:00:00,,12
2003-03-18 21:00:00,,8
2003-03-19 06:00:00,,1
2003-03-19 06:00:00,,15
2003-03-19 06:00:00,,5
2003-03-19 06:00:00,,6
2003-03-19 06:00:00,,16
2003-03-19 06:00:00,,4
2003-03-19 06:00:00,,13
2003-03-19 06:00:00,,18
2003-03-19 06:00:00,,17
2003-03-19 06:00:00,,3
2003-03-19 06:00:00,,14
2003-03-19 06:00:00,,2
2003-03-19 19:00:00,,20
2003-03-19 19:00:00,,23
2003-03-19 19:00:00,,24
2003-03-19 19:00:00,,22
2003-03-19 19:00:00,,19
2003-03-19 19:00:00,,21
2003-03-19 22:00:00,,10
2003-03-19 22:00:00,,7
2003-03-19 22:00:00,,9
2003-03-19 22:00:00,,8
2003-03-19 22:00:00,,12
2003-03-19 22:00:00,,11
2003-03-20 07:00:00,,14
2003-03-20 07:00:00,,3
2003-03-20 07:00:00,,18
2003-03-20 07:00:00,,4
2003-03-20 07:00:00,,2
2003-03-20 07:00:00,,16
2003-03-20 07:00:00,,13
2003-03-20 07:00:00,,1
2003-03-20 07:00:00,,17
2003-03-20 07:00:00,,6
2003-03-20 07:00:00,,15
2003-03-20 07:00:00,,5
2003-03-20 20:00:00,,23
2003-03-20 20:00:00,,21
2003-03-20 20:00:00,,20
2003-03-20 20:00:00,,19
2003-03-20 20:00:00,,22
2003-03-20 20:00:00,,24
2003-03-20 23:00:00,,11
2003-03-20 23:00:00,,10
2003-03-20 23:00:00,,9
2003-03-20 23:00:00,,12
2003-03-20 23:00:00,,7
2003-03-20 23:00:00,,8
2003-03-21 00:00:00,,8
2003-03-21 00:00:00,,10
2003-03-21 00:00:00,,12
2003-03-21 00:00:00,,7
2003-03-21 00:00:00,,11
2003-03-21 00:00:00,,9
2003-03-21 08:00:00,,4
2003-03-21 08:00:00,,2
2003-03-21 08:00:00,,16
2003-03-21 08:00:00,,17
2003-03-21 08:00:00,,15
2003-03-21 08:00:00,,14
2003-03-21 08:00:00,,1
2003-03-21 08:00:00,,13
2003-03-21 08:00:00,,6
2003-03-21 08:00:00,,3
2003-03-21 08:00:00,,5
2003-03-21 08:00:00,,18
2003-03-21 21:00:00,,23
2003-03-21 21:00:00,,21
2003-03-21 21:00:00,,22
2003-03-21 21:00:00,,19
2003-03-21 21:00:00,,24
2003-03-21 21:00:00,,20
2003-03-22 01:00:00,,10
2003-03-22 01:00:00,,12
2003-03-22 01:00:00,,8
2003-03-22 01:00:00,,7
2003-03-22 01:00:00,,11
2003-03-22 01:00:00,,9
2003-03-22 09:00:00,,1
2003-03-22 09:00:00,,5
2003-03-22 09:00:00,,17
2003-03-22 09:00:00,,15
2003-03-22 09:00:00,,18
2003-03-22 09:00:00,,4
2003-03-22 09:00:00,,2
2003-03-22 09:00:00,,16
2003-03-22 09:00:00,,6
2003-03-22 09:00:00,,13
2003-03-22 09:00:00,,3
2003-03-22 09:00:00,,14
2003-03-22 22:00:00,,23
2003-03-22 22:00:00,,24
2003-03-22 22:00:00,,22
2003-03-22 22:00:00,,20
2003-03-22 22:00:00,,21
2003-03-22 22:00:00,,19
2003-03-23 02:00:00,,7
2003-03-23 02:00:00,,10
2003-03-23 02:00:00,,8
2003-03-23 02:00:00,,12
2003-03-23 02:00:00,,11
2003-03-23 02:00:00,,9
2003-03-23 10:00:00,,4
2003-03-23 10:00:00,,5
2003-03-23 10:00:00,,16
2003-03-23 10:00:00,,2
2003-03-23 10:00:00,,13
2003-03-23 10:00:00,,18
2003-03-23 10:00:00,,17
2003-03-23 10:00:00,,15
2003-03-23 10:00:00,,1
2003-03-23 10:00:00,,3
2003-03-23 10:00:00,,14
2003-03-23 10:00:00,,6
2003-03-23 23:00:00,,20
2003-03-23 23:00:00,,24
2003-03-23 23:00:00,,21
2003-03-23 23:00:00,,23
2003-03-23 23:00:00,,22
2003-03-23 23:00:00,,19
2003-03-24 00:00:00,,22
2003-03-24 00:00:00,,24
2003-03-24 00:00:00,,23
2003-03-24 00:00:00,,21
2003-03-24 00:00:00,,19
2003-03-24 00:00:00,,20
2003-03-24 03:00:00,,8
2003-03-24 03:00:00,,7
2003-03-24 03:00:00,,9
2003-03-24 03:00:00,,10
2003-03-24 03:00:00,,11
2003-03-24 03:00:00,,12
2003-03-24 11:00:00,,2
2003-03-24 11:00:00,,6
2003-03-24 11:00:00,,13
2003-03-24 11:00:00,,17
2003-03-24 11:00:00,,16
2003-03-24 11:00:00,,4
2003-03-24 11:00:00,,5
2003-03-24 11:00:00,,18
2003-03-24 11:00:00,,3
2003-03-24 11:00:00,,14
2003-03-24 11:00:00,,1
2003-03-24 11:00:00,,15
2003-03-25 01:00:00,,20
2003-03-25 01:00:00,,22
2003-03-25 01:00:00,,23
2003-03-25 01:00:00,,19
2003-03-25 01:00:00,,21
2003-03-25 01:00:00,,24
2003-03-25 04:00:00,,7
2003-03-25 04:00:00,,12
2003-03-25 04:00:00,,8
2003-03-25 04:00:00,,11
2003-03-25 04:00:00,,10
2003-03-25 04:00:00,,9
2003-03-25 12:00:00,,5
2003-03-25 12:00:00,,6
2003-03-25 12:00:00,,4
2003-03-25 12:00:00,,15
2003-03-25 12:00:00,,17
2003-03-25 12:00:00,,3
2003-03-25 12:00:00,,13
2003-03-25 12:00:00,,14
2003-03-25 12:00:00,,1
2003-03-25 12:00:00,,2
2003-03-25 12:00:00,,18
2003-03-25 12:00:00,,16
2003-03-26 02:00:00,,22
2003-03-26 02:00:00,,19
2003-03-26 02:00:00,,21
2003-03-26 02:00:00,,23
2003-03-26 02:00:00,,24
2003-03-26 02:00:00,,20
2003-03-26 05:00:00,,7
2003-03-26 05:00:00,,9
2003-03-26 05:00:00,,10
2003-03-26 05:00:00,,11
2003-03-26 05:00:00,,12
2003-03-26 05:00:00,,8
2003-03-26 13:00:00,,17
2003-03-26 13:00:00,,2
2003-03-26 13:00:00,,16
2003-03-26 13:00:00,,14
2003-03-26 13:00:00,,1
2003-03-26 13:00:00,,6
2003-03-26 13:00:00,,3
2003-03-26 13:00:00,,15
2003-03-26 13:00:00,,4
2003-03-26 13:00:00,,5
2003-03-26 13:00:00,,13
2003-03-26 13:00:00,,18
2003-03-27 03:00:00,,20
2003-03-27 03:00:00,,24
2003-03-27 03:00:00,,19
2003-03-27 03:00:00,,23
2003-03-27 03:00:00,,21
2003-03-27 03:00:00,,22
2003-03-27 06:00:00,,7
2003-03-27 06:00:00,,10
2003-03-27 06:00:00,,11
2003-03-27 06:00:00,,9
2003-03-27 06:00:00,,12
2003-03-27 06:00:00,,8
2003-03-27 14:00:00,,3
2003-03-27 14:00:00,,4
2003-03-27 14:00:00,,18
2003-03-27 14:00:00,,5
2003-03-27 14:00:00,,15
2003-03-27 14:00:00,,6
2003-03-27 14:00:00,,1
2003-03-27 14:00:00,,14
2003-03-27 14:00:00,,2
2003-03-27 14:00:00,,17
2003-03-27 14:00:00,,16
2003-03-27 14:00:00,,13
2003-03-28 04:00:00,,22
2003-03-28 04:00:00,,24
2003-03-28 04:00:00,,21
2003-03-28 04:00:00,,20
2003-03-28 04:00:00,,23
2003-03-28 04:00:00,,19
2003-03-28 07:00:00,,12
2003-03-28 07:00:00,,10
2003-03-28 07:00:00,,7
2003-03-28 07:00:00,,9
2003-03-28 07:00:00,,11
2003-03-28 07:00:00,,8
2003-03-28 15:00:00,,18
2003-03-28 15:00:00,,14
2003-03-28 15:00:00,,15
2003-03-28 15:00:00,,16
2003-03-28 15:00:00,,6
2003-03-28 15:00:00,,2
2003-03-28 15:00:00,,17
2003-03-28 15:00:00,,4
2003-03-28 15:00:00,,5
2003-03-28 15:00:00,,3
2003-03-28 15:00:00,,1
2003-03-28 15:00:00,,13
2003-03-29 05:00:00,,24
2003-03-29 05:00:00,,23
2003-03-29 05:00:00,,19
2003-03-29 05:00:00,,20
2003-03-29 05:00:00,,22
2003-03-29 05:00:00,,21
2003-03-29 08:00:00,,11
2003-03-29 08:00:00,,9
2003-03-29 08:00:00,,8
2003-03-29 08:00:00,,7
2003-03-29 08:00:00,,10
2003-03-29 08:00:00,,12
2003-03-29 16:00:00,,1
2003-03-29 16:00:00,,13
2003-03-29 16:00:00,,3
2003-03-29 16:00:00,,5
2003-03-29 16:00:00,,17
2003-03-29 16:00:00,,14
2003-03-29 16:00:00,,15
2003-03-29 16:00:00,,2
2003-03-29 16:00:00,,16
2003-03-29 16:00:00,,6
2003-03-29 16:00:00,,4
2003-03-29 16:00:00,,18
2003-03-30 06:00:00,,22
2003-03-30 06:00:00,,20
2003-03-30 06:00:00,,19
2003-03-30 06:00:00,,21
2003-03-30 06:00:00,,24
2003-03-30 06:00:00,,23
2003-03-30 09:00:00,,9
2003-03-30 09:00:00,,8
2003-03-30 09:00:00,,11
2003-03-30 09:00:00,,7
2003-03-30 09:00:00,,10
2003-03-30 09:00:00,,12
2003-03-30 17:00:00,,6
2003-03-30 17:00:00,,2
2003-03-30 17:00:00,,17
2003-03-30 17:00:00,,4
2003-03-30 17:00:00,,16
2003-03-30 17:00:00,,15
2003-03-30 17:00:00,,5
2003-03-30 17:00:00,,1
2003-03-30 17:00:00,,13
2003-03-30 17:00:00,,18
2003-03-30 17:00:00,,14
2003-03-30 17:00:00,,3
2003-03-31 07:00:00,,22
2003-03-31 07:00:00,,21
2003-03-31 07:00:00,,23
2003-03-31 07:00:00,,20
2003-03-31 07:00:00,,24
2003-03-31 07:00:00,,19
2003-03-31 10:00:00,,9
2003-03-31 10:00:00,,12
2003-03-31 10:00:00,,7
2003-03-31 10:00:00,,11
2003-03-31 10:00:00,,10
2003-03-31 10:00:00,,8
2003-03-31 18:00:00,,4
2003-03-31 18:00:00,,15
2003-03-31 18:00:00,,2
2003-03-31 18:00:00,,13
2003-03-31 18:00:00,,18
2003-03-31 18:00:00,,17
2003-03-31 18:00:00,,6
2003-03-31 18:00:00,,1
2003-03-31 18:00:00,,5
2003-03-31 18:00:00,,14
2003-03-31 18:00:00,,16
2003-03-31 18:00:00,,3
2003-04-01 08:00:00,,21
2003-04-01 08:00:00,,23
2003-04-01 08:00:00,,20
2003-04-01 08:00:00,,24
2003-04-01 08:00:00,,22
2003-04-01 08:00:00,,19
2003-04-01 11:00:00,,12
2003-04-01 11:00:00,,10
2003-04-01 11:00:00,,7
2003-04-01 11:00:00,,8
2003-04-01 11:00:00,,11
2003-04-01 11:00:00,,9
2003-04-01 19:00:00,,14
2003-04-01 19:00:00,,3
2003-04-01 19:00:00,,1
2003-04-01 19:00:00,,2
2003-04-01 19:00:00,,18
2003-04-01 19:00:00,,15
2003-04-01 19:00:00,,6
2003-04-01 19:00:00,,13
2003-04-01 19:00:00,,4
2003-04-01 19:00:00,,5
2003-04-01 19:00:00,,16
2003-04-01 19:00:00,,17
2003-04-02 09:00:00,,19
2003-04-02 09:00:00,,20
2003-04-02 09:00:00,,21
2003-04-02 09:00:00,,23
2003-04-02 09:00:00,,22
2003-04-02 09:00:00,,24
2003-04-02 12:00:00,,12
2003-04-02 12:00:00,,8
2003-04-02 12:00:00,,9
2003-04-02 12:00:00,,7
2003-04-02 12:00:00,,11
2003-04-02 12:00:00,,10
2003-04-02 13:00:00,,11
2003-04-02 13:00:00,,8
2003-04-02 13:00:00,,12
2003-04-02 13:00:00,,10
2003-04-02 13:00:00,,9
2003-04-02 13:00:00,,7
2003-04-02 14:00:00,,9
2003-04-02 14:00:00,,7
2003-04-02 14:00:00,,10
2003-04-02 14:00:00,,11
2003-04-02 14:00:00,,12
2003-04-02 14:00:00,,8
2003-04-02 15:00:00,,7
2003-04-02 15:00:00,,11
2003-04-02 15:00:00,,10
2003-04-02 15:00:00,,9
2003-04-02 15:00:00,,12
2003-04-02 15:00:00,,8
2003-04-02 16:00:00,,11
2003-04-02 16:00:00,,12
2003-04-02 16:00:00,,7
2003-04-02 16:00:00,,8
2003-04-02 16:00:00,,9
2003-04-02 16:00:00,,10
2003-04-02 17:00:00,,9
2003-04-02 17:00:00,,11
2003-04-02 17:00:00,,12
2003-04-02 17:00:00,,8
2003-04-02 17:00:00,,10
2003-04-02 17:00:00,,7
2003-04-02 18:00:00,,11
2003-04-02 18:00:00,,12
2003-04-02 18:00:00,,7
2003-04-02 18:00:00,,8
2003-04-02 18:00:00,,9
2003-04-02 18:00:00,,10
2003-04-02 19:00:00,,9
2003-04-02 19:00:00,,12
2003-04-02 19:00:00,,7
2003-04-02 19:00:00,,11
2003-04-02 19:00:00,,8
2003-04-02 19:00:00,,10
2003-04-02 20:00:00,,16
2003-04-02 20:00:00,,18
2003-04-02 20:00:00,,4
2003-04-02 20:00:00,,17
2003-04-02 20:00:00,,5
2003-04-02 20:00:00,,15
2003-04-02 20:00:00,,13
2003-04-02 20:00:00,,1
2003-04-02 20:00:00,,6
2003-04-02 20:00:00,,3
2003-04-02 20:00:00,,14
2003-04-02 20:00:00,,2
2003-04-03 10:00:00,,22
2003-04-03 10:00:00,,20
2003-04-03 10:00:00,,23
2003-04-03 10:00:00,,19
2003-04-03 10:00:00,,21
2003-04-03 10:00:00,,24
2003-04-03 20:00:00,,10
2003-04-03 20:00:00,,7
2003-04-03 20:00:00,,8
2003-04-03 20:00:00,,11
2003-04-03 20:00:00,,12
2003-04-03 20:00:00,,9
2003-04-03 21:00:00,,13
2003-04-03 21:00:00,,14
2003-04-03 21:00:00,,2
2003-04-03 21:00:00,,18
2003-04-03 21:00:00,,3
2003-04-03 21:00:00,,15
2003-04-03 21:00:00,,4
2003-04-03 21:00:00,,16
2003-04-03 21:00:00,,5
2003-04-03 21:00:00,,17
2003-04-03 21:00:00,,1
2003-04-03 21:00:00,,6
2003-04-04 11:00:00,,24
2003-04-04 11:00:00,,21
2003-04-04 11:00:00,,19
2003-04-04 11:00:00,,22
2003-04-04 11:00:00,,23
2003-04-04 11:00:00,,20
2003-04-04 21:00:00,,8
2003-04-04 21:00:00,,12
2003-04-04 21:00:00,,10
2003-04-04 21:00:00,,7
2003-04-04 21:00:00,,11
2003-04-04 21:00:00,,9
2003-04-04 22:00:00,,6
2003-04-04 22:00:00,,4
2003-04-04 22:00:00,,1
2003-04-04 22:00:00,,15
2003-04-04 22:00:00,,13
2003-04-04 22:00:00,,17
2003-04-04 22:00:00,,18
2003-04-04 22:00:00,,2
2003-04-04 22:00:00,,5
2003-04-04 22:00:00,,3
2003-04-04 22:00:00,,16
2003-04-04 22:00:00,,14
2003-04-05 23:00:00,,3
2003-04-05 23:00:00,,2
2003-04-05 23:00:00,,4
2003-04-05 23:00:00,,1
2003-04-05 23:00:00,,5
2003-04-05 23:00:00,,6
2003-04-06 00:00:00,,4
2003-04-06 00:00:00,,5
2003-04-06 00:00:00,,2
2003-04-06 00:00:00,,1
2003-04-06 00:00:00,,6
2003-04-06 00:00:00,,3
2003-04-06 12:00:00,,23
2003-04-06 12:00:00,,19
2003-04-06 12:00:00,,20
2003-04-06 12:00:00,,24
2003-04-06 12:00:00,,22
2003-04-06 12:00:00,,21
2003-04-06 22:00:00,,7
2003-04-06 22:00:00,,12
2003-04-06 22:00:00,,8
2003-04-06 22:00:00,,10
2003-04-06 22:00:00,,9
2003-04-06 22:00:00,,11
2003-04-06 23:00:00,,17
2003-04-06 23:00:00,,15
2003-04-06 23:00:00,,18
2003-04-06 23:00:00,,13
2003-04-06 23:00:00,,14
2003-04-06 23:00:00,,16
2003-04-07 00:00:00,,18
2003-04-07 00:00:00,,17
2003-04-07 00:00:00,,16
2003-04-07 00:00:00,,13
2003-04-07 00:00:00,,15
2003-04-07 00:00:00,,14
2003-04-07 01:00:00,,3
2003-04-07 01:00:00,,6
2003-04-07 01:00:00,,5
2003-04-07 01:00:00,,4
2003-04-07 01:00:00,,1
2003-04-07 01:00:00,,2
2003-04-07 13:00:00,,21
2003-04-07 13:00:00,,24
2003-04-07 13:00:00,,22
2003-04-07 13:00:00,,20
2003-04-07 13:00:00,,19
2003-04-07 13:00:00,,23
2003-04-07 23:00:00,,9
2003-04-07 23:00:00,,11
2003-04-07 23:00:00,,7
2003-04-07 23:00:00,,8
2003-04-07 23:00:00,,12
2003-04-07 23:00:00,,10
2003-04-08 00:00:00,,10
2003-04-08 00:00:00,,11
2003-04-08 00:00:00,,7
2003-04-08 00:00:00,,12
2003-04-08 00:00:00,,9
2003-04-08 00:00:00,,8
2003-04-08 01:00:00,,16
2003-04-08 01:00:00,,17
2003-04-08 01:00:00,,13
2003-04-08 01:00:00,,15
2003-04-08 01:00:00,,18
2003-04-08 01:00:00,,14
2003-04-08 02:00:00,,4
2003-04-08 02:00:00,,3
2003-04-08 02:00:00,,1
2003-04-08 02:00:00,,6
2003-04-08 02:00:00,,2
2003-04-08 02:00:00,,5
2003-04-08 14:00:00,,23
2003-04-08 14:00:00,,22
2003-04-08 14:00:00,,24
2003-04-08 14:00:00,,21
2003-04-08 14:00:00,,19
2003-04-08 14:00:00,,20
2003-04-09 01:00:00,,7
2003-04-09 01:00:00,,10
2003-04-09 01:00:00,,12
2003-04-09 01:00:00,,8
2003-04-09 01:00:00,,11
2003-04-09 01:00:00,,9
2003-04-09 02:00:00,,16
2003-04-09 02:00:00,,13
2003-04-09 02:00:00,,14
2003-04-09 02:00:00,,17
2003-04-09 02:00:00,,15
2003-04-09 02:00:00,,18
2003-04-09 03:00:00,,6
2003-04-09 03:00:00,,1
2003-04-09 03:00:00,,2
2003-04-09 03:00:00,,4
2003-04-09 03:00:00,,3
2003-04-09 03:00:00,,5
2003-04-09 15:00:00,,24
2003-04-09 15:00:00,,20
2003-04-09 15:00:00,,22
2003-04-09 15:00:00,,19
2003-04-09 15:00:00,,23
2003-04-09 15:00:00,,21
2003-04-10 02:00:00,,10
2003-04-10 02:00:00,,7
2003-04-10 02:00:00,,8
2003-04-10 02:00:00,,11
2003-04-10 02:00:00,,12
2003-04-10 02:00:00,,9
2003-04-10 03:00:00,,16
2003-04-10 03:00:00,,15
2003-04-10 03:00:00,,13
2003-04-10 03:00:00,,17
2003-04-10 03:00:00,,18
2003-04-10 03:00:00,,14
2003-04-10 04:00:00,,4
2003-04-10 04:00:00,,2
2003-04-10 04:00:00,,1
2003-04-10 04:00:00,,5
2003-04-10 04:00:00,,6
2003-04-10 04:00:00,,3
2003-04-10 16:00:00,,21
2003-04-10 16:00:00,,24
2003-04-10 16:00:00,,19
2003-04-10 16:00:00,,20
2003-04-10 16:00:00,,23
2003-04-10 16:00:00,,22
2003-04-11 03:00:00,,9
2003-04-11 03:00:00,,11
2003-04-11 03:00:00,,10
2003-04-11 03:00:00,,12
2003-04-11 03:00:00,,7
2003-04-11 03:00:00,,8
2003-04-11 04:00:00,,18
2003-04-11 04:00:00,,16
2003-04-11 04:00:00,,14
2003-04-11 04:00:00,,17
2003-04-11 04:00:00,,15
2003-04-11 04:00:00,,13
2003-04-11 05:00:00,,6
2003-04-11 05:00:00,,5
2003-04-11 05:00:00,,4
2003-04-11 05:00:00,,3
2003-04-11 05:00:00,,2
2003-04-11 05:00:00,,1
2003-04-11 17:00:00,,24
2003-04-11 17:00:00,,21
2003-04-11 17:00:00,,22
2003-04-11 17:00:00,,19
2003-04-11 17:00:00,,23
2003-04-11 17:00:00,,20
2003-04-12 04:00:00,,7
2003-04-12 04:00:00,,9
2003-04-12 04:00:00,,8
2003-04-12 04:00:00,,10
2003-04-12 04:00:00,,12
2003-04-12 04:00:00,,11
2003-04-12 05:00:00,,18
2003-04-12 05:00:00,,17
2003-04-12 05:00:00,,16
2003-04-12 05:00:00,,14
2003-04-12 05:00:00,,15
2003-04-12 05:00:00,,13
2003-04-12 06:00:00,,4
2003-04-12 06:00:00,,1
2003-04-12 06:00:00,,2
2003-04-12 06:00:00,,5
2003-04-12 06:00:00,,3
2003-04-12 06:00:00,,6
2003-04-12 18:00:00,,19
2003-04-12 18:00:00,,23
2003-04-12 18:00:00,,20
2003-04-12 18:00:00,,21
2003-04-12 18:00:00,,22
2003-04-12 18:00:00,,24
2003-04-13 05:00:00,,7
2003-04-13 05:00:00,,8
2003-04-13 05:00:00,,10
2003-04-13 05:00:00,,11
2003-04-13 05:00:00,,12
2003-04-13 05:00:00,,9
2003-04-13 06:00:00,,15
2003-04-13 06:00:00,,16
2003-04-13 06:00:00,,14
2003-04-13 06:00:00,,13
2003-04-13 06:00:00,,18
2003-04-13 06:00:00,,17
2003-04-13 07:00:00,,5
2003-04-13 07:00:00,,3
2003-04-13 07:00:00,,2
2003-04-13 07:00:00,,1
2003-04-13 07:00:00,,4
2003-04-13 07:00:00,,6
2003-04-13 19:00:00,,23
2003-04-13 19:00:00,,24
2003-04-13 19:00:00,,19
2003-04-13 19:00:00,,20
2003-04-13 19:00:00,,22
2003-04-13 19:00:00,,21
2003-04-14 06:00:00,,8
2003-04-14 06:00:00,,9
2003-04-14 06:00:00,,10
2003-04-14 06:00:00,,12
2003-04-14 06:00:00,,7
2003-04-14 06:00:00,,11
2003-04-14 07:00:00,,15
2003-04-14 07:00:00,,13
2003-04-14 07:00:00,,16
2003-04-14 07:00:00,,14
2003-04-14 07:00:00,,18
2003-04-14 07:00:00,,17
2003-04-14 08:00:00,,6
2003-04-14 08:00:00,,4
2003-04-14 08:00:00,,5
2003-04-14 08:00:00,,2
2003-04-14 08:00:00,,1
2003-04-14 08:00:00,,3
2003-04-14 20:00:00,,22
2003-04-14 20:00:00,,20
2003-04-14 20:00:00,,24
2003-04-14 20:00:00,,19
2003-04-14 20:00:00,,23
2003-04-14 20:00:00,,21
2003-04-15 07:00:00,,10
2003-04-15 07:00:00,,12
2003-04-15 07:00:00,,8
2003-04-15 07:00:00,,9
2003-04-15 07:00:00,,11
2003-04-15 07:00:00,,7
2003-04-15 08:00:00,,17
2003-04-15 08:00:00,,18
2003-04-15 08:00:00,,16
2003-04-15 08:00:00,,14
2003-04-15 08:00:00,,13
2003-04-15 08:00:00,,15
2003-04-15 09:00:00,,4
2003-04-15 09:00:00,,5
2003-04-15 09:00:00,,6
2003-04-15 09:00:00,,1
2003-04-15 09:00:00,,3
2003-04-15 09:00:00,,2
2003-04-15 21:00:00,,20
2003-04-15 21:00:00,,19
2003-04-15 21:00:00,,24
2003-04-15 21:00:00,,21
2003-04-15 21:00:00,,22
2003-04-15 21:00:00,,23
2003-04-16 08:00:00,,11
2003-04-16 08:00:00,,8
2003-04-16 08:00:00,,10
2003-04-16 08:00:00,,7
2003-04-16 08:00:00,,12
2003-04-16 08:00:00,,9
2003-04-16 09:00:00,,13
2003-04-16 09:00:00,,14
2003-04-16 09:00:00,,17
2003-04-16 09:00:00,,15
2003-04-16 09:00:00,,18
2003-04-16 09:00:00,,16
2003-04-16 10:00:00,,1
2003-04-16 10:00:00,,4
2003-04-16 10:00:00,,5
2003-04-16 10:00:00,,2
2003-04-16 10:00:00,,6
2003-04-16 10:00:00,,3
2003-04-16 22:00:00,,24
2003-04-16 22:00:00,,22
2003-04-16 22:00:00,,20
2003-04-16 22:00:00,,19
2003-04-16 22:00:00,,21
2003-04-16 22:00:00,,23
2003-04-17 09:00:00,,11
2003-04-17 09:00:00,,7
2003-04-17 09:00:00,,12
2003-04-17 09:00:00,,9
2003-04-17 09:00:00,,8
2003-04-17 09:00:00,,10
2003-04-17 11:00:00,,2
2003-04-17 11:00:00,,1
2003-04-17 11:00:00,,6
2003-04-17 11:00:00,,3
2003-04-17 11:00:00,,4
2003-04-17 11:00:00,,5
2003-04-17 23:00:00,,19
2003-04-17 23:00:00,,20
2003-04-17 23:00:00,,24
2003-04-17 23:00:00,,21
2003-04-17 23:00:00,,23
2003-04-17 23:00:00,,22
2003-04-18 00:00:00,,22
2003-04-18 00:00:00,,21
2003-04-18 00:00:00,,19
2003-04-18 00:00:00,,24
2003-04-18 00:00:00,,20
2003-04-18 00:00:00,,23
2003-04-18 10:00:00,,9
2003-04-18 10:00:00,,8
2003-04-18 10:00:00,,10
2003-04-18 10:00:00,,7
2003-04-18 10:00:00,,12
2003-04-18 10:00:00,,11
2003-04-18 12:00:00,,5
2003-04-18 12:00:00,,4
2003-04-18 12:00:00,,3
2003-04-18 12:00:00,,1
2003-04-18 12:00:00,,2
2003-04-18 12:00:00,,6
2003-04-19 01:00:00,,20
2003-04-19 01:00:00,,24
2003-04-19 01:00:00,,19
2003-04-19 01:00:00,,23
2003-04-19 01:00:00,,21
2003-04-19 01:00:00,,22
2003-04-19 11:00:00,,10
2003-04-19 11:00:00,,9
2003-04-19 11:00:00,,11
2003-04-19 11:00:00,,12
2003-04-19 11:00:00,,7
2003-04-19 11:00:00,,8
2003-04-19 13:00:00,,5
2003-04-19 13:00:00,,6
2003-04-19 13:00:00,,1
2003-04-19 13:00:00,,3
2003-04-19 13:00:00,,4
2003-04-19 13:00:00,,2
2003-04-20 02:00:00,,22
2003-04-20 02:00:00,,20
2003-04-20 02:00:00,,23
2003-04-20 02:00:00,,24
2003-04-20 02:00:00,,21
2003-04-20 02:00:00,,19
2003-04-20 12:00:00,,8
2003-04-20 12:00:00,,9
2003-04-20 12:00:00,,7
2003-04-20 12:00:00,,11
2003-04-20 12:00:00,,12
2003-04-20 12:00:00,,10
2003-04-20 14:00:00,,2
2003-04-20 14:00:00,,3
2003-04-20 14:00:00,,6
2003-04-20 14:00:00,,5
2003-04-20 14:00:00,,4
2003-04-20 14:00:00,,1
2003-04-21 03:00:00,,22
2003-04-21 03:00:00,,19
2003-04-21 03:00:00,,24
2003-04-21 03:00:00,,23
2003-04-21 03:00:00,,20
2003-04-21 03:00:00,,21
2003-04-21 13:00:00,,12
2003-04-21 13:00:00,,8
2003-04-21 13:00:00,,11
2003-04-21 13:00:00,,10
2003-04-21 13:00:00,,7
2003-04-21 13:00:00,,9
2003-04-21 15:00:00,,2
2003-04-21 15:00:00,,6
2003-04-21 15:00:00,,5
2003-04-21 15:00:00,,1
2003-04-21 15:00:00,,3
2003-04-21 15:00:00,,4
2003-04-22 04:00:00,,23
2003-04-22 04:00:00,,21
2003-04-22 04:00:00,,20
2003-04-22 04:00:00,,24
2003-04-22 04:00:00,,19
2003-04-22 04:00:00,,22
2003-04-22 14:00:00,,9
2003-04-22 14:00:00,,10
2003-04-22 14:00:00,,8
2003-04-22 14:00:00,,11
2003-04-22 14:00:00,,7
2003-04-22 14:00:00,,12
2003-04-22 16:00:00,,1
2003-04-22 16:00:00,,6
2003-04-22 16:00:00,,2
2003-04-22 16:00:00,,4
2003-04-22 16:00:00,,5
2003-04-22 16:00:00,,3
2003-04-23 05:00:00,,22
2003-04-23 05:00:00,,21
2003-04-23 05:00:00,,19
2003-04-23 05:00:00,,24
2003-04-23 05:00:00,,23
2003-04-23 05:00:00,,20
2003-04-23 15:00:00,,7
2003-04-23 15:00:00,,11
2003-04-23 15:00:00,,9
2003-04-23 15:00:00,,10
2003-04-23 15:00:00,,8
2003-04-23 15:00:00,,12
2003-04-23 17:00:00,,4
2003-04-23 17:00:00,,6
2003-04-23 17:00:00,,5
2003-04-23 17:00:00,,3
2003-04-23 17:00:00,,1
2003-04-23 17:00:00,,2
2003-04-24 06:00:00,,23
2003-04-24 06:00:00,,24
2003-04-24 06:00:00,,19
2003-04-24 06:00:00,,21
2003-04-24 06:00:00,,20
2003-04-24 06:00:00,,22
2003-04-24 16:00:00,,11
2003-04-24 16:00:00,,12
2003-04-24 16:00:00,,8
2003-04-24 16:00:00,,9
2003-04-24 16:00:00,,7
2003-04-24 16:00:00,,10
2003-04-24 18:00:00,,5
2003-04-24 18:00:00,,4
2003-04-24 18:00:00,,6
2003-04-24 18:00:00,,3
2003-04-24 18:00:00,,2
2003-04-24 18:00:00,,1
2003-04-25 07:00:00,,19
2003-04-25 07:00:00,,21
2003-04-25 07:00:00,,24
2003-04-25 07:00:00,,23
2003-04-25 07:00:00,,22
2003-04-25 07:00:00,,20
2003-04-25 17:00:00,,10
2003-04-25 17:00:00,,11
2003-04-25 17:00:00,,8
2003-04-25 17:00:00,,7
2003-04-25 17:00:00,,9
2003-04-25 17:00:00,,12
2003-04-25 19:00:00,,5
2003-04-25 19:00:00,,6
2003-04-25 19:00:00,,1
2003-04-25 19:00:00,,3
2003-04-25 19:00:00,,2
2003-04-25 19:00:00,,4
2003-04-26 08:00:00,,20
2003-04-26 08:00:00,,24
2003-04-26 08:00:00,,21
2003-04-26 08:00:00,,19
2003-04-26 08:00:00,,22
2003-04-26 08:00:00,,23
2003-04-26 10:00:00,,15
2003-04-26 10:00:00,,18
2003-04-26 10:00:00,,16
2003-04-26 10:00:00,,14
2003-04-26 10:00:00,,17
2003-04-26 10:00:00,,13
2003-04-26 18:00:00,,12
2003-04-26 18:00:00,,9
2003-04-26 18:00:00,,7
2003-04-26 18:00:00,,11
2003-04-26 18:00:00,,10
2003-04-26 18:00:00,,8
2003-04-26 20:00:00,,5
2003-04-26 20:00:00,,2
2003-04-26 20:00:00,,6
2003-04-26 20:00:00,,3
2003-04-26 20:00:00,,1
2003-04-26 20:00:00,,4
2003-04-27 09:00:00,,24
2003-04-27 09:00:00,,21
2003-04-27 09:00:00,,23
2003-04-27 09:00:00,,20
2003-04-27 09:00:00,,22
2003-04-27 09:00:00,,19
2003-04-27 11:00:00,,18
2003-04-27 11:00:00,,17
2003-04-27 11:00:00,,14
2003-04-27 11:00:00,,16
2003-04-27 11:00:00,,13
2003-04-27 11:00:00,,15
2003-04-27 19:00:00,,11
2003-04-27 19:00:00,,8
2003-04-27 19:00:00,,10
2003-04-27 19:00:00,,12
2003-04-27 19:00:00,,7
2003-04-27 19:00:00,,9
2003-04-27 21:00:00,,4
2003-04-27 21:00:00,,1
2003-04-27 21:00:00,,3
2003-04-27 21:00:00,,2
2003-04-27 21:00:00,,6
2003-04-27 21:00:00,,5
2003-04-28 10:00:00,,21
2003-04-28 10:00:00,,20
2003-04-28 10:00:00,,24
2003-04-28 10:00:00,,23
2003-04-28 10:00:00,,19
2003-04-28 10:00:00,,22
2003-04-28 12:00:00,,18
2003-04-28 12:00:00,,13
2003-04-28 12:00:00,,17
2003-04-28 12:00:00,,14
2003-04-28 12:00:00,,16
2003-04-28 12:00:00,,15
2003-04-28 20:00:00,,9
2003-04-28 20:00:00,,8
2003-04-28 20:00:00,,11
2003-04-28 20:00:00,,12
2003-04-28 20:00:00,,10
2003-04-28 20:00:00,,7
2003-04-28 22:00:00,,4
2003-04-28 22:00:00,,2
2003-04-28 22:00:00,,1
2003-04-28 22:00:00,,5
2003-04-28 22:00:00,,6
2003-04-28 22:00:00,,3
2003-04-29 11:00:00,,19
2003-04-29 11:00:00,,21
2003-04-29 11:00:00,,22
2003-04-29 11:00:00,,24
2003-04-29 11:00:00,,23
2003-04-29 11:00:00,,20
2003-04-29 13:00:00,,14
2003-04-29 13:00:00,,16
2003-04-29 13:00:00,,17
2003-04-29 13:00:00,,18
2003-04-29 13:00:00,,15
2003-04-29 13:00:00,,13
2003-04-29 21:00:00,,7
2003-04-29 21:00:00,,8
2003-04-29 21:00:00,,12
2003-04-29 21:00:00,,10
2003-04-29 21:00:00,,11
2003-04-29 21:00:00,,9
2003-04-29 23:00:00,,5
2003-04-29 23:00:00,,4
2003-04-29 23:00:00,,2
2003-04-29 23:00:00,,6
2003-04-29 23:00:00,,3
2003-04-29 23:00:00,,1
2003-05-01 00:00:00,,3
2003-05-01 00:00:00,,6
2003-05-01 00:00:00,,1
2003-05-01 00:00:00,,5
2003-05-01 00:00:00,,2
2003-05-01 00:00:00,,4
2003-05-01 12:00:00,,22
2003-05-01 12:00:00,,21
2003-05-01 12:00:00,,19
2003-05-01 12:00:00,,24
2003-05-01 12:00:00,,23
2003-05-01 12:00:00,,20
2003-05-01 14:00:00,,13
2003-05-01 14:00:00,,17
2003-05-01 14:00:00,,16
2003-05-01 14:00:00,,15
2003-05-01 14:00:00,,18
2003-05-01 14:00:00,,14
2003-05-01 22:00:00,,8
2003-05-01 22:00:00,,7
2003-05-01 22:00:00,,12
2003-05-01 22:00:00,,9
2003-05-01 22:00:00,,10
2003-05-01 22:00:00,,11
2003-05-02 01:00:00,,5
2003-05-02 01:00:00,,6
2003-05-02 01:00:00,,3
2003-05-02 01:00:00,,1
2003-05-02 01:00:00,,4
2003-05-02 01:00:00,,2
2003-05-02 13:00:00,,22
2003-05-02 13:00:00,,19
2003-05-02 13:00:00,,23
2003-05-02 13:00:00,,20
2003-05-02 13:00:00,,24
2003-05-02 13:00:00,,21
2003-05-02 15:00:00,,17
2003-05-02 15:00:00,,14
2003-05-02 15:00:00,,13
2003-05-02 15:00:00,,18
2003-05-02 15:00:00,,16
2003-05-02 15:00:00,,15
2003-05-02 23:00:00,,11
2003-05-02 23:00:00,,8
2003-05-02 23:00:00,,12
2003-05-02 23:00:00,,10
2003-05-02 23:00:00,,7
2003-05-02 23:00:00,,9
2003-05-03 00:00:00,,8
2003-05-03 00:00:00,,9
2003-05-03 00:00:00,,10
2003-05-03 00:00:00,,11
2003-05-03 00:00:00,,7
2003-05-03 00:00:00,,12
2003-05-03 02:00:00,,3
2003-05-03 02:00:00,,4
2003-05-03 02:00:00,,2
2003-05-03 02:00:00,,1
2003-05-03 02:00:00,,5
2003-05-03 02:00:00,,6
2003-05-03 14:00:00,,23
2003-05-03 14:00:00,,20
2003-05-03 14:00:00,,21
2003-05-03 14:00:00,,24
2003-05-03 14:00:00,,22
2003-05-03 14:00:00,,19
2003-05-03 16:00:00,,17
2003-05-03 16:00:00,,16
2003-05-03 16:00:00,,18
2003-05-03 16:00:00,,14
2003-05-03 16:00:00,,15
2003-05-03 16:00:00,,13
2003-05-04 01:00:00,,10
2003-05-04 01:00:00,,8
2003-05-04 01:00:00,,9
2003-05-04 01:00:00,,7
2003-05-04 01:00:00,,12
2003-05-04 01:00:00,,11
2003-05-04 03:00:00,,2
2003-05-04 03:00:00,,4
2003-05-04 03:00:00,,6
2003-05-04 03:00:00,,5
2003-05-04 03:00:00,,1
2003-05-04 03:00:00,,3
2003-05-04 15:00:00,,19
2003-05-04 15:00:00,,20
2003-05-04 15:00:00,,24
2003-05-04 15:00:00,,23
2003-05-04 15:00:00,,21
2003-05-04 15:00:00,,22
2003-05-04 17:00:00,,13
2003-05-04 17:00:00,,14
2003-05-04 17:00:00,,16
2003-05-04 17:00:00,,15
2003-05-04 17:00:00,,18
2003-05-04 17:00:00,,17
2003-05-05 02:00:00,,11
2003-05-05 02:00:00,,8
2003-05-05 02:00:00,,12
2003-05-05 02:00:00,,7
2003-05-05 02:00:00,,10
2003-05-05 02:00:00,,9
2003-05-05 04:00:00,,3
2003-05-05 04:00:00,,6
2003-05-05 04:00:00,,1
2003-05-05 04:00:00,,2
2003-05-05 04:00:00,,5
2003-05-05 04:00:00,,4
2003-05-05 16:00:00,,22
2003-05-05 16:00:00,,21
2003-05-05 16:00:00,,23
2003-05-05 16:00:00,,24
2003-05-05 16:00:00,,19
2003-05-05 16:00:00,,20
2003-05-05 18:00:00,,14
2003-05-05 18:00:00,,16
2003-05-05 18:00:00,,18
2003-05-05 18:00:00,,17
2003-05-05 18:00:00,,15
2003-05-05 18:00:00,,13
2003-05-06 03:00:00,,10
2003-05-06 03:00:00,,8
2003-05-06 03:00:00,,12
2003-05-06 03:00:00,,7
2003-05-06 03:00:00,,11
2003-05-06 03:00:00,,9
2003-05-06 05:00:00,,4
2003-05-06 05:00:00,,5
2003-05-06 05:00:00,,2
2003-05-06 05:00:00,,1
2003-05-06 05:00:00,,3
2003-05-06 05:00:00,,6
2003-05-06 17:00:00,,23
2003-05-06 17:00:00,,21
2003-05-06 17:00:00,,19
2003-05-06 17:00:00,,24
2003-05-06 17:00:00,,20
2003-05-06 17:00:00,,22
2003-05-06 19:00:00,,14
2003-05-06 19:00:00,,17
2003-05-06 19:00:00,,13
2003-05-06 19:00:00,,15
2003-05-06 19:00:00,,18
2003-05-06 19:00:00,,16
2003-05-07 04:00:00,,9
2003-05-07 04:00:00,,8
2003-05-07 04:00:00,,10
2003-05-07 04:00:00,,7
2003-05-07 04:00:00,,12
2003-05-07 04:00:00,,11
2003-05-07 06:00:00,,1
2003-05-07 06:00:00,,5
2003-05-07 06:00:00,,3
2003-05-07 06:00:00,,4
2003-05-07 06:00:00,,2
2003-05-07 06:00:00,,6
2003-05-07 18:00:00,,24
2003-05-07 18:00:00,,23
2003-05-07 18:00:00,,19
2003-05-07 18:00:00,,21
2003-05-07 18:00:00,,22
2003-05-07 18:00:00,,20
2003-05-07 20:00:00,,18
2003-05-07 20:00:00,,14
2003-05-07 20:00:00,,15
2003-05-07 20:00:00,,13
2003-05-07 20:00:00,,16
2003-05-07 20:00:00,,17
2003-05-08 05:00:00,,11
2003-05-08 05:00:00,,12
2003-05-08 05:00:00,,9
2003-05-08 05:00:00,,7
2003-05-08 05:00:00,,10
2003-05-08 05:00:00,,8
2003-05-08 07:00:00,,5
2003-05-08 07:00:00,,1
2003-05-08 07:00:00,,3
2003-05-08 07:00:00,,4
2003-05-08 07:00:00,,6
2003-05-08 07:00:00,,2
2003-05-08 19:00:00,,20
2003-05-08 19:00:00,,19
2003-05-08 19:00:00,,24
2003-05-08 19:00:00,,23
2003-05-08 19:00:00,,21
2003-05-08 19:00:00,,22
2003-05-08 21:00:00,,14
2003-05-08 21:00:00,,17
2003-05-08 21:00:00,,16
2003-05-08 21:00:00,,18
2003-05-08 21:00:00,,15
2003-05-08 21:00:00,,13
2003-05-09 06:00:00,,9
2003-05-09 06:00:00,,10
2003-05-09 06:00:00,,7
2003-05-09 06:00:00,,8
2003-05-09 06:00:00,,11
2003-05-09 06:00:00,,12
2003-05-09 08:00:00,,4
2003-05-09 08:00:00,,1
2003-05-09 08:00:00,,5
2003-05-09 08:00:00,,3
2003-05-09 08:00:00,,2
2003-05-09 08:00:00,,6
2003-05-09 20:00:00,,20
2003-05-09 20:00:00,,22
2003-05-09 20:00:00,,19
2003-05-09 20:00:00,,24
2003-05-09 20:00:00,,21
2003-05-09 20:00:00,,23
2003-05-09 22:00:00,,14
2003-05-09 22:00:00,,13
2003-05-09 22:00:00,,16
2003-05-09 22:00:00,,18
2003-05-09 22:00:00,,15
2003-05-09 22:00:00,,17
2003-05-10 07:00:00,,7
2003-05-10 07:00:00,,11
2003-05-10 07:00:00,,10
2003-05-10 07:00:00,,9
2003-05-10 07:00:00,,12
2003-05-10 07:00:00,,8
2003-05-10 09:00:00,,4
2003-05-10 09:00:00,,1
2003-05-10 09:00:00,,2
2003-05-10 09:00:00,,3
2003-05-10 09:00:00,,5
2003-05-10 09:00:00,,6
2003-05-10 21:00:00,,24
2003-05-10 21:00:00,,20
2003-05-10 21:00:00,,23
2003-05-10 21:00:00,,21
2003-05-10 21:00:00,,19
2003-05-10 21:00:00,,22
2003-05-10 23:00:00,,18
2003-05-10 23:00:00,,14
2003-05-10 23:00:00,,17
2003-05-10 23:00:00,,13
2003-05-10 23:00:00,,16
2003-05-10 23:00:00,,15
2003-05-11 00:00:00,,18
2003-05-11 00:00:00,,17
2003-05-11 00:00:00,,13
2003-05-11 00:00:00,,16
2003-05-11 00:00:00,,15
2003-05-11 00:00:00,,14
2003-05-11 08:00:00,,8
2003-05-11 08:00:00,,10
2003-05-11 08:00:00,,9
2003-05-11 08:00:00,,11
2003-05-11 08:00:00,,7
2003-05-11 08:00:00,,12
2003-05-11 10:00:00,,5
2003-05-11 10:00:00,,6
2003-05-11 10:00:00,,3
2003-05-11 10:00:00,,1
2003-05-11 10:00:00,,2
2003-05-11 10:00:00,,4
2003-05-11 22:00:00,,21
2003-05-11 22:00:00,,22
2003-05-11 22:00:00,,23
2003-05-11 22:00:00,,20
2003-05-11 22:00:00,,19
2003-05-11 22:00:00,,24
2003-05-12 01:00:00,,18
2003-05-12 01:00:00,,16
2003-05-12 01:00:00,,13
2003-05-12 01:00:00,,14
2003-05-12 01:00:00,,17
2003-05-12 01:00:00,,15
2003-05-12 09:00:00,,8
2003-05-12 09:00:00,,10
2003-05-12 09:00:00,,11
2003-05-12 09:00:00,,9
2003-05-12 09:00:00,,12
2003-05-12 09:00:00,,7
2003-05-12 11:00:00,,5
2003-05-12 11:00:00,,3
2003-05-12 11:00:00,,1
2003-05-12 11:00:00,,6
2003-05-12 11:00:00,,2
2003-05-12 11:00:00,,4
2003-05-12 23:00:00,,19
2003-05-12 23:00:00,,22
2003-05-12 23:00:00,,23
2003-05-12 23:00:00,,24
2003-05-12 23:00:00,,21
2003-05-12 23:00:00,,20
2003-05-13 00:00:00,,22
2003-05-13 00:00:00,,24
2003-05-13 00:00:00,,19
2003-05-13 00:00:00,,21
2003-05-13 00:00:00,,20
2003-05-13 00:00:00,,23
2003-05-13 02:00:00,,16
2003-05-13 02:00:00,,15
2003-05-13 02:00:00,,13
2003-05-13 02:00:00,,17
2003-05-13 02:00:00,,18
2003-05-13 02:00:00,,14
2003-05-13 10:00:00,,12
2003-05-13 10:00:00,,10
2003-05-13 10:00:00,,11
2003-05-13 10:00:00,,9
2003-05-13 10:00:00,,8
2003-05-13 10:00:00,,7
2003-05-13 12:00:00,,1
2003-05-13 12:00:00,,3
2003-05-13 12:00:00,,5
2003-05-13 12:00:00,,2
2003-05-13 12:00:00,,4
2003-05-13 12:00:00,,6
2003-05-15 01:00:00,,21
2003-05-15 01:00:00,,20
2003-05-15 01:00:00,,24
2003-05-15 01:00:00,,19
2003-05-15 01:00:00,,23
2003-05-15 01:00:00,,22
2003-05-15 03:00:00,,16
2003-05-15 03:00:00,,15
2003-05-15 03:00:00,,17
2003-05-15 03:00:00,,18
2003-05-15 03:00:00,,13
2003-05-15 03:00:00,,14
2003-05-15 11:00:00,,9
2003-05-15 11:00:00,,10
2003-05-15 11:00:00,,12
2003-05-15 11:00:00,,11
2003-05-15 11:00:00,,7
2003-05-15 11:00:00,,8
2003-05-15 13:00:00,,1
2003-05-15 13:00:00,,2
2003-05-15 13:00:00,,6
2003-05-15 13:00:00,,3
2003-05-15 13:00:00,,5
2003-05-15 13:00:00,,4
2003-05-16 02:00:00,,24
2003-05-16 02:00:00,,23
2003-05-16 02:00:00,,22
2003-05-16 02:00:00,,21
2003-05-16 02:00:00,,19
2003-05-16 02:00:00,,20
2003-05-16 04:00:00,,14
2003-05-16 04:00:00,,15
2003-05-16 04:00:00,,18
2003-05-16 04:00:00,,17
2003-05-16 04:00:00,,13
2003-05-16 04:00:00,,16
2003-05-16 12:00:00,,7
2003-05-16 12:00:00,,10
2003-05-16 12:00:00,,12
2003-05-16 12:00:00,,9
2003-05-16 12:00:00,,8
2003-05-16 12:00:00,,11
2003-05-16 14:00:00,,4
2003-05-16 14:00:00,,5
2003-05-16 14:00:00,,2
2003-05-16 14:00:00,,6
2003-05-16 14:00:00,,3
2003-05-16 14:00:00,,1
2003-05-17 03:00:00,,20
2003-05-17 03:00:00,,24
2003-05-17 03:00:00,,21
2003-05-17 03:00:00,,23
2003-05-17 03:00:00,,19
2003-05-17 03:00:00,,22
2003-05-17 05:00:00,,15
2003-05-17 05:00:00,,13
2003-05-17 05:00:00,,14
2003-05-17 05:00:00,,18
2003-05-17 05:00:00,,17
2003-05-17 05:00:00,,16
2003-05-17 13:00:00,,12
2003-05-17 13:00:00,,10
2003-05-17 13:00:00,,8
2003-05-17 13:00:00,,9
2003-05-17 13:00:00,,11
2003-05-17 13:00:00,,7
2003-05-17 15:00:00,,5
2003-05-17 15:00:00,,6
2003-05-17 15:00:00,,1
2003-05-17 15:00:00,,4
2003-05-17 15:00:00,,3
2003-05-17 15:00:00,,2
2003-05-18 04:00:00,,22
2003-05-18 04:00:00,,19
2003-05-18 04:00:00,,21
2003-05-18 04:00:00,,24
2003-05-18 04:00:00,,23
2003-05-18 04:00:00,,20
2003-05-18 06:00:00,,13
2003-05-18 06:00:00,,16
2003-05-18 06:00:00,,17
2003-05-18 06:00:00,,14
2003-05-18 06:00:00,,15
2003-05-18 06:00:00,,18
2003-05-18 14:00:00,,11
2003-05-18 14:00:00,,9
2003-05-18 14:00:00,,10
2003-05-18 14:00:00,,7
2003-05-18 14:00:00,,8
2003-05-18 14:00:00,,12
2003-05-18 16:00:00,,6
2003-05-18 16:00:00,,2
2003-05-18 16:00:00,,3
2003-05-18 16:00:00,,1
2003-05-18 16:00:00,,5
2003-05-18 16:00:00,,4
2003-05-19 05:00:00,,24
2003-05-19 05:00:00,,19
2003-05-19 05:00:00,,21
2003-05-19 05:00:00,,23
2003-05-19 05:00:00,,20
2003-05-19 05:00:00,,22
2003-05-19 07:00:00,,13
2003-05-19 07:00:00,,18
2003-05-19 07:00:00,,17
2003-05-19 07:00:00,,16
2003-05-19 07:00:00,,14
2003-05-19 07:00:00,,15
2003-05-19 15:00:00,,12
2003-05-19 15:00:00,,8
2003-05-19 15:00:00,,10
2003-05-19 15:00:00,,11
2003-05-19 15:00:00,,7
2003-05-19 15:00:00,,9
2003-05-19 17:00:00,,2
2003-05-19 17:00:00,,6
2003-05-19 17:00:00,,1
2003-05-19 17:00:00,,4
2003-05-19 17:00:00,,5
2003-05-19 17:00:00,,3
2003-05-20 06:00:00,,19
2003-05-20 06:00:00,,20
2003-05-20 06:00:00,,24
2003-05-20 06:00:00,,22
2003-05-20 06:00:00,,23
2003-05-20 06:00:00,,21
2003-05-20 08:00:00,,18
2003-05-20 08:00:00,,14
2003-05-20 08:00:00,,16
2003-05-20 08:00:00,,17
2003-05-20 08:00:00,,13
2003-05-20 08:00:00,,15
2003-05-20 16:00:00,,8
2003-05-20 16:00:00,,9
2003-05-20 16:00:00,,11
2003-05-20 16:00:00,,12
2003-05-20 16:00:00,,10
2003-05-20 16:00:00,,7
2003-05-20 18:00:00,,3
2003-05-20 18:00:00,,6
2003-05-20 18:00:00,,2
2003-05-20 18:00:00,,1
2003-05-20 18:00:00,,5
2003-05-20 18:00:00,,4
2003-07-10 07:00:00,6407.4,20
2003-07-10 07:00:00,6312.8,19
2003-07-10 07:00:00,5644.2,22
2003-07-10 07:00:00,4880.8,23
2003-07-10 07:00:00,4666.7,24
2003-07-10 07:00:00,5754.2,21
2003-07-10 09:00:00,5397.5,16
2003-07-10 09:00:00,5129.3,18
2003-07-10 09:00:00,5121.5,15
2003-07-10 09:00:00,4947.3,17
2003-07-10 09:00:00,3855.2,13
2003-07-10 09:00:00,,14
2003-07-10 17:00:00,5230.4,11
2003-07-10 17:00:00,5363.7,10
2003-07-10 17:00:00,5506.1,9
2003-07-10 17:00:00,5955.0,8
2003-07-10 17:00:00,5112.0,7
2003-07-10 17:00:00,4609.3,12
2003-07-10 19:00:00,6290.6,5
2003-07-10 19:00:00,4383.8,1
2003-07-10 19:00:00,4453.1,2
2003-07-10 19:00:00,4562.2,3
2003-07-10 19:00:00,6331.1,6
2003-07-10 19:00:00,4497.7,4
2003-07-17 08:00:00,6407.6,20
2003-07-17 08:00:00,5764.2,21
2003-07-17 08:00:00,6306.0,19
2003-07-17 08:00:00,4887.5,23
2003-07-17 08:00:00,4668.5,24
2003-07-17 08:00:00,5651.5,22
2003-07-17 10:00:00,3877.9,13
2003-07-17 10:00:00,5398.7,16
2003-07-17 10:00:00,5122.7,15
2003-07-17 10:00:00,4958.1,17
2003-07-17 10:00:00,5139.3,18
2003-07-17 10:00:00,,14
2003-07-17 18:00:00,5114.1,7
2003-07-17 18:00:00,5367.2,10
2003-07-17 18:00:00,5506.7,9
2003-07-17 18:00:00,4611.8,12
2003-07-17 18:00:00,5961.0,8
2003-07-17 18:00:00,5233.5,11
2003-07-17 20:00:00,4499.4,4
2003-07-17 20:00:00,4394.9,1
2003-07-17 20:00:00,6338.6,6
2003-07-17 20:00:00,6288.8,5
2003-07-17 20:00:00,4565.0,3
2003-07-17 20:00:00,4470.9,2
2003-07-23 09:00:00,6296.0,19
2003-07-23 09:00:00,6398.2,20
2003-07-23 09:00:00,4885.8,23
2003-07-23 09:00:00,5759.4,21
2003-07-23 09:00:00,4665.2,24
2003-07-23 09:00:00,5648.5,22
2003-07-23 11:00:00,5119.3,15
2003-07-23 11:00:00,5139.0,18
2003-07-23 11:00:00,3871.7,13
2003-07-23 11:00:00,5395.8,16
2003-07-23 11:00:00,,14
2003-07-23 11:00:00,4957.9,17
2003-07-23 19:00:00,5227.7,11
2003-07-23 19:00:00,5492.7,9
2003-07-23 19:00:00,5107.5,7
2003-07-23 19:00:00,5954.3,8
2003-07-23 19:00:00,5355.4,10
2003-07-23 19:00:00,4606.5,12
2003-07-23 21:00:00,4384.7,1
2003-07-23 21:00:00,6315.1,6
2003-07-23 21:00:00,4489.7,4
2003-07-23 21:00:00,6269.8,5
2003-07-23 21:00:00,4458.1,2
2003-07-23 21:00:00,4557.2,3
2003-08-08 10:00:00,5649.7,22
2003-08-08 10:00:00,4890.4,23
2003-08-08 10:00:00,5763.0,21
2003-08-08 10:00:00,6400.8,20
2003-08-08 10:00:00,4666.8,24
2003-08-08 10:00:00,6293.1,19
2003-08-08 12:00:00,3921.3,13
2003-08-08 12:00:00,5145.4,18
2003-08-08 12:00:00,4963.5,17
2003-08-08 12:00:00,5402.1,16
2003-08-08 12:00:00,5126.8,15
2003-08-08 12:00:00,,14
2003-08-08 20:00:00,5231.2,11
2003-08-08 20:00:00,5985.6,8
2003-08-08 20:00:00,5502.6,9
2003-08-08 20:00:00,4610.4,12
2003-08-08 20:00:00,5367.8,10
2003-08-08 20:00:00,5127.0,7
2003-08-08 22:00:00,6281.6,5
2003-08-08 22:00:00,4385.0,1
2003-08-08 22:00:00,4458.0,2
2003-08-08 22:00:00,4562.6,3
2003-08-08 22:00:00,4494.2,4
2003-08-08 22:00:00,6329.2,6
2003-08-15 11:00:00,5653.8,22
2003-08-15 11:00:00,6293.2,19
2003-08-15 11:00:00,5768.3,21
2003-08-15 11:00:00,4893.4,23
2003-08-15 11:00:00,6400.1,20
2003-08-15 11:00:00,4666.8,24
2003-08-15 13:00:00,3921.3,13
2003-08-15 13:00:00,5152.0,18
2003-08-15 13:00:00,,14
2003-08-15 13:00:00,4967.5,17
2003-08-15 13:00:00,5131.5,15
2003-08-15 13:00:00,5405.6,16
2003-08-15 21:00:00,5226.6,11
2003-08-15 21:00:00,4607.3,12
2003-08-15 21:00:00,5981.8,8
2003-08-15 21:00:00,5502.9,9
2003-08-15 21:00:00,5361.8,10
2003-08-15 21:00:00,5124.7,7
2003-08-15 23:00:00,6319.0,6
2003-08-15 23:00:00,4492.7,4
2003-08-15 23:00:00,6265.8,5
2003-08-15 23:00:00,4456.2,2
2003-08-15 23:00:00,4382.1,1
2003-08-15 23:00:00,4559.6,3
2003-08-26 00:00:00,6285.6,5
2003-08-26 00:00:00,4498.2,4
2003-08-26 00:00:00,4382.7,1
2003-08-26 00:00:00,4564.3,3
2003-08-26 00:00:00,4456.4,2
2003-08-26 00:00:00,6336.1,6
2003-08-26 12:00:00,6402.8,20
2003-08-26 12:00:00,4668.5,24
2003-08-26 12:00:00,6293.9,19
2003-08-26 12:00:00,4896.3,23
2003-08-26 12:00:00,5772.6,21
2003-08-26 12:00:00,5654.5,22
2003-08-26 14:00:00,5416.4,16
2003-08-26 14:00:00,,14
2003-08-26 14:00:00,5143.3,15
2003-08-26 14:00:00,3925.2,13
2003-08-26 14:00:00,4977.7,17
2003-08-26 14:00:00,5164.0,18
2003-08-26 22:00:00,5232.5,11
2003-08-26 22:00:00,5511.2,9
2003-08-26 22:00:00,5982.2,8
2003-08-26 22:00:00,5389.2,10
2003-08-26 22:00:00,4615.3,12
2003-08-26 22:00:00,5127.7,7
2003-09-04 01:00:00,4492.3,4
2003-09-04 01:00:00,4457.3,2
2003-09-04 01:00:00,6258.5,5
2003-09-04 01:00:00,4557.6,3
2003-09-04 01:00:00,6310.9,6
2003-09-04 01:00:00,4383.7,1
2003-09-04 13:00:00,4896.5,23
2003-09-04 13:00:00,5653.3,22
2003-09-04 13:00:00,5770.2,21
2003-09-04 13:00:00,6396.6,20
2003-09-04 13:00:00,4666.5,24
2003-09-04 13:00:00,6291.2,19
2003-09-04 15:00:00,5913.3,16
2003-09-04 15:00:00,,14
2003-09-04 15:00:00,1979.5,17
2003-09-04 15:00:00,3923.4,13
2003-09-04 15:00:00,5167.2,18
2003-09-04 15:00:00,5138.6,15
2003-09-04 23:00:00,5507.9,9
2003-09-04 23:00:00,5980.6,8
2003-09-04 23:00:00,4608.9,12
2003-09-04 23:00:00,5362.9,10
2003-09-04 23:00:00,5227.5,11
2003-09-04 23:00:00,5123.4,7
2003-09-12 00:00:00,5122.9,7
2003-09-12 00:00:00,4611.4,12
2003-09-12 00:00:00,5978.9,8
2003-09-12 00:00:00,5366.0,10
2003-09-12 00:00:00,5229.9,11
2003-09-12 00:00:00,5512.0,9
2003-09-12 02:00:00,4559.7,3
2003-09-12 02:00:00,4459.6,2
2003-09-12 02:00:00,6312.6,6
2003-09-12 02:00:00,6262.6,5
2003-09-12 02:00:00,4494.3,4
2003-09-12 02:00:00,4385.4,1
2003-09-12 14:00:00,6398.4,20
2003-09-12 14:00:00,6291.5,19
2003-09-12 14:00:00,5772.2,21
2003-09-12 14:00:00,5653.9,22
2003-09-12 14:00:00,4667.6,24
2003-09-12 14:00:00,4899.1,23
2003-09-12 16:00:00,5143.4,15
2003-09-12 16:00:00,5924.1,16
2003-09-12 16:00:00,5172.6,18
2003-09-12 16:00:00,3923.2,13
2003-09-12 16:00:00,,14
2003-09-12 16:00:00,1984.7,17
2003-09-26 01:00:00,4607.7,12
2003-09-26 01:00:00,5360.1,10
2003-09-26 01:00:00,5119.6,7
2003-09-26 01:00:00,5226.1,11
2003-09-26 01:00:00,5508.5,9
2003-09-26 01:00:00,5976.9,8
2003-09-26 03:00:00,6304.2,6
2003-09-26 03:00:00,4445.9,2
2003-09-26 03:00:00,4378.8,1
2003-09-26 03:00:00,6254.7,5
2003-09-26 03:00:00,4483.4,4
2003-09-26 03:00:00,4552.3,3
2003-09-26 15:00:00,4667.6,24
2003-09-26 15:00:00,6395.9,20
2003-09-26 15:00:00,6290.0,19
2003-09-26 15:00:00,4899.9,23
2003-09-26 15:00:00,5654.4,22
2003-09-26 15:00:00,5772.0,21
2003-09-26 17:00:00,5172.1,18
2003-09-26 17:00:00,,14
2003-09-26 17:00:00,5140.0,15
2003-09-26 17:00:00,3919.2,13
2003-09-26 17:00:00,4984.3,17
2003-09-26 17:00:00,5412.3,16
2003-10-08 02:00:00,5131.1,7
2003-10-08 02:00:00,4605.0,12
2003-10-08 02:00:00,5595.5,9
2003-10-08 02:00:00,6181.1,8
2003-10-08 02:00:00,5223.8,11
2003-10-08 02:00:00,5403.3,10
2003-10-08 04:00:00,4470.1,4
2003-10-08 04:00:00,4432.5,2
2003-10-08 04:00:00,6222.6,5
2003-10-08 04:00:00,4542.7,3
2003-10-08 04:00:00,4370.8,1
2003-10-08 04:00:00,6269.8,6
2003-10-08 16:00:00,6395.0,20
2003-10-08 16:00:00,5770.2,21
2003-10-08 16:00:00,4900.4,23
2003-10-08 16:00:00,4667.0,24
2003-10-08 16:00:00,5653.3,22
2003-10-08 16:00:00,6289.7,19
2003-10-08 18:00:00,,14
2003-10-08 18:00:00,3941.9,13
2003-10-08 18:00:00,4984.0,17
2003-10-08 18:00:00,5171.5,18
2003-10-08 18:00:00,5139.9,15
2003-10-08 18:00:00,5411.2,16
2003-10-17 03:00:00,5503.6,9
2003-10-17 03:00:00,5226.4,11
2003-10-17 03:00:00,5088.0,7
2003-10-17 03:00:00,5355.4,10
2003-10-17 03:00:00,4607.9,12
2003-10-17 03:00:00,5956.3,8
2003-10-17 05:00:00,4379.4,1
2003-10-17 05:00:00,6275.1,6
2003-10-17 05:00:00,4550.7,3
2003-10-17 05:00:00,6232.6,5
2003-10-17 05:00:00,4480.1,4
2003-10-17 05:00:00,4448.4,2
2003-10-17 17:00:00,6288.0,19
2003-10-17 17:00:00,5653.4,22
2003-10-17 17:00:00,4904.2,23
2003-10-17 17:00:00,5770.2,21
2003-10-17 17:00:00,6393.2,20
2003-10-17 17:00:00,4668.0,24
2003-10-17 19:00:00,,14
2003-10-17 19:00:00,5140.1,15
2003-10-17 19:00:00,5172.9,18
2003-10-17 19:00:00,5411.2,16
2003-10-17 19:00:00,3865.6,13
2003-10-17 19:00:00,4985.1,17
2003-10-23 04:00:00,5959.3,8
2003-10-23 04:00:00,4607.9,12
2003-10-23 04:00:00,5088.4,7
2003-10-23 04:00:00,5356.2,10
2003-10-23 04:00:00,5503.1,9
2003-10-23 04:00:00,5226.6,11
2003-10-23 06:00:00,4476.3,4
2003-10-23 06:00:00,6237.1,5
2003-10-23 06:00:00,4549.7,3
2003-10-23 06:00:00,4377.9,1
2003-10-23 06:00:00,4441.0,2
2003-10-23 06:00:00,6276.4,6
2003-10-23 18:00:00,4668.1,24
2003-10-23 18:00:00,6275.0,19
2003-10-23 18:00:00,5652.9,22
2003-10-23 18:00:00,5769.5,21
2003-10-23 18:00:00,,20
2003-10-23 18:00:00,4904.2,23
2003-10-23 20:00:00,5139.1,15
2003-10-23 20:00:00,5173.1,18
2003-10-23 20:00:00,5411.6,16
2003-10-23 20:00:00,,14
2003-10-23 20:00:00,4985.5,17
2003-10-23 20:00:00,3873.7,13
2003-11-07 05:00:00,,12
2003-11-07 05:00:00,,9
2003-11-07 05:00:00,,8
2003-11-07 05:00:00,,7
2003-11-07 05:00:00,,10
2003-11-07 05:00:00,,11
2003-11-07 07:00:00,,1
2003-11-07 07:00:00,,5
2003-11-07 07:00:00,,4
2003-11-07 07:00:00,,6
2003-11-07 07:00:00,,3
2003-11-07 07:00:00,,2
2003-11-07 19:00:00,,19
2003-11-07 19:00:00,,23
2003-11-07 19:00:00,,20
2003-11-07 19:00:00,,22
2003-11-07 19:00:00,,21
2003-11-07 19:00:00,,24
2003-11-07 21:00:00,,16
2003-11-07 21:00:00,,13
2003-11-07 21:00:00,,17
2003-11-07 21:00:00,,18
2003-11-07 21:00:00,,14
2003-11-07 21:00:00,,15
2003-11-14 06:00:00,,7
2003-11-14 06:00:00,,8
2003-11-14 06:00:00,,9
2003-11-14 06:00:00,,11
2003-11-14 06:00:00,,12
2003-11-14 06:00:00,,10
2003-11-14 08:00:00,,2
2003-11-14 08:00:00,,3
2003-11-14 08:00:00,,4
2003-11-14 08:00:00,,5
2003-11-14 08:00:00,,1
2003-11-14 08:00:00,,6
2003-11-14 20:00:00,,22
2003-11-14 20:00:00,,24
2003-11-14 20:00:00,,23
2003-11-14 20:00:00,,19
2003-11-14 20:00:00,,21
2003-11-14 20:00:00,,20
2003-11-14 22:00:00,,15
2003-11-14 22:00:00,,14
2003-11-14 22:00:00,,17
2003-11-14 22:00:00,,18
2003-11-14 22:00:00,,13
2003-11-14 22:00:00,,16
2003-11-21 07:00:00,,8
2003-11-21 07:00:00,,7
2003-11-21 07:00:00,,12
2003-11-21 07:00:00,,9
2003-11-21 07:00:00,,11
2003-11-21 07:00:00,,10
2003-11-21 09:00:00,,5
2003-11-21 09:00:00,,3
2003-11-21 09:00:00,,4
2003-11-21 09:00:00,,6
2003-11-21 09:00:00,,1
2003-11-21 09:00:00,,2
2003-11-21 21:00:00,,21
2003-11-21 21:00:00,,22
2003-11-21 21:00:00,,19
2003-11-21 21:00:00,,24
2003-11-21 21:00:00,,23
2003-11-21 21:00:00,,20
2003-11-21 23:00:00,,15
2003-11-21 23:00:00,,17
2003-11-21 23:00:00,,16
2003-11-21 23:00:00,,13
2003-11-21 23:00:00,,18
2003-11-21 23:00:00,,14
2003-12-16 00:00:00,,14
2003-12-16 00:00:00,,15
2003-12-16 00:00:00,,17
2003-12-16 00:00:00,,18
2003-12-16 00:00:00,,13
2003-12-16 00:00:00,,16
2003-12-16 08:00:00,3227.9,11
2003-12-16 08:00:00,5019.4,7
2003-12-16 08:00:00,5937.0,8
2003-12-16 08:00:00,4606.6,12
2003-12-16 08:00:00,5506.5,9
2003-12-16 08:00:00,5354.2,10
2003-12-16 10:00:00,6257.7,5
2003-12-16 10:00:00,4630.2,3
2003-12-16 10:00:00,4480.3,1
2003-12-16 10:00:00,4547.1,2
2003-12-16 10:00:00,6256.7,6
2003-12-16 10:00:00,4447.6,4
2003-12-16 22:00:00,6398.9,20
2003-12-16 22:00:00,4903.3,23
2003-12-16 22:00:00,6296.1,19
2003-12-16 22:00:00,5648.0,22
2003-12-16 22:00:00,4667.3,24
2003-12-16 22:00:00,5765.5,21
2003-12-23 01:00:00,,15
2003-12-23 01:00:00,,17
2003-12-23 01:00:00,,18
2003-12-23 01:00:00,,14
2003-12-23 01:00:00,,13
2003-12-23 01:00:00,,16
2003-12-23 09:00:00,5361.5,10
2003-12-23 09:00:00,5508.1,9
2003-12-23 09:00:00,5266.0,8
2003-12-23 09:00:00,5037.9,7
2003-12-23 09:00:00,5227.9,11
2003-12-23 09:00:00,4606.8,12
2003-12-23 11:00:00,4377.5,1
2003-12-23 11:00:00,4426.6,2
2003-12-23 11:00:00,6255.5,5
2003-12-23 11:00:00,6290.7,6
2003-12-23 11:00:00,4548.7,3
2003-12-23 11:00:00,4465.2,4
2003-12-23 23:00:00,5648.6,22
2003-12-23 23:00:00,5766.5,21
2003-12-23 23:00:00,6403.1,20
2003-12-23 23:00:00,6297.0,19
2003-12-23 23:00:00,4668.1,24
2003-12-23 23:00:00,4903.7,23
2003-12-30 00:00:00,6404.4,20
2003-12-30 00:00:00,6297.7,19
2003-12-30 00:00:00,4667.7,24
2003-12-30 00:00:00,5646.7,22
2003-12-30 00:00:00,5665.3,21
2003-12-30 00:00:00,4903.3,23
2003-12-30 02:00:00,,13
2003-12-30 02:00:00,,14
2003-12-30 02:00:00,,16
2003-12-30 02:00:00,,18
2003-12-30 02:00:00,,15
2003-12-30 02:00:00,,17
2003-12-30 10:00:00,5363.4,10
2003-12-30 10:00:00,5509.4,9
2003-12-30 10:00:00,5227.8,11
2003-12-30 10:00:00,5975.8,8
2003-12-30 10:00:00,4607.0,12
2003-12-30 10:00:00,5052.8,7
2003-12-30 12:00:00,4548.2,3
2003-12-30 12:00:00,4428.0,2
2003-12-30 12:00:00,6250.7,5
2003-12-30 12:00:00,6282.8,6
2003-12-30 12:00:00,4372.3,1
2003-12-30 12:00:00,4465.7,4
2004-01-07 01:00:00,5764.3,21
2004-01-07 01:00:00,4903.7,23
2004-01-07 01:00:00,6407.4,20
2004-01-07 01:00:00,4667.0,24
2004-01-07 01:00:00,5645.3,22
2004-01-07 01:00:00,6297.4,19
2004-01-07 03:00:00,5172.3,18
2004-01-07 03:00:00,4984.9,17
2004-01-07 03:00:00,5409.1,16
2004-01-07 03:00:00,5136.5,15
2004-01-07 03:00:00,3881.7,13
2004-01-07 03:00:00,,14
2004-01-07 11:00:00,5073.3,7
2004-01-07 11:00:00,5227.3,11
2004-01-07 11:00:00,4606.7,12
2004-01-07 11:00:00,5991.5,8
2004-01-07 11:00:00,5367.3,10
2004-01-07 11:00:00,5512.0,9
2004-01-07 13:00:00,4541.3,3
2004-01-07 13:00:00,4368.0,1
2004-01-07 13:00:00,4422.7,2
2004-01-07 13:00:00,6219.6,5
2004-01-07 13:00:00,6250.0,6
2004-01-07 13:00:00,4456.7,4
2004-01-15 02:00:00,6406.7,20
2004-01-15 02:00:00,6297.5,19
2004-01-15 02:00:00,5762.7,21
2004-01-15 02:00:00,4903.0,23
2004-01-15 02:00:00,4666.3,24
2004-01-15 02:00:00,5643.4,22
2004-01-15 04:00:00,5172.3,18
2004-01-15 04:00:00,,16
2004-01-15 04:00:00,4984.9,15
2004-01-15 04:00:00,,14
2004-01-15 04:00:00,4984.9,17
2004-01-15 04:00:00,3879.6,13
2004-01-15 12:00:00,4606.7,12
2004-01-15 12:00:00,5512.3,9
2004-01-15 12:00:00,5986.9,8
2004-01-15 12:00:00,5228.1,11
2004-01-15 12:00:00,5071.5,7
2004-01-15 12:00:00,5367.0,10
2004-01-15 14:00:00,4542.5,3
2004-01-15 14:00:00,6253.8,6
2004-01-15 14:00:00,4368.1,1
2004-01-15 14:00:00,4455.9,4
2004-01-15 14:00:00,6227.3,5
2004-01-15 14:00:00,4419.8,2
2004-01-21 03:00:00,6406.7,20
2004-01-21 03:00:00,5761.6,21
2004-01-21 03:00:00,6297.9,19
2004-01-21 03:00:00,5642.3,22
2004-01-21 03:00:00,4902.9,23
2004-01-21 03:00:00,4665.9,24
2004-01-21 05:00:00,4984.8,17
2004-01-21 05:00:00,3879.6,13
2004-01-21 05:00:00,,14
2004-01-21 05:00:00,5409.1,16
2004-01-21 05:00:00,5136.0,15
2004-01-21 05:00:00,5172.1,18
2004-01-21 13:00:00,5989.0,8
2004-01-21 13:00:00,5366.5,10
2004-01-21 13:00:00,5512.2,9
2004-01-21 13:00:00,5228.3,11
2004-01-21 13:00:00,4606.5,12
2004-01-21 13:00:00,5072.0,7
2004-01-21 15:00:00,6232.2,5
2004-01-21 15:00:00,4367.1,1
2004-01-21 15:00:00,4418.3,2
2004-01-21 15:00:00,4541.1,3
2004-01-21 15:00:00,4453.4,4
2004-01-21 15:00:00,6257.7,6
2004-01-27 04:00:00,5642.2,22
2004-01-27 04:00:00,4902.9,23
2004-01-27 04:00:00,6406.7,20
2004-01-27 04:00:00,4664.8,24
2004-01-27 04:00:00,5761.5,21
2004-01-27 04:00:00,6298.5,19
2004-01-27 06:00:00,5173.0,18
2004-01-27 06:00:00,4984.8,17
2004-01-27 06:00:00,3880.1,13
2004-01-27 06:00:00,,14
2004-01-27 06:00:00,5135.9,15
2004-01-27 06:00:00,5409.3,16
2004-01-27 14:00:00,5989.3,8
2004-01-27 14:00:00,5366.5,10
2004-01-27 14:00:00,5512.2,9
2004-01-27 14:00:00,4607.1,12
2004-01-27 14:00:00,5228.4,11
2004-01-27 14:00:00,5072.3,7
2004-01-27 16:00:00,4417.8,2
2004-01-27 16:00:00,4367.1,1
2004-01-27 16:00:00,4453.4,4
2004-01-27 16:00:00,4541.2,3
2004-01-27 16:00:00,6256.7,6
2004-01-27 16:00:00,6232.1,5
2004-02-16 05:00:00,5761.7,21
2004-02-16 05:00:00,4665.8,24
2004-02-16 05:00:00,6416.7,20
2004-02-16 05:00:00,4902.8,23
2004-02-16 05:00:00,6308.1,19
2004-02-16 05:00:00,5640.8,22
2004-02-16 07:00:00,4985.4,17
2004-02-16 07:00:00,3962.4,13
2004-02-16 07:00:00,5410.7,15
2004-02-16 07:00:00,,14
2004-02-16 07:00:00,5437.8,16
2004-02-16 07:00:00,5173.0,18
2004-02-16 15:00:00,5165.5,7
2004-02-16 15:00:00,6031.7,8
2004-02-16 15:00:00,5378.5,10
2004-02-16 15:00:00,5236.1,11
2004-02-16 15:00:00,4607.3,12
2004-02-16 15:00:00,5522.8,9
2004-02-16 17:00:00,4454.5,4
2004-02-16 17:00:00,4372.7,1
2004-02-16 17:00:00,4544.6,3
2004-02-16 17:00:00,6250.9,6
2004-02-16 17:00:00,6233.1,5
2004-02-16 17:00:00,4425.1,2
2004-02-25 06:00:00,6418.1,20
2004-02-25 06:00:00,4902.4,23
2004-02-25 06:00:00,4664.9,24
2004-02-25 06:00:00,5639.7,22
2004-02-25 06:00:00,5762.1,21
2004-02-25 06:00:00,6313.4,19
2004-02-25 08:00:00,5138.2,15
2004-02-25 08:00:00,,14
2004-02-25 08:00:00,5173.1,18
2004-02-25 08:00:00,3980.3,13
2004-02-25 08:00:00,5410.8,16
2004-02-25 08:00:00,4985.4,17
2004-02-25 18:00:00,4429.7,2
2004-02-25 18:00:00,4547.5,3
2004-02-25 18:00:00,4459.0,4
2004-02-25 18:00:00,4374.1,1
2004-02-25 18:00:00,6249.4,6
2004-02-25 18:00:00,6229.5,5
2004-03-01 07:00:00,5760.8,21
2004-03-01 07:00:00,6312.2,19
2004-03-01 07:00:00,6416.5,20
2004-03-01 07:00:00,4901.6,23
2004-03-01 07:00:00,5639.3,22
2004-03-01 07:00:00,4664.2,24
2004-03-01 09:00:00,3980.9,13
2004-03-01 09:00:00,5410.8,16
2004-03-01 09:00:00,4985.5,17
2004-03-01 09:00:00,5138.7,15
2004-03-01 09:00:00,5173.4,18
2004-03-01 09:00:00,,14
2004-03-01 16:00:00,4607.7,12
2004-03-01 16:00:00,6042.4,8
2004-03-01 16:00:00,5189.6,7
2004-03-01 16:00:00,5381.5,10
2004-03-01 16:00:00,5239.0,11
2004-03-01 16:00:00,5525.6,9
2004-03-01 19:00:00,4371.3,1
2004-03-01 19:00:00,4547.3,3
2004-03-01 19:00:00,4457.5,4
2004-03-01 19:00:00,6256.5,6
2004-03-01 19:00:00,4423.9,2
2004-03-01 19:00:00,6233.9,5
2004-03-09 08:00:00,5638.6,22
2004-03-09 08:00:00,4901.0,23
2004-03-09 08:00:00,6417.3,20
2004-03-09 08:00:00,5760.2,21
2004-03-09 08:00:00,6312.3,19
2004-03-09 08:00:00,4663.4,24
2004-03-09 10:00:00,3999.4,13
2004-03-09 10:00:00,5172.7,18
2004-03-09 10:00:00,5410.4,16
2004-03-09 10:00:00,4985.1,17
2004-03-09 10:00:00,,14
2004-03-09 10:00:00,5138.3,15
2004-03-09 17:00:00,5207.6,7
2004-03-09 17:00:00,5381.2,10
2004-03-09 17:00:00,5525.8,9
2004-03-09 17:00:00,6049.6,8
2004-03-09 17:00:00,5239.3,11
2004-03-09 17:00:00,4607.1,12
2004-03-09 20:00:00,6261.3,6
2004-03-09 20:00:00,4417.5,2
2004-03-09 20:00:00,6237.2,5
2004-03-09 20:00:00,4544.8,3
2004-03-09 20:00:00,4453.8,4
2004-03-09 20:00:00,4367.7,1
2004-03-17 09:00:00,6418.6,20
2004-03-17 09:00:00,4900.8,23
2004-03-17 09:00:00,4663.8,24
2004-03-17 09:00:00,5760.6,21
2004-03-17 09:00:00,6311.2,19
2004-03-17 09:00:00,5639.2,22
2004-03-17 11:00:00,5172.7,18
2004-03-17 11:00:00,5138.1,15
2004-03-17 11:00:00,4021.4,13
2004-03-17 11:00:00,4985.3,17
2004-03-17 11:00:00,5410.5,16
2004-03-17 11:00:00,,14
2004-03-17 18:00:00,5382.2,10
2004-03-17 18:00:00,5240.0,11
2004-03-17 18:00:00,4607.2,12
2004-03-17 18:00:00,5527.9,9
2004-03-17 18:00:00,5231.3,7
2004-03-17 18:00:00,6059.6,8
2004-03-17 21:00:00,4458.2,4
2004-03-17 21:00:00,4421.5,2
2004-03-17 21:00:00,6244.4,5
2004-03-17 21:00:00,4370.0,1
2004-03-17 21:00:00,4548.3,3
2004-03-17 21:00:00,6268.8,6
2004-04-15 10:00:00,4685.6,24
2004-04-15 10:00:00,5637.3,22
2004-04-15 10:00:00,6300.5,19
2004-04-15 10:00:00,5759.3,21
2004-04-15 10:00:00,4960.9,23
2004-04-15 10:00:00,6414.1,20
2004-04-15 12:00:00,5172.0,18
2004-04-15 12:00:00,4984.6,17
2004-04-15 12:00:00,5137.9,15
2004-04-15 12:00:00,,13
2004-04-15 12:00:00,,14
2004-04-15 12:00:00,5409.3,16
2004-04-15 19:00:00,5530.9,9
2004-04-15 19:00:00,5379.1,10
2004-04-15 19:00:00,5225.4,7
2004-04-15 19:00:00,4606.1,12
2004-04-15 19:00:00,6051.4,8
2004-04-15 19:00:00,5241.9,11
2004-04-15 22:00:00,4420.3,2
2004-04-15 22:00:00,6257.9,6
2004-04-15 22:00:00,6226.4,5
2004-04-15 22:00:00,4547.4,3
2004-04-15 22:00:00,4456.6,4
2004-04-15 22:00:00,4368.1,1
2004-04-30 11:00:00,6303.2,19
2004-04-30 11:00:00,4961.1,23
2004-04-30 11:00:00,6419.5,20
2004-04-30 11:00:00,5761.4,21
2004-04-30 11:00:00,4683.3,24
2004-04-30 11:00:00,5639.4,22
2004-04-30 13:00:00,,18
2004-04-30 13:00:00,,14
2004-04-30 13:00:00,5415.1,16
2004-04-30 13:00:00,,13
2004-04-30 13:00:00,4987.2,17
2004-04-30 13:00:00,5146.6,15
2004-04-30 20:00:00,5548.0,9
2004-04-30 20:00:00,5385.0,10
2004-04-30 20:00:00,5249.8,11
2004-04-30 20:00:00,5236.1,7
2004-04-30 20:00:00,4607.5,12
2004-04-30 20:00:00,6059.0,8
2004-04-30 23:00:00,4375.0,1
2004-04-30 23:00:00,6253.9,5
2004-04-30 23:00:00,4437.0,2
2004-04-30 23:00:00,4554.2,3
2004-04-30 23:00:00,4470.8,4
2004-04-30 23:00:00,6285.3,6
2004-05-06 00:00:00,4378.5,1
2004-05-06 00:00:00,6287.6,6
2004-05-06 00:00:00,4474.0,4
2004-05-06 00:00:00,6259.1,5
2004-05-06 00:00:00,4556.6,3
2004-05-06 00:00:00,4443.4,2
2004-05-06 12:00:00,4683.5,24
2004-05-06 12:00:00,6420.6,20
2004-05-06 12:00:00,5762.6,21
2004-05-06 12:00:00,6302.4,19
2004-05-06 12:00:00,4961.5,23
2004-05-06 12:00:00,5640.0,22
2004-05-06 14:00:00,,14
2004-05-06 14:00:00,4987.0,17
2004-05-06 14:00:00,,13
2004-05-06 14:00:00,5174.9,18
2004-05-06 14:00:00,5147.8,15
2004-05-06 14:00:00,5415.2,16
2004-05-06 21:00:00,4607.5,12
2004-05-06 21:00:00,5250.3,11
2004-05-06 21:00:00,6059.1,8
2004-05-06 21:00:00,5548.3,9
2004-05-06 21:00:00,5384.9,10
2004-05-06 21:00:00,5236.5,7
2004-05-13 01:00:00,4474.4,4
2004-05-13 01:00:00,4443.1,2
2004-05-13 01:00:00,4378.0,1
2004-05-13 01:00:00,6282.8,6
2004-05-13 01:00:00,4556.3,3
2004-05-13 01:00:00,6252.2,5
2004-05-13 13:00:00,5639.8,22
2004-05-13 13:00:00,4683.1,24
2004-05-13 13:00:00,6418.3,20
2004-05-13 13:00:00,6300.1,19
2004-05-13 13:00:00,5762.6,21
2004-05-13 13:00:00,4961.4,23
2004-05-13 15:00:00,5415.1,16
2004-05-13 15:00:00,,14
2004-05-13 15:00:00,5148.1,15
2004-05-13 15:00:00,4987.1,17
2004-05-13 15:00:00,5175.0,18
2004-05-13 15:00:00,,13
2004-05-13 22:00:00,5382.3,10
2004-05-13 22:00:00,6052.0,8
2004-05-13 22:00:00,5547.7,9
2004-05-13 22:00:00,5250.4,11
2004-05-13 22:00:00,5230.9,7
2004-05-13 22:00:00,4607.3,12
2004-05-21 02:00:00,6282.8,6
2004-05-21 02:00:00,4461.3,2
2004-05-21 02:00:00,4491.0,4
2004-05-21 02:00:00,4566.3,3
2004-05-21 02:00:00,6280.7,5
2004-05-21 02:00:00,4387.2,1
2004-05-21 14:00:00,6302.0,19
2004-05-21 14:00:00,4686.7,24
2004-05-21 14:00:00,5772.7,21
2004-05-21 14:00:00,4966.6,23
2004-05-21 14:00:00,5648.1,22
2004-05-21 14:00:00,6427.5,20
2004-05-21 16:00:00,,13
2004-05-21 16:00:00,,14
2004-05-21 16:00:00,5180.7,18
2004-05-21 16:00:00,5155.8,15
2004-05-21 16:00:00,4992.0,17
2004-05-21 16:00:00,5421.8,16
2004-05-21 23:00:00,4612.6,12
2004-05-21 23:00:00,5228.8,7
2004-05-21 23:00:00,5259.7,11
2004-05-21 23:00:00,5391.6,10
2004-05-21 23:00:00,6049.7,8
2004-05-21 23:00:00,5553.7,9
2004-05-28 00:00:00,5390.7,10
2004-05-28 00:00:00,5259.0,11
2004-05-28 00:00:00,6048.5,8
2004-05-28 00:00:00,5552.8,9
2004-05-28 00:00:00,4612.7,12
2004-05-28 00:00:00,5226.7,7
2004-05-28 03:00:00,4566.2,3
2004-05-28 03:00:00,6273.4,5
2004-05-28 03:00:00,4492.2,4
2004-05-28 03:00:00,6309.8,6
2004-05-28 03:00:00,4383.5,1
2004-05-28 03:00:00,4456.5,2
2004-05-28 15:00:00,4685.0,24
2004-05-28 15:00:00,6423.9,20
2004-05-28 15:00:00,5648.0,22
2004-05-28 15:00:00,6297.7,19
2004-05-28 15:00:00,5771.3,21
2004-05-28 15:00:00,4965.5,23
2004-05-28 17:00:00,5182.6,18
2004-05-28 17:00:00,5421.5,16
2004-05-28 17:00:00,5158.2,15
2004-05-28 17:00:00,,14
2004-05-28 17:00:00,4993.9,17
2004-05-28 17:00:00,,13
2004-06-02 01:00:00,5550.6,9
2004-06-02 01:00:00,5223.0,7
2004-06-02 01:00:00,6044.8,8
2004-06-02 01:00:00,5257.5,11
2004-06-02 01:00:00,4611.4,12
2004-06-02 01:00:00,5386.6,10
2004-06-02 04:00:00,4489.9,4
2004-06-02 04:00:00,4456.0,2
2004-06-02 04:00:00,4565.0,3
2004-06-02 04:00:00,6302.6,6
2004-06-02 04:00:00,6261.0,5
2004-06-02 04:00:00,4382.8,1
2004-06-02 16:00:00,4965.1,23
2004-06-02 16:00:00,5770.1,21
2004-06-02 16:00:00,6294.8,19
2004-06-02 16:00:00,4689.2,24
2004-06-02 16:00:00,6420.1,20
2004-06-02 16:00:00,5647.5,22
2004-06-02 18:00:00,5182.5,18
2004-06-02 18:00:00,5419.9,16
2004-06-02 18:00:00,5156.6,15
2004-06-02 18:00:00,4993.8,17
2004-06-02 18:00:00,,13
2004-06-02 18:00:00,,14
2004-06-09 02:00:00,5382.9,10
2004-06-09 02:00:00,5257.2,11
2004-06-09 02:00:00,5548.3,9
2004-06-09 02:00:00,6035.0,8
2004-06-09 02:00:00,5213.9,7
2004-06-09 02:00:00,4610.8,12
2004-06-09 05:00:00,4489.0,4
2004-06-09 05:00:00,4456.1,2
2004-06-09 05:00:00,4382.4,1
2004-06-09 05:00:00,6256.2,5
2004-06-09 05:00:00,6299.0,6
2004-06-09 05:00:00,4564.8,3
2004-06-09 17:00:00,6289.0,19
2004-06-09 17:00:00,4965.4,23
2004-06-09 17:00:00,5646.7,22
2004-06-09 17:00:00,5768.7,21
2004-06-09 17:00:00,4683.3,24
2004-06-09 17:00:00,6415.9,20
2004-06-09 19:00:00,,13
2004-06-09 19:00:00,5156.7,15
2004-06-09 19:00:00,5182.4,18
2004-06-09 19:00:00,5419.7,16
2004-06-09 19:00:00,4994.3,17
2004-06-09 19:00:00,,14
2004-06-16 03:00:00,4620.1,12
2004-06-16 03:00:00,5547.4,9
2004-06-16 03:00:00,5386.0,10
2004-06-16 03:00:00,5198.0,7
2004-06-16 03:00:00,5261.3,11
2004-06-16 03:00:00,6030.1,8
2004-06-16 06:00:00,6262.6,5
2004-06-16 06:00:00,4495.6,4
2004-06-16 06:00:00,4460.9,2
2004-06-16 06:00:00,6309.8,6
2004-06-16 06:00:00,4572.9,3
2004-06-16 06:00:00,4385.9,1
2004-06-16 18:00:00,6414.8,20
2004-06-16 18:00:00,6283.4,19
2004-06-16 18:00:00,5649.5,22
2004-06-16 18:00:00,4967.8,23
2004-06-16 18:00:00,4684.2,24
2004-06-16 18:00:00,5770.9,21
2004-06-16 20:00:00,,13
2004-06-16 20:00:00,5157.0,15
2004-06-16 20:00:00,,14
2004-06-16 20:00:00,5420.1,16
2004-06-16 20:00:00,5189.7,18
2004-06-16 20:00:00,5000.0,17
2004-06-23 04:00:00,4617.1,12
2004-06-23 04:00:00,5258.0,11
2004-06-23 04:00:00,5544.4,9
2004-06-23 04:00:00,5381.6,10
2004-06-23 04:00:00,6039.4,8
2004-06-23 04:00:00,5208.4,7
2004-06-23 07:00:00,6240.1,5
2004-06-23 07:00:00,4568.4,3
2004-06-23 07:00:00,4378.6,1
2004-06-23 07:00:00,4451.3,2
2004-06-23 07:00:00,6292.6,6
2004-06-23 07:00:00,4486.1,4
2004-06-23 19:00:00,6412.7,20
2004-06-23 19:00:00,4683.5,24
2004-06-23 19:00:00,4967.9,23
2004-06-23 19:00:00,6279.4,19
2004-06-23 19:00:00,5649.5,22
2004-06-23 19:00:00,5769.5,21
2004-06-23 21:00:00,,13
2004-06-23 21:00:00,5188.3,18
2004-06-23 21:00:00,4999.8,17
2004-06-23 21:00:00,,14
2004-06-23 21:00:00,5155.6,15
2004-06-23 21:00:00,5418.7,16
2004-07-01 05:00:00,5257.5,11
2004-07-01 05:00:00,5379.7,10
2004-07-01 05:00:00,6037.2,8
2004-07-01 05:00:00,4616.5,12
2004-07-01 05:00:00,5207.6,7
2004-07-01 05:00:00,5543.7,9
2004-07-01 08:00:00,4480.6,4
2004-07-01 08:00:00,6230.7,5
2004-07-01 08:00:00,4445.3,2
2004-07-01 08:00:00,4375.8,1
2004-07-01 08:00:00,4566.0,3
2004-07-01 08:00:00,6283.4,6
2004-07-01 20:00:00,5768.8,21
2004-07-01 20:00:00,6410.7,20
2004-07-01 20:00:00,6275.0,19
2004-07-01 20:00:00,5648.0,22
2004-07-01 20:00:00,4967.7,23
2004-07-01 20:00:00,4683.2,24
2004-07-01 22:00:00,5188.0,18
2004-07-01 22:00:00,5154.8,15
2004-07-01 22:00:00,5418.3,16
2004-07-01 22:00:00,4999.5,17
2004-07-01 22:00:00,,14
2004-07-01 22:00:00,,13
2004-07-08 06:00:00,4620.4,12
2004-07-08 06:00:00,5262.7,11
2004-07-08 06:00:00,6024.0,8
2004-07-08 06:00:00,5199.9,7
2004-07-08 06:00:00,5445.7,9
2004-07-08 06:00:00,5380.7,10
2004-07-08 09:00:00,4578.3,3
2004-07-08 09:00:00,6313.1,6
2004-07-08 09:00:00,4495.4,4
2004-07-08 09:00:00,4460.2,2
2004-07-08 09:00:00,4384.5,1
2004-07-08 09:00:00,6267.2,5
2004-07-08 21:00:00,6414.7,20
2004-07-08 21:00:00,5651.6,22
2004-07-08 21:00:00,4687.2,24
2004-07-08 21:00:00,5776.2,21
2004-07-08 21:00:00,6274.9,19
2004-07-08 21:00:00,4972.0,23
2004-07-08 23:00:00,5158.3,15
2004-07-08 23:00:00,5191.9,18
2004-07-08 23:00:00,5422.4,16
2004-07-08 23:00:00,5003.1,17
2004-07-08 23:00:00,,13
2004-07-08 23:00:00,,14
2004-07-15 00:00:00,5196.4,18
2004-07-15 00:00:00,,14
2004-07-15 00:00:00,,13
2004-07-15 00:00:00,5423.9,16
2004-07-15 00:00:00,5007.5,17
2004-07-15 00:00:00,5160.5,15
2004-07-15 07:00:00,5198.4,7
2004-07-15 07:00:00,4623.5,12
2004-07-15 07:00:00,6023.0,8
2004-07-15 07:00:00,5545.0,9
2004-07-15 07:00:00,5264.7,11
2004-07-15 07:00:00,5380.7,10
2004-07-15 10:00:00,4459.4,2
2004-07-15 10:00:00,4382.3,1
2004-07-15 10:00:00,6306.2,6
2004-07-15 10:00:00,4579.2,3
2004-07-15 10:00:00,4492.6,4
2004-07-15 10:00:00,6253.5,5
2004-07-15 22:00:00,5654.3,22
2004-07-15 22:00:00,4970.7,23
2004-07-15 22:00:00,5779.2,21
2004-07-15 22:00:00,6411.6,20
2004-07-15 22:00:00,6269.9,19
2004-07-15 22:00:00,4685.7,24
2004-07-21 01:00:00,5200.5,18
2004-07-21 01:00:00,5158.9,15
2004-07-21 01:00:00,5011.5,17
2004-07-21 01:00:00,,14
2004-07-21 01:00:00,5423.4,16
2004-07-21 01:00:00,,13
2004-07-21 08:00:00,6014.1,8
2004-07-21 08:00:00,5539.7,9
2004-07-21 08:00:00,5266.8,11
2004-07-21 08:00:00,5165.5,7
2004-07-21 08:00:00,5381.9,10
2004-07-21 08:00:00,4625.4,12
2004-07-21 11:00:00,6307.8,6
2004-07-21 11:00:00,6251.7,5
2004-07-21 11:00:00,4581.4,3
2004-07-21 11:00:00,4384.9,1
2004-07-21 11:00:00,4496.8,4
2004-07-21 11:00:00,4463.5,2
2004-07-21 23:00:00,6408.9,20
2004-07-21 23:00:00,5782.3,21
2004-07-21 23:00:00,6263.1,19
2004-07-21 23:00:00,4972.2,23
2004-07-21 23:00:00,5655.2,22
2004-07-21 23:00:00,4686.3,24
2004-07-28 00:00:00,4972.2,23
2004-07-28 00:00:00,6409.0,20
2004-07-28 00:00:00,5782.6,21
2004-07-28 00:00:00,4686.0,24
2004-07-28 00:00:00,5655.1,22
2004-07-28 00:00:00,6261.4,19
2004-07-28 02:00:00,5162.4,15
2004-07-28 02:00:00,5201.3,18
2004-07-28 02:00:00,,13
2004-07-28 02:00:00,5011.8,17
2004-07-28 02:00:00,5424.9,16
2004-07-28 02:00:00,,14
2004-07-28 09:00:00,4626.1,12
2004-07-28 09:00:00,6029.8,8
2004-07-28 09:00:00,5385.9,10
2004-07-28 09:00:00,5545.1,9
2004-07-28 09:00:00,5183.4,7
2004-07-28 09:00:00,5269.1,11
2004-07-28 12:00:00,6259.0,5
2004-07-28 12:00:00,4581.9,3
2004-07-28 12:00:00,4461.5,2
2004-07-28 12:00:00,4383.6,1
2004-07-28 12:00:00,4496.9,4
2004-07-28 12:00:00,6315.0,6
2004-08-04 01:00:00,4972.0,23
2004-08-04 01:00:00,5654.4,22
2004-08-04 01:00:00,4685.4,24
2004-08-04 01:00:00,5782.7,21
2004-08-04 01:00:00,6406.2,20
2004-08-04 01:00:00,6258.5,19
2004-08-04 03:00:00,5010.6,17
2004-08-04 03:00:00,5160.5,15
2004-08-04 03:00:00,5422.9,16
2004-08-04 03:00:00,5199.8,18
2004-08-04 03:00:00,,14
2004-08-04 03:00:00,,13
2004-08-04 10:00:00,4623.2,12
2004-08-04 10:00:00,5179.6,7
2004-08-04 10:00:00,5266.6,11
2004-08-04 10:00:00,5541.4,9
2004-08-04 10:00:00,5379.6,10
2004-08-04 10:00:00,6022.5,8
2004-08-04 13:00:00,4492.4,4
2004-08-04 13:00:00,4459.8,2
2004-08-04 13:00:00,4578.0,3
2004-08-04 13:00:00,6294.3,6
2004-08-04 13:00:00,6235.5,5
2004-08-04 13:00:00,4382.2,1
2004-08-19 02:00:00,5658.4,22
2004-08-19 02:00:00,6407.3,20
2004-08-19 02:00:00,6254.0,19
2004-08-19 02:00:00,4974.1,23
2004-08-19 02:00:00,4686.6,24
2004-08-19 02:00:00,5789.4,21
2004-08-19 04:00:00,5429.0,16
2004-08-19 04:00:00,5014.0,17
2004-08-19 04:00:00,,14
2004-08-19 04:00:00,,13
2004-08-19 04:00:00,5204.2,18
2004-08-19 04:00:00,5166.3,15
2004-08-19 11:00:00,4625.7,12
2004-08-19 11:00:00,5546.5,9
2004-08-19 11:00:00,5383.5,10
2004-08-19 11:00:00,6030.5,8
2004-08-19 11:00:00,5187.0,7
2004-08-19 11:00:00,5270.9,11
2004-08-19 14:00:00,4491.5,4
2004-08-19 14:00:00,6249.9,5
2004-08-19 14:00:00,6309.1,6
2004-08-19 14:00:00,4381.3,1
2004-08-19 14:00:00,4576.9,3
2004-08-19 14:00:00,4460.2,2
2004-08-26 03:00:00,4689.2,24
2004-08-26 03:00:00,4976.7,23
2004-08-26 03:00:00,5660.6,22
2004-08-26 03:00:00,5795.7,21
2004-08-26 03:00:00,6255.2,19
2004-08-26 03:00:00,6411.8,20
2004-08-26 05:00:00,,13
2004-08-26 05:00:00,5171.8,15
2004-08-26 05:00:00,5208.3,18
2004-08-26 05:00:00,,14
2004-08-26 05:00:00,5434.3,16
2004-08-26 05:00:00,5017.2,17
2004-08-26 12:00:00,5188.9,7
2004-08-26 12:00:00,6031.2,8
2004-08-26 12:00:00,5550.3,9
2004-08-26 12:00:00,5275.9,11
2004-08-26 12:00:00,5388.7,10
2004-08-26 12:00:00,4628.5,12
2004-08-26 15:00:00,6265.5,5
2004-08-26 15:00:00,4499.8,4
2004-08-26 15:00:00,4583.0,3
2004-08-26 15:00:00,4388.2,1
2004-08-26 15:00:00,4467.6,2
2004-08-26 15:00:00,6320.6,6
2004-09-03 04:00:00,4686.4,24
2004-09-03 04:00:00,5790.9,21
2004-09-03 04:00:00,6251.9,19
2004-09-03 04:00:00,5658.1,22
2004-09-03 04:00:00,4974.3,23
2004-09-03 04:00:00,6406.3,20
2004-09-03 06:00:00,5171.7,15
2004-09-03 06:00:00,,14
2004-09-03 06:00:00,,13
2004-09-03 06:00:00,5207.7,18
2004-09-03 06:00:00,5016.6,17
2004-09-03 06:00:00,5433.3,16
2004-09-03 13:00:00,5273.7,11
2004-09-03 13:00:00,5384.7,10
2004-09-03 13:00:00,5188.9,7
2004-09-03 13:00:00,5547.8,9
2004-09-03 13:00:00,4626.0,12
2004-09-03 13:00:00,6031.3,8
2004-09-03 16:00:00,4450.1,2
2004-09-03 16:00:00,4573.5,3
2004-09-03 16:00:00,4376.6,1
2004-09-03 16:00:00,4487.5,4
2004-09-03 16:00:00,6301.0,6
2004-09-03 16:00:00,6240.8,5
2004-09-10 05:00:00,6407.8,20
2004-09-10 05:00:00,5658.5,22
2004-09-10 05:00:00,4687.6,24
2004-09-10 05:00:00,4975.0,23
2004-09-10 05:00:00,6251.6,19
2004-09-10 05:00:00,5791.4,21
2004-09-10 07:00:00,5017.1,17
2004-09-10 07:00:00,5171.9,15
2004-09-10 07:00:00,,14
2004-09-10 07:00:00,5433.8,16
2004-09-10 07:00:00,,13
2004-09-10 07:00:00,5208.1,18
2004-09-10 14:00:00,4625.7,12
2004-09-10 14:00:00,5547.2,9
2004-09-10 14:00:00,5274.1,11
2004-09-10 14:00:00,5384.2,10
2004-09-10 14:00:00,6033.5,8
2004-09-10 14:00:00,5191.4,7
2004-09-10 17:00:00,4573.7,3
2004-09-10 17:00:00,4484.6,4
2004-09-10 17:00:00,6299.8,6
2004-09-10 17:00:00,6251.4,5
2004-09-10 17:00:00,4379.2,1
2004-09-10 17:00:00,4449.0,2
2004-09-16 06:00:00,4976.8,23
2004-09-16 06:00:00,6252.6,19
2004-09-16 06:00:00,4689.0,24
2004-09-16 06:00:00,5794.8,21
2004-09-16 06:00:00,5659.6,22
2004-09-16 06:00:00,6410.6,20
2004-09-16 08:00:00,5210.0,18
2004-09-16 08:00:00,5436.4,16
2004-09-16 08:00:00,,14
2004-09-16 08:00:00,5018.6,17
2004-09-16 08:00:00,5174.8,15
2004-09-16 08:00:00,,13
2004-09-16 15:00:00,6032.7,8
2004-09-16 15:00:00,5277.7,11
2004-09-16 15:00:00,4627.8,12
2004-09-16 15:00:00,5388.1,10
2004-09-16 15:00:00,5550.2,9
2004-09-16 15:00:00,5192.5,7
2004-09-16 18:00:00,6308.8,6
2004-09-16 18:00:00,4384.0,1
2004-09-16 18:00:00,4494.1,4
2004-09-16 18:00:00,4459.4,2
2004-09-16 18:00:00,4579.6,3
2004-09-16 18:00:00,6255.7,5
2004-09-23 07:00:00,4976.5,23
2004-09-23 07:00:00,5659.0,22
2004-09-23 07:00:00,6405.1,20
2004-09-23 07:00:00,4686.7,24
2004-09-23 07:00:00,6248.7,19
2004-09-23 07:00:00,5794.1,21
2004-09-23 09:00:00,5173.6,15
2004-09-23 09:00:00,5434.2,16
2004-09-23 09:00:00,5018.1,17
2004-09-23 09:00:00,,13
2004-09-23 09:00:00,5209.5,18
2004-09-23 09:00:00,,14
2004-09-23 16:00:00,5171.8,7
2004-09-23 16:00:00,5546.3,9
2004-09-23 16:00:00,4625.2,12
2004-09-23 16:00:00,6006.1,8
2004-09-23 16:00:00,5379.1,10
2004-09-23 16:00:00,5275.2,11
2004-09-23 19:00:00,4449.3,2
2004-09-23 19:00:00,6293.1,6
2004-09-23 19:00:00,4573.7,3
2004-09-23 19:00:00,6241.5,5
2004-09-23 19:00:00,4486.2,4
2004-09-23 19:00:00,4378.4,1
2004-10-01 08:00:00,4976.0,23
2004-10-01 08:00:00,6246.0,19
2004-10-01 08:00:00,6407.5,20
2004-10-01 08:00:00,4687.8,24
2004-10-01 08:00:00,5792.5,21
2004-10-01 08:00:00,5658.0,22
2004-10-01 10:00:00,5210.7,18
2004-10-01 10:00:00,5174.5,15
2004-10-01 10:00:00,5435.5,16
2004-10-01 10:00:00,,14
2004-10-01 10:00:00,5018.9,17
2004-10-01 10:00:00,,13
2004-10-01 17:00:00,4626.4,12
2004-10-01 17:00:00,5179.1,7
2004-10-01 17:00:00,5277.2,11
2004-10-01 17:00:00,6026.7,8
2004-10-01 17:00:00,5546.2,9
2004-10-01 17:00:00,5385.2,10
2004-10-01 20:00:00,4483.6,4
2004-10-01 20:00:00,4572.2,3
2004-10-01 20:00:00,6231.5,5
2004-10-01 20:00:00,4452.9,2
2004-10-01 20:00:00,4380.7,1
2004-10-01 20:00:00,6279.3,6
2004-10-08 09:00:00,6412.3,20
2004-10-08 09:00:00,5792.8,21
2004-10-08 09:00:00,4975.4,23
2004-10-08 09:00:00,5659.2,22
2004-10-08 09:00:00,6245.2,19
2004-10-08 09:00:00,4689.4,24
2004-10-08 11:00:00,,13
2004-10-08 11:00:00,5175.3,15
2004-10-08 11:00:00,5436.3,16
2004-10-08 11:00:00,5019.0,17
2004-10-08 11:00:00,5210.7,18
2004-10-08 11:00:00,,14
2004-10-08 18:00:00,6357.5,7
2004-10-08 18:00:00,5548.0,9
2004-10-08 18:00:00,5626.3,11
2004-10-08 18:00:00,5386.8,10
2004-10-08 18:00:00,4627.5,12
2004-10-08 18:00:00,9151.6,8
2004-10-08 21:00:00,4380.9,1
2004-10-08 21:00:00,6304.5,6
2004-10-08 21:00:00,6255.5,5
2004-10-08 21:00:00,4453.7,2
2004-10-08 21:00:00,4489.5,4
2004-10-08 21:00:00,4577.7,3
2004-10-15 10:00:00,6244.1,19
2004-10-15 10:00:00,6409.6,20
2004-10-15 10:00:00,4975.9,23
2004-10-15 10:00:00,4688.0,24
2004-10-15 10:00:00,5792.8,21
2004-10-15 10:00:00,5658.1,22
2004-10-15 12:00:00,5173.7,15
2004-10-15 12:00:00,,13
2004-10-15 12:00:00,5017.8,17
2004-10-15 12:00:00,,14
2004-10-15 12:00:00,5434.2,16
2004-10-15 12:00:00,5209.5,18
2004-10-15 19:00:00,4624.9,12
2004-10-15 19:00:00,5383.9,10
2004-10-15 19:00:00,5276.7,11
2004-10-15 19:00:00,5547.1,9
2004-10-15 19:00:00,5187.6,7
2004-10-15 19:00:00,6030.8,8
2004-10-15 22:00:00,6276.7,6
2004-10-15 22:00:00,6229.7,5
2004-10-15 22:00:00,4449.4,2
2004-10-15 22:00:00,4378.0,1
2004-10-15 22:00:00,4483.5,4
2004-10-15 22:00:00,4572.7,3
2004-10-21 11:00:00,5794.1,21
2004-10-21 11:00:00,6244.0,19
2004-10-21 11:00:00,5658.8,22
2004-10-21 11:00:00,6410.8,20
2004-10-21 11:00:00,4688.7,24
2004-10-21 11:00:00,4976.5,23
2004-10-21 13:00:00,5175.8,15
2004-10-21 13:00:00,5020.0,17
2004-10-21 13:00:00,,14
2004-10-21 13:00:00,,13
2004-10-21 13:00:00,5211.8,18
2004-10-21 13:00:00,5436.2,16
2004-10-21 20:00:00,5547.7,9
2004-10-21 20:00:00,4626.5,12
2004-10-21 20:00:00,6023.2,8
2004-10-21 20:00:00,5385.3,10
2004-10-21 20:00:00,5183.8,7
2004-10-21 20:00:00,5280.0,11
2004-10-21 23:00:00,6255.1,5
2004-10-21 23:00:00,4487.2,4
2004-10-21 23:00:00,4453.0,2
2004-10-21 23:00:00,4576.5,3
2004-10-21 23:00:00,4381.4,1
2004-10-21 23:00:00,6301.4,6
2004-10-27 00:00:00,6304.1,6
2004-10-27 00:00:00,4485.5,4
2004-10-27 00:00:00,4450.9,2
2004-10-27 00:00:00,6259.5,5
2004-10-27 00:00:00,4379.7,1
2004-10-27 00:00:00,4575.1,3
2004-10-27 12:00:00,4976.5,23
2004-10-27 12:00:00,6412.7,20
2004-10-27 12:00:00,5794.0,21
2004-10-27 12:00:00,5659.2,22
2004-10-27 12:00:00,6243.8,19
2004-10-27 12:00:00,4688.8,24
2004-10-27 14:00:00,5211.6,18
2004-10-27 14:00:00,5175.4,15
2004-10-27 14:00:00,5019.9,17
2004-10-27 14:00:00,5435.4,16
2004-10-27 14:00:00,,13
2004-10-27 14:00:00,,14
2004-10-27 21:00:00,5386.9,10
2004-10-27 21:00:00,5190.1,7
2004-10-27 21:00:00,5548.3,9
2004-10-27 21:00:00,6033.6,8
2004-10-27 21:00:00,5279.6,11
2004-10-27 21:00:00,4627.8,12
2004-11-05 01:00:00,6286.0,6
2004-11-05 01:00:00,6240.1,5
2004-11-05 01:00:00,4437.5,2
2004-11-05 01:00:00,4373.4,1
2004-11-05 01:00:00,4474.7,4
2004-11-05 01:00:00,4567.5,3
2004-11-05 13:00:00,5656.1,22
2004-11-05 13:00:00,4973.9,23
2004-11-05 13:00:00,6408.5,20
2004-11-05 13:00:00,6241.6,19
2004-11-05 13:00:00,4687.7,24
2004-11-05 13:00:00,5789.1,21
2004-11-05 15:00:00,5020.5,17
2004-11-05 15:00:00,,13
2004-11-05 15:00:00,5174.6,15
2004-11-05 15:00:00,5435.6,16
2004-11-05 15:00:00,,14
2004-11-05 15:00:00,5272.4,18
2004-11-05 22:00:00,6033.8,8
2004-11-05 22:00:00,5048.9,9
2004-11-05 22:00:00,5191.7,7
2004-11-05 22:00:00,4625.4,12
2004-11-05 22:00:00,5279.9,11
2004-11-05 22:00:00,5385.2,10
2004-11-11 02:00:00,4570.2,3
2004-11-11 02:00:00,6291.8,6
2004-11-11 02:00:00,4374.9,1
2004-11-11 02:00:00,4477.8,4
2004-11-11 02:00:00,6245.0,5
2004-11-11 02:00:00,4443.1,2
2004-11-11 14:00:00,4974.0,23
2004-11-11 14:00:00,4687.4,24
2004-11-11 14:00:00,6242.6,19
2004-11-11 14:00:00,6408.4,20
2004-11-11 14:00:00,5789.6,21
2004-11-11 14:00:00,5656.2,22
2004-11-11 16:00:00,5021.2,17
2004-11-11 16:00:00,5174.1,15
2004-11-11 16:00:00,5211.6,18
2004-11-11 16:00:00,,14
2004-11-11 16:00:00,5434.6,16
2004-11-11 16:00:00,,13
2004-11-11 23:00:00,5279.5,11
2004-11-11 23:00:00,6014.6,8
2004-11-11 23:00:00,5381.5,10
2004-11-11 23:00:00,5549.1,9
2004-11-11 23:00:00,5179.5,7
2004-11-11 23:00:00,4625.0,12
2004-11-18 00:00:00,5545.3,9
2004-11-18 00:00:00,5158.3,7
2004-11-18 00:00:00,6009.7,8
2004-11-18 00:00:00,4624.9,12
2004-11-18 00:00:00,5280.0,11
2004-11-18 00:00:00,5380.1,10
2004-11-18 03:00:00,6232.1,5
2004-11-18 03:00:00,4443.3,2
2004-11-18 03:00:00,4477.2,4
2004-11-18 03:00:00,6279.5,6
2004-11-18 03:00:00,4376.4,1
2004-11-18 03:00:00,4570.3,3
2004-11-18 15:00:00,6242.4,19
2004-11-18 15:00:00,4974.7,23
2004-11-18 15:00:00,5656.4,22
2004-11-18 15:00:00,5790.0,21
2004-11-18 15:00:00,4688.1,24
2004-11-18 15:00:00,6408.4,20
2004-11-18 17:00:00,5021.8,17
2004-11-18 17:00:00,,13
2004-11-18 17:00:00,5174.0,15
2004-11-18 17:00:00,,14
2004-11-18 17:00:00,5434.1,16
2004-11-18 17:00:00,5212.1,18
2004-11-26 01:00:00,5546.4,9
2004-11-26 01:00:00,5385.7,10
2004-11-26 01:00:00,4624.6,12
2004-11-26 01:00:00,5197.9,7
2004-11-26 01:00:00,6035.0,8
2004-11-26 01:00:00,5279.5,11
2004-11-26 04:00:00,6277.4,6
2004-11-26 04:00:00,4565.1,3
2004-11-26 04:00:00,4368.2,1
2004-11-26 04:00:00,4427.6,2
2004-11-26 04:00:00,4469.8,4
2004-11-26 04:00:00,6229.8,5
2004-11-26 16:00:00,4972.6,23
2004-11-26 16:00:00,5787.2,21
2004-11-26 16:00:00,6410.4,20
2004-11-26 16:00:00,4686.9,24
2004-11-26 16:00:00,5654.2,22
2004-11-26 16:00:00,6242.6,19
2004-11-26 18:00:00,5173.3,15
2004-11-26 18:00:00,,13
2004-11-26 18:00:00,,14
2004-11-26 18:00:00,5022.9,17
2004-11-26 18:00:00,5211.8,18
2004-11-26 18:00:00,5433.8,16
2004-12-01 02:00:00,4624.0,12
2004-12-01 02:00:00,6028.3,8
2004-12-01 02:00:00,5279.5,11
2004-12-01 02:00:00,5385.3,10
2004-12-01 02:00:00,5202.0,7
2004-12-01 02:00:00,5547.8,9
2004-12-01 05:00:00,6224.7,5
2004-12-01 05:00:00,6262.7,6
2004-12-01 05:00:00,4465.6,4
2004-12-01 05:00:00,4427.4,2
2004-12-01 05:00:00,4370.9,1
2004-12-01 05:00:00,4567.2,3
2004-12-01 17:00:00,6407.3,20
2004-12-01 17:00:00,6241.0,19
2004-12-01 17:00:00,5785.0,21
2004-12-01 17:00:00,4686.9,24
2004-12-01 17:00:00,5650.0,22
2004-12-01 17:00:00,4972.6,23
2004-12-01 19:00:00,,13
2004-12-01 19:00:00,,14
2004-12-01 19:00:00,5211.6,18
2004-12-01 19:00:00,5023.0,17
2004-12-01 19:00:00,5433.9,16
2004-12-01 19:00:00,5173.3,15
2004-12-03 03:00:00,5386.0,10
2004-12-03 03:00:00,5278.5,11
2004-12-03 03:00:00,5546.7,9
2004-12-03 03:00:00,6040.9,8
2004-12-03 03:00:00,5207.6,7
2004-12-03 03:00:00,4623.7,12
2004-12-03 06:00:00,4562.5,3
2004-12-03 06:00:00,6250.6,6
2004-12-03 06:00:00,4366.2,1
2004-12-03 06:00:00,4421.7,2
2004-12-03 06:00:00,4463.1,4
2004-12-03 06:00:00,6211.8,5
2004-12-03 18:00:00,6411.5,20
2004-12-03 18:00:00,6242.4,19
2004-12-03 18:00:00,4972.6,23
2004-12-03 18:00:00,5652.5,22
2004-12-03 18:00:00,4686.9,24
2004-12-03 18:00:00,5786.4,21
2004-12-03 20:00:00,5173.0,15
2004-12-03 20:00:00,5022.2,17
2004-12-03 20:00:00,,13
2004-12-03 20:00:00,5433.4,16
2004-12-03 20:00:00,5211.3,18
2004-12-03 20:00:00,,14
2004-12-21 04:00:00,5276.6,11
2004-12-21 04:00:00,5202.1,7
2004-12-21 04:00:00,5385.4,10
2004-12-21 04:00:00,5547.6,9
2004-12-21 04:00:00,6028.3,8
2004-12-21 04:00:00,4624.1,12
2004-12-21 07:00:00,6225.0,5
2004-12-21 07:00:00,4567.1,3
2004-12-21 07:00:00,4465.6,4
2004-12-21 07:00:00,6262.8,6
2004-12-21 07:00:00,4427.4,2
2004-12-21 07:00:00,4370.5,1
2004-12-21 19:00:00,6241.1,19
2004-12-21 19:00:00,4687.1,24
2004-12-21 19:00:00,6407.5,20
2004-12-21 19:00:00,4972.6,23
2004-12-21 19:00:00,5650.1,22
2004-12-21 19:00:00,5785.3,21
2004-12-21 21:00:00,,13
2004-12-21 21:00:00,5211.3,18
2004-12-21 21:00:00,5433.9,16
2004-12-21 21:00:00,5023.1,17
2004-12-21 21:00:00,5173.8,15
2004-12-21 21:00:00,,14
2004-12-27 05:00:00,5279.5,11
2004-12-27 05:00:00,5184.7,7
2004-12-27 05:00:00,4623.3,12
2004-12-27 05:00:00,6020.8,8
2004-12-27 05:00:00,5546.1,9
2004-12-27 05:00:00,5381.4,10
2004-12-27 08:00:00,6257.1,6
2004-12-27 08:00:00,4465.5,4
2004-12-27 08:00:00,4568.7,3
2004-12-27 08:00:00,4430.3,2
2004-12-27 08:00:00,4372.2,1
2004-12-27 08:00:00,6224.1,5
2004-12-27 20:00:00,5267.6,22
2004-12-27 20:00:00,6240.6,19
2004-12-27 20:00:00,4686.9,24
2004-12-27 20:00:00,5784.2,21
2004-12-27 20:00:00,6410.8,20
2004-12-27 20:00:00,4972.5,23
2004-12-27 22:00:00,5433.8,16
2004-12-27 22:00:00,,14
2004-12-27 22:00:00,5173.2,15
2004-12-27 22:00:00,,13
2004-12-27 22:00:00,5211.9,18
2004-12-27 22:00:00,5023.1,17
2005-01-06 06:00:00,6020.8,8
2005-01-06 06:00:00,5381.8,10
2005-01-06 06:00:00,5546.0,9
2005-01-06 06:00:00,5279.6,11
2005-01-06 06:00:00,5184.6,7
2005-01-06 06:00:00,4623.6,12
2005-01-06 09:00:00,4372.2,1
2005-01-06 09:00:00,4466.0,4
2005-01-06 09:00:00,6223.9,5
2005-01-06 09:00:00,4569.3,3
2005-01-06 09:00:00,4430.8,2
2005-01-06 09:00:00,6257.1,6
2005-01-06 21:00:00,5784.3,21
2005-01-06 21:00:00,6411.3,20
2005-01-06 21:00:00,4687.4,24
2005-01-06 21:00:00,5267.6,22
2005-01-06 21:00:00,6241.0,19
2005-01-06 21:00:00,4973.2,23
2005-01-06 23:00:00,5023.1,17
2005-01-06 23:00:00,,14
2005-01-06 23:00:00,,13
2005-01-06 23:00:00,5433.8,16
2005-01-06 23:00:00,5173.6,15
2005-01-06 23:00:00,5211.8,18
2005-01-11 00:00:00,,14
2005-01-11 00:00:00,5433.9,16
2005-01-11 00:00:00,,13
2005-01-11 00:00:00,5211.4,18
2005-01-11 00:00:00,5023.4,17
2005-01-11 00:00:00,5173.2,15
2005-01-11 07:00:00,5279.6,11
2005-01-11 07:00:00,6020.4,8
2005-01-11 07:00:00,5381.4,10
2005-01-11 07:00:00,4623.6,12
2005-01-11 07:00:00,5546.1,9
2005-01-11 07:00:00,5184.7,7
2005-01-11 10:00:00,4431.0,2
2005-01-11 10:00:00,4372.5,1
2005-01-11 10:00:00,6224.1,5
2005-01-11 10:00:00,4568.7,3
2005-01-11 10:00:00,4465.7,4
2005-01-11 10:00:00,6257.0,6
2005-01-11 22:00:00,5784.3,21
2005-01-11 22:00:00,4686.3,24
2005-01-11 22:00:00,5267.5,22
2005-01-11 22:00:00,6411.2,20
2005-01-11 22:00:00,6240.8,19
2005-01-11 22:00:00,4972.4,23
2005-01-21 01:00:00,5173.0,15
2005-01-21 01:00:00,5022.7,17
2005-01-21 01:00:00,5211.1,18
2005-01-21 01:00:00,,13
2005-01-21 01:00:00,,14
2005-01-21 01:00:00,5433.2,16
2005-01-21 08:00:00,5383.3,10
2005-01-21 08:00:00,5278.5,11
2005-01-21 08:00:00,4623.1,12
2005-01-21 08:00:00,5191.9,7
2005-01-21 08:00:00,5546.1,9
2005-01-21 08:00:00,6030.9,8
2005-01-21 11:00:00,4565.4,3
2005-01-21 11:00:00,6250.5,6
2005-01-21 11:00:00,4424.0,2
2005-01-21 11:00:00,4371.4,1
2005-01-21 11:00:00,6386.2,5
2005-01-21 11:00:00,4459.6,4
2005-01-21 23:00:00,6412.6,20
2005-01-21 23:00:00,6243.4,19
2005-01-21 23:00:00,5781.7,21
2005-01-21 23:00:00,4685.3,24
2005-01-21 23:00:00,5011.1,23
2005-01-21 23:00:00,5644.6,22
2005-01-28 00:00:00,6221.3,19
2005-01-28 00:00:00,5638.7,22
2005-01-28 00:00:00,5792.5,21
2005-01-28 00:00:00,4689.7,24
2005-01-28 00:00:00,4944.5,23
2005-01-28 00:00:00,6395.0,20
2005-01-28 02:00:00,,14
2005-01-28 02:00:00,5193.9,17
2005-01-28 02:00:00,,13
2005-01-28 02:00:00,5420.1,16
2005-01-28 02:00:00,5134.5,15
2005-01-28 02:00:00,5197.3,18
2005-01-28 09:00:00,6001.5,8
2005-01-28 09:00:00,5338.1,10
2005-01-28 09:00:00,4595.6,12
2005-01-28 09:00:00,5158.4,11
2005-01-28 09:00:00,5275.5,7
2005-01-28 09:00:00,5530.7,9
2005-01-28 12:00:00,4863.3,5
2005-01-28 12:00:00,4021.6,1
2005-01-28 12:00:00,4544.4,3
2005-01-28 12:00:00,5132.6,2
2005-01-28 12:00:00,4456.3,4
2005-01-28 12:00:00,5299.5,6
2005-02-01 01:00:00,6396.2,20
2005-02-01 01:00:00,5792.5,21
2005-02-01 01:00:00,4689.5,24
2005-02-01 01:00:00,4943.9,23
2005-02-01 01:00:00,6247.5,19
2005-02-01 01:00:00,5639.0,22
2005-02-01 03:00:00,5194.0,18
2005-02-01 03:00:00,,14
2005-02-01 03:00:00,5131.8,15
2005-02-01 03:00:00,5416.5,16
2005-02-01 03:00:00,5191.6,17
2005-02-01 03:00:00,,13
2005-02-01 10:00:00,5256.1,7
2005-02-01 10:00:00,4590.4,12
2005-02-01 10:00:00,5155.5,11
2005-02-01 10:00:00,5992.4,8
2005-02-01 10:00:00,5521.1,9
2005-02-01 10:00:00,5333.6,10
2005-02-01 13:00:00,5119.6,2
2005-02-01 13:00:00,4861.9,5
2005-02-01 13:00:00,4548.8,3
2005-02-01 13:00:00,4455.2,4
2005-02-01 13:00:00,4016.8,1
2005-02-01 13:00:00,5304.7,6
2005-02-10 02:00:00,5639.0,22
2005-02-10 02:00:00,6249.4,19
2005-02-10 02:00:00,4940.3,23
2005-02-10 02:00:00,4689.2,24
2005-02-10 02:00:00,5792.4,21
2005-02-10 02:00:00,6396.4,20
2005-02-10 04:00:00,5132.7,15
2005-02-10 04:00:00,5191.9,17
2005-02-10 04:00:00,,14
2005-02-10 04:00:00,5194.7,18
2005-02-10 04:00:00,5417.1,16
2005-02-10 04:00:00,,13
2005-02-10 11:00:00,5156.4,11
2005-02-10 11:00:00,5256.5,7
2005-02-10 11:00:00,5522.9,9
2005-02-10 11:00:00,5335.4,10
2005-02-10 11:00:00,5994.7,8
2005-02-10 11:00:00,4591.8,12
2005-02-10 14:00:00,5111.5,2
2005-02-10 14:00:00,4549.2,3
2005-02-10 14:00:00,5299.8,6
2005-02-10 14:00:00,4009.2,1
2005-02-10 14:00:00,4452.3,4
2005-02-10 14:00:00,4848.2,5
2005-02-17 03:00:00,6253.9,19
2005-02-17 03:00:00,4938.2,23
2005-02-17 03:00:00,5639.2,22
2005-02-17 03:00:00,6399.3,20
2005-02-17 03:00:00,4689.1,24
2005-02-17 03:00:00,5792.3,21
2005-02-17 05:00:00,5417.3,16
2005-02-17 05:00:00,,14
2005-02-17 05:00:00,,13
2005-02-17 05:00:00,5133.0,15
2005-02-17 05:00:00,5194.5,18
2005-02-17 05:00:00,5192.1,17
2005-02-17 12:00:00,4592.3,12
2005-02-17 12:00:00,6004.9,8
2005-02-17 12:00:00,5338.3,10
2005-02-17 12:00:00,5523.4,9
2005-02-17 12:00:00,5156.9,11
2005-02-17 12:00:00,5257.1,7
2005-02-17 15:00:00,4457.1,4
2005-02-17 15:00:00,5122.8,2
2005-02-17 15:00:00,4553.5,3
2005-02-17 15:00:00,5303.7,6
2005-02-17 15:00:00,4012.0,1
2005-02-17 15:00:00,4863.6,5
2005-02-23 04:00:00,4688.9,24
2005-02-23 04:00:00,6256.4,19
2005-02-23 04:00:00,6399.1,20
2005-02-23 04:00:00,5790.3,21
2005-02-23 04:00:00,5637.6,22
2005-02-23 04:00:00,4935.7,23
2005-02-23 06:00:00,5192.0,17
2005-02-23 06:00:00,,14
2005-02-23 06:00:00,,13
2005-02-23 06:00:00,5133.7,15
2005-02-23 06:00:00,5417.7,16
2005-02-23 06:00:00,5194.4,18
2005-02-23 13:00:00,4592.5,12
2005-02-23 13:00:00,5342.9,10
2005-02-23 13:00:00,5523.6,9
2005-02-23 13:00:00,5107.0,11
2005-02-23 13:00:00,5274.4,7
2005-02-23 13:00:00,6020.4,8
2005-02-23 16:00:00,5301.7,6
2005-02-23 16:00:00,4010.0,1
2005-02-23 16:00:00,4549.1,3
2005-02-23 16:00:00,4450.2,4
2005-02-23 16:00:00,4893.9,5
2005-02-23 16:00:00,5112.2,2
2005-03-04 05:00:00,4933.5,23
2005-03-04 05:00:00,4687.6,24
2005-03-04 05:00:00,5791.0,21
2005-03-04 05:00:00,6266.5,19
2005-03-04 05:00:00,5637.6,22
2005-03-04 05:00:00,6404.7,20
2005-03-04 07:00:00,4178.7,14
2005-03-04 07:00:00,5418.5,16
2005-03-04 07:00:00,5194.4,18
2005-03-04 07:00:00,4597.0,13
2005-03-04 07:00:00,5191.8,17
2005-03-04 07:00:00,5135.0,15
2005-03-04 14:00:00,5156.6,11
2005-03-04 14:00:00,5345.9,10
2005-03-04 14:00:00,6029.8,8
2005-03-04 14:00:00,5523.6,9
2005-03-04 14:00:00,5285.4,7
2005-03-04 14:00:00,4592.5,12
2005-03-04 17:00:00,5120.1,2
2005-03-04 17:00:00,4455.9,4
2005-03-04 17:00:00,4012.2,1
2005-03-04 17:00:00,4553.1,3
2005-03-04 17:00:00,4866.0,5
2005-03-04 17:00:00,5305.4,6
2005-03-11 06:00:00,6404.8,20
2005-03-11 06:00:00,5637.8,22
2005-03-11 06:00:00,6267.7,19
2005-03-11 06:00:00,5791.1,21
2005-03-11 06:00:00,4932.3,23
2005-03-11 06:00:00,4687.5,24
2005-03-11 08:00:00,5419.1,16
2005-03-11 08:00:00,5191.6,17
2005-03-11 08:00:00,5194.5,18
2005-03-11 08:00:00,5136.0,15
2005-03-11 08:00:00,4597.6,13
2005-03-11 08:00:00,4179.8,14
2005-03-11 15:00:00,6032.4,8
2005-03-11 15:00:00,5156.5,11
2005-03-11 15:00:00,5346.3,10
2005-03-11 15:00:00,5523.4,9
2005-03-11 15:00:00,5290.6,7
2005-03-11 15:00:00,4592.5,12
2005-03-11 18:00:00,4010.7,1
2005-03-11 18:00:00,5112.2,2
2005-03-11 18:00:00,4451.2,4
2005-03-11 18:00:00,5299.7,6
2005-03-11 18:00:00,4856.1,5
2005-03-11 18:00:00,4550.6,3
2005-03-18 07:00:00,4686.6,24
2005-03-18 07:00:00,6404.6,20
2005-03-18 07:00:00,4930.8,23
2005-03-18 07:00:00,5637.1,22
2005-03-18 07:00:00,5790.3,21
2005-03-18 07:00:00,6269.2,19
2005-03-18 09:00:00,5426.8,16
2005-03-18 09:00:00,5149.6,15
2005-03-18 09:00:00,5191.6,17
2005-03-18 09:00:00,4199.1,14
2005-03-18 09:00:00,4617.2,13
2005-03-18 09:00:00,5194.5,18
2005-03-18 16:00:00,4592.7,12
2005-03-18 16:00:00,6036.7,8
2005-03-18 16:00:00,5523.6,9
2005-03-18 16:00:00,5347.9,10
2005-03-18 16:00:00,5296.5,7
2005-03-18 16:00:00,5156.6,11
2005-03-18 19:00:00,4552.4,3
2005-03-18 19:00:00,5116.9,2
2005-03-18 19:00:00,5299.4,6
2005-03-18 19:00:00,4453.8,4
2005-03-18 19:00:00,4011.7,1
2005-03-18 19:00:00,4859.5,5
2005-03-24 08:00:00,4931.4,23
2005-03-24 08:00:00,4686.9,24
2005-03-24 08:00:00,5638.2,22
2005-03-24 08:00:00,5791.6,21
2005-03-24 08:00:00,6275.7,19
2005-03-24 08:00:00,6409.4,20
2005-03-24 10:00:00,4620.4,13
2005-03-24 10:00:00,5195.7,18
2005-03-24 10:00:00,5151.5,15
2005-03-24 10:00:00,4202.3,14
2005-03-24 10:00:00,5191.8,17
2005-03-24 10:00:00,5428.2,16
2005-03-24 17:00:00,5301.7,7
2005-03-24 17:00:00,5524.6,9
2005-03-24 17:00:00,5348.9,10
2005-03-24 17:00:00,6040.3,8
2005-03-24 17:00:00,4593.1,12
2005-03-24 17:00:00,5156.6,11
2005-03-24 20:00:00,4876.3,5
2005-03-24 20:00:00,5129.8,2
2005-03-24 20:00:00,4014.5,1
2005-03-24 20:00:00,4556.1,3
2005-03-24 20:00:00,4460.9,4
2005-03-24 20:00:00,5304.4,6
2005-03-28 09:00:00,6408.3,20
2005-03-28 09:00:00,5791.2,21
2005-03-28 09:00:00,4686.0,24
2005-03-28 09:00:00,4930.1,23
2005-03-28 09:00:00,5637.7,22
2005-03-28 09:00:00,6275.0,19
2005-03-28 11:00:00,5191.5,17
2005-03-28 11:00:00,5428.2,16
2005-03-28 11:00:00,4620.3,13
2005-03-28 11:00:00,5151.8,15
2005-03-28 11:00:00,5195.1,18
2005-03-28 11:00:00,4202.1,14
2005-03-28 18:00:00,4592.7,12
2005-03-28 18:00:00,5524.1,9
2005-03-28 18:00:00,5301.5,7
2005-03-28 18:00:00,5348.8,10
2005-03-28 18:00:00,5156.2,11
2005-03-28 18:00:00,6039.9,8
2005-03-28 21:00:00,4457.4,4
2005-03-28 21:00:00,4555.1,3
2005-03-28 21:00:00,4863.9,5
2005-03-28 21:00:00,5301.8,6
2005-03-28 21:00:00,5120.2,2
2005-03-28 21:00:00,4012.5,1
2005-04-08 10:00:00,5791.6,21
2005-04-08 10:00:00,6277.4,19
2005-04-08 10:00:00,5638.2,22
2005-04-08 10:00:00,6409.5,20
2005-04-08 10:00:00,4926.3,23
2005-04-08 10:00:00,4683.3,24
2005-04-08 12:00:00,4207.6,14
2005-04-08 12:00:00,5196.7,18
2005-04-08 12:00:00,4624.5,13
2005-04-08 12:00:00,5432.0,16
2005-04-08 12:00:00,5192.2,17
2005-04-08 12:00:00,5156.5,15
2005-04-08 19:00:00,4593.1,12
2005-04-08 19:00:00,5524.0,9
2005-04-08 19:00:00,5301.0,7
2005-04-08 19:00:00,5154.8,11
2005-04-08 19:00:00,5347.4,10
2005-04-08 19:00:00,6038.9,8
2005-04-08 22:00:00,4555.1,3
2005-04-08 22:00:00,5115.1,2
2005-04-08 22:00:00,4862.6,5
2005-04-08 22:00:00,4456.9,4
2005-04-08 22:00:00,4011.6,1
2005-04-08 22:00:00,5304.6,6
2005-04-15 11:00:00,6277.7,19
2005-04-15 11:00:00,5791.9,21
2005-04-15 11:00:00,4926.5,23
2005-04-15 11:00:00,4683.6,24
2005-04-15 11:00:00,5638.7,22
2005-04-15 11:00:00,6409.4,20
2005-04-15 13:00:00,4625.3,13
2005-04-15 13:00:00,4209.0,14
2005-04-15 13:00:00,5438.9,16
2005-04-15 13:00:00,5192.2,17
2005-04-15 13:00:00,5196.6,18
2005-04-15 13:00:00,5158.8,15
2005-04-15 20:00:00,5300.6,7
2005-04-15 20:00:00,5346.9,10
2005-04-15 20:00:00,5524.4,9
2005-04-15 20:00:00,4593.4,12
2005-04-15 20:00:00,6036.8,8
2005-04-15 20:00:00,5154.9,11
2005-04-15 23:00:00,4557.3,3
2005-04-15 23:00:00,5305.9,6
2005-04-15 23:00:00,5125.6,2
2005-04-15 23:00:00,4870.7,5
2005-04-15 23:00:00,4013.6,1
2005-04-15 23:00:00,4460.8,4
2005-04-20 00:00:00,4467.0,4
2005-04-20 00:00:00,4014.0,1
2005-04-20 00:00:00,4870.9,5
2005-04-20 00:00:00,5132.4,2
2005-04-20 00:00:00,5306.5,6
2005-04-20 00:00:00,4559.7,3
2005-04-20 12:00:00,6409.4,20
2005-04-20 12:00:00,5792.2,21
2005-04-20 12:00:00,5638.8,22
2005-04-20 12:00:00,4925.8,23
2005-04-20 12:00:00,6277.2,19
2005-04-20 12:00:00,4682.5,24
2005-04-20 14:00:00,5160.3,15
2005-04-20 14:00:00,4208.9,14
2005-04-20 14:00:00,5192.6,17
2005-04-20 14:00:00,5196.9,18
2005-04-20 14:00:00,4624.0,13
2005-04-20 14:00:00,5434.9,16
2005-04-20 21:00:00,5156.4,11
2005-04-20 21:00:00,6030.1,8
2005-04-20 21:00:00,5526.3,9
2005-04-20 21:00:00,5298.3,7
2005-04-20 21:00:00,5346.1,10
2005-04-20 21:00:00,4594.1,12
2005-04-29 01:00:00,5141.6,2
2005-04-29 01:00:00,4467.7,4
2005-04-29 01:00:00,4564.0,3
2005-04-29 01:00:00,5321.5,6
2005-04-29 01:00:00,4880.1,5
2005-04-29 01:00:00,4017.3,1
2005-04-29 13:00:00,6413.3,20
2005-04-29 13:00:00,5794.9,21
2005-04-29 13:00:00,6279.8,19
2005-04-29 13:00:00,4683.2,24
2005-04-29 13:00:00,4926.0,23
2005-04-29 13:00:00,5642.9,22
2005-04-29 15:00:00,5166.5,15
2005-04-29 15:00:00,5439.2,16
2005-04-29 15:00:00,4624.7,13
2005-04-29 15:00:00,4211.0,14
2005-04-29 15:00:00,,18
2005-04-29 15:00:00,5194.3,17
2005-04-29 22:00:00,5351.1,10
2005-04-29 22:00:00,4596.3,12
2005-04-29 22:00:00,5298.4,7
2005-04-29 22:00:00,5529.9,9
2005-04-29 22:00:00,6034.0,8
2005-04-29 22:00:00,5159.3,11
2005-05-05 02:00:00,4414.1,4
2005-05-05 02:00:00,5135.6,2
2005-05-05 02:00:00,4868.8,5
2005-05-05 02:00:00,5318.6,6
2005-05-05 02:00:00,4562.9,3
2005-05-05 02:00:00,4014.7,1
2005-05-05 14:00:00,4924.6,23
2005-05-05 14:00:00,4681.3,24
2005-05-05 14:00:00,6276.5,19
2005-05-05 14:00:00,5642.0,22
2005-05-05 14:00:00,5794.2,21
2005-05-05 14:00:00,6410.2,20
2005-05-05 16:00:00,5194.4,17
2005-05-05 16:00:00,4210.7,14
2005-05-05 16:00:00,5168.2,15
2005-05-05 16:00:00,4624.2,13
2005-05-05 16:00:00,,18
2005-05-05 16:00:00,5439.8,16
2005-05-05 23:00:00,5349.4,10
2005-05-05 23:00:00,5158.2,11
2005-05-05 23:00:00,6032.5,8
2005-05-05 23:00:00,4595.9,12
2005-05-05 23:00:00,5528.9,9
2005-05-05 23:00:00,5298.5,7
2005-05-12 00:00:00,5156.4,11
2005-05-12 00:00:00,5346.3,10
2005-05-12 00:00:00,6029.7,8
2005-05-12 00:00:00,4595.1,12
2005-05-12 00:00:00,5526.8,9
2005-05-12 00:00:00,5296.1,7
2005-05-12 03:00:00,4014.5,1
2005-05-12 03:00:00,4563.6,3
2005-05-12 03:00:00,5134.8,2
2005-05-12 03:00:00,4474.1,4
2005-05-12 03:00:00,5321.8,6
2005-05-12 03:00:00,4871.4,5
2005-05-12 15:00:00,5641.8,22
2005-05-12 15:00:00,6409.0,20
2005-05-12 15:00:00,4681.0,24
2005-05-12 15:00:00,6275.0,19
2005-05-12 15:00:00,4924.2,23
2005-05-12 15:00:00,5793.5,21
2005-05-12 17:00:00,5439.3,16
2005-05-12 17:00:00,4209.0,14
2005-05-12 17:00:00,5168.1,15
2005-05-12 17:00:00,,18
2005-05-12 17:00:00,4623.0,13
2005-05-12 17:00:00,5193.7,17
2005-05-18 01:00:00,6025.3,8
2005-05-18 01:00:00,5344.2,10
2005-05-18 01:00:00,5294.5,7
2005-05-18 01:00:00,5525.2,9
2005-05-18 01:00:00,5155.2,11
2005-05-18 01:00:00,4594.4,12
2005-05-18 04:00:00,4014.0,1
2005-05-18 04:00:00,4563.5,3
2005-05-18 04:00:00,5134.7,2
2005-05-18 04:00:00,5321.2,6
2005-05-18 04:00:00,4473.6,4
2005-05-18 04:00:00,4867.9,5
2005-05-18 16:00:00,4923.6,23
2005-05-18 16:00:00,5641.4,22
2005-05-18 16:00:00,5793.6,21
2005-05-18 16:00:00,6407.5,20
2005-05-18 16:00:00,6274.1,19
2005-05-18 16:00:00,4680.5,24
2005-05-18 18:00:00,4207.7,14
2005-05-18 18:00:00,5193.4,17
2005-05-18 18:00:00,4621.9,13
2005-05-18 18:00:00,5439.1,16
2005-05-18 18:00:00,5167.9,15
2005-05-18 18:00:00,,18
2005-05-19 02:00:00,4594.6,12
2005-05-19 02:00:00,5155.6,11
2005-05-19 02:00:00,5337.2,10
2005-05-19 02:00:00,5525.5,9
2005-05-19 02:00:00,5250.7,7
2005-05-19 02:00:00,5988.0,8
2005-05-19 05:00:00,4473.3,4
2005-05-19 05:00:00,4862.5,5
2005-05-19 05:00:00,5319.4,6
2005-05-19 05:00:00,4563.4,3
2005-05-19 05:00:00,5133.7,2
2005-05-19 05:00:00,4013.8,1
2005-05-19 17:00:00,4680.6,24
2005-05-19 17:00:00,5641.0,22
2005-05-19 17:00:00,5793.3,21
2005-05-19 17:00:00,6405.9,20
2005-05-19 17:00:00,6270.4,19
2005-05-19 17:00:00,4924.1,23
2005-05-19 19:00:00,5438.2,16
2005-05-19 19:00:00,,18
2005-05-19 19:00:00,5168.0,15
2005-05-19 19:00:00,4544.5,13
2005-05-19 19:00:00,5193.5,17
2005-05-19 19:00:00,4142.7,14
2005-05-27 03:00:00,5353.2,10
2005-05-27 03:00:00,5238.6,7
2005-05-27 03:00:00,5161.1,11
2005-05-27 03:00:00,5524.2,9
2005-05-27 03:00:00,4602.4,12
2005-05-27 03:00:00,6002.1,8
2005-05-27 06:00:00,4019.8,1
2005-05-27 06:00:00,4494.6,4
2005-05-27 06:00:00,4895.9,5
2005-05-27 06:00:00,5338.2,6
2005-05-27 06:00:00,5158.7,2
2005-05-27 06:00:00,4580.1,3
2005-05-27 18:00:00,5645.3,22
2005-05-27 18:00:00,4683.6,24
2005-05-27 18:00:00,6271.4,19
2005-05-27 18:00:00,5797.8,21
2005-05-27 18:00:00,6408.2,20
2005-05-27 18:00:00,4926.7,23
2005-05-27 20:00:00,,18
2005-05-27 20:00:00,4136.1,14
2005-05-27 20:00:00,4548.3,13
2005-05-27 20:00:00,5171.4,15
2005-05-27 20:00:00,5436.4,16
2005-05-27 20:00:00,5196.6,17
2005-06-03 04:00:00,5514.1,9
2005-06-03 04:00:00,6016.0,8
2005-06-03 04:00:00,4597.3,12
2005-06-03 04:00:00,5260.6,7
2005-06-03 04:00:00,5153.2,11
2005-06-03 04:00:00,5344.4,10
2005-06-03 07:00:00,4574.4,3
2005-06-03 07:00:00,5326.5,6
2005-06-03 07:00:00,4862.0,5
2005-06-03 07:00:00,5114.5,2
2005-06-03 07:00:00,4481.5,4
2005-06-03 07:00:00,4015.6,1
2005-06-03 19:00:00,4682.2,24
2005-06-03 19:00:00,5796.9,21
2005-06-03 19:00:00,6269.2,19
2005-06-03 19:00:00,5643.9,22
2005-06-03 19:00:00,4925.0,23
2005-06-03 19:00:00,6406.6,20
2005-06-03 21:00:00,,18
2005-06-03 21:00:00,5292.8,15
2005-06-03 21:00:00,5433.5,16
2005-06-03 21:00:00,5194.1,17
2005-06-03 21:00:00,4178.6,14
2005-06-03 21:00:00,4593.8,13
2005-06-10 05:00:00,5345.6,10
2005-06-10 05:00:00,5264.7,7
2005-06-10 05:00:00,5153.7,11
2005-06-10 05:00:00,6019.7,8
2005-06-10 05:00:00,4597.3,12
2005-06-10 05:00:00,5514.1,9
2005-06-10 08:00:00,4575.5,3
2005-06-10 08:00:00,4015.3,1
2005-06-10 08:00:00,4870.8,5
2005-06-10 08:00:00,5326.4,6
2005-06-10 08:00:00,4481.5,4
2005-06-10 08:00:00,5141.9,2
2005-06-10 20:00:00,6406.7,20
2005-06-10 20:00:00,5644.5,22
2005-06-10 20:00:00,4682.7,24
2005-06-10 20:00:00,4925.4,23
2005-06-10 20:00:00,6269.5,19
2005-06-10 20:00:00,5797.3,21
2005-06-10 22:00:00,5194.3,17
2005-06-10 22:00:00,5434.0,16
2005-06-10 22:00:00,4594.3,13
2005-06-10 22:00:00,5169.6,15
2005-06-10 22:00:00,4179.5,14
2005-06-10 22:00:00,,18
2005-06-16 06:00:00,5968.7,8
2005-06-16 06:00:00,5334.5,10
2005-06-16 06:00:00,5153.7,11
2005-06-16 06:00:00,5512.7,9
2005-06-16 06:00:00,4597.2,12
2005-06-16 06:00:00,5206.0,7
2005-06-16 09:00:00,4867.4,5
2005-06-16 09:00:00,5143.4,2
2005-06-16 09:00:00,4575.6,3
2005-06-16 09:00:00,4015.3,1
2005-06-16 09:00:00,5326.3,6
2005-06-16 09:00:00,4482.8,4
2005-06-16 21:00:00,5644.5,22
2005-06-16 21:00:00,4683.0,24
2005-06-16 21:00:00,4925.6,23
2005-06-16 21:00:00,6401.5,20
2005-06-16 21:00:00,5797.6,21
2005-06-16 21:00:00,6259.6,19
2005-06-16 23:00:00,5194.2,17
2005-06-16 23:00:00,4086.7,14
2005-06-16 23:00:00,,18
2005-06-16 23:00:00,5168.6,15
2005-06-16 23:00:00,5432.1,16
2005-06-16 23:00:00,4490.7,13
2005-06-24 00:00:00,,18
2005-06-24 00:00:00,5167.6,15
2005-06-24 00:00:00,5430.2,16
2005-06-24 00:00:00,4080.7,14
2005-06-24 00:00:00,5194.9,17
2005-06-24 00:00:00,4487.7,13
2005-06-24 07:00:00,5511.2,9
2005-06-24 07:00:00,5199.5,7
2005-06-24 07:00:00,4600.3,12
2005-06-24 07:00:00,5341.8,10
2005-06-24 07:00:00,5957.1,8
2005-06-24 07:00:00,5155.3,11
2005-06-24 10:00:00,5158.8,2
2005-06-24 10:00:00,4883.3,5
2005-06-24 10:00:00,4494.4,4
2005-06-24 10:00:00,4586.7,3
2005-06-24 10:00:00,4019.0,1
2005-06-24 10:00:00,5338.3,6
2005-06-24 22:00:00,5647.5,22
2005-06-24 22:00:00,4927.0,23
2005-06-24 22:00:00,6259.6,19
2005-06-24 22:00:00,6402.5,20
2005-06-24 22:00:00,4684.3,24
2005-06-24 22:00:00,5800.0,21
2005-06-30 01:00:00,5193.8,17
2005-06-30 01:00:00,,18
2005-06-30 01:00:00,4500.2,13
2005-06-30 01:00:00,5166.4,15
2005-06-30 01:00:00,4092.4,14
2005-06-30 01:00:00,5429.2,16
2005-06-30 08:00:00,5505.0,9
2005-06-30 08:00:00,4597.8,12
2005-06-30 08:00:00,5338.2,10
2005-06-30 08:00:00,5200.6,7
2005-06-30 08:00:00,5151.3,11
2005-06-30 08:00:00,5982.6,8
2005-06-30 11:00:00,4863.4,5
2005-06-30 11:00:00,4486.6,4
2005-06-30 11:00:00,4583.5,3
2005-06-30 11:00:00,5145.0,2
2005-06-30 11:00:00,4015.5,1
2005-06-30 11:00:00,5331.1,6
2005-06-30 23:00:00,4926.7,23
2005-06-30 23:00:00,5799.5,21
2005-06-30 23:00:00,5647.0,22
2005-06-30 23:00:00,6401.7,20
2005-06-30 23:00:00,4683.9,24
2005-06-30 23:00:00,6258.7,19
2005-07-07 00:00:00,6266.4,19
2005-07-07 00:00:00,5804.2,21
2005-07-07 00:00:00,4925.2,23
2005-07-07 00:00:00,4686.9,24
2005-07-07 00:00:00,6408.7,20
2005-07-07 00:00:00,5652.3,22
2005-07-07 02:00:00,,18
2005-07-07 02:00:00,4552.1,13
2005-07-07 02:00:00,4137.8,14
2005-07-07 02:00:00,5176.3,15
2005-07-07 02:00:00,5198.5,17
2005-07-07 02:00:00,5439.1,16
2005-07-07 09:00:00,5353.1,10
2005-07-07 09:00:00,6003.2,8
2005-07-07 09:00:00,5515.7,9
2005-07-07 09:00:00,5159.6,11
2005-07-07 09:00:00,5219.1,7
2005-07-07 09:00:00,4603.9,12
2005-07-07 12:00:00,4020.8,1
2005-07-07 12:00:00,5339.7,6
2005-07-07 12:00:00,4889.2,5
2005-07-07 12:00:00,4500.1,4
2005-07-07 12:00:00,5166.1,2
2005-07-07 12:00:00,4591.4,3
2005-07-13 01:00:00,6264.5,19
2005-07-13 01:00:00,6406.0,20
2005-07-13 01:00:00,5803.5,21
2005-07-13 01:00:00,4927.9,23
2005-07-13 01:00:00,5651.8,22
2005-07-13 01:00:00,4685.2,24
2005-07-13 03:00:00,,18
2005-07-13 03:00:00,5182.1,15
2005-07-13 03:00:00,4578.3,13
2005-07-13 03:00:00,5198.8,17
2005-07-13 03:00:00,5443.3,16
2005-07-13 03:00:00,4163.2,14
2005-07-13 10:00:00,6010.0,8
2005-07-13 10:00:00,5519.1,9
2005-07-13 10:00:00,5233.1,7
2005-07-13 10:00:00,4602.7,12
2005-07-13 10:00:00,5158.2,11
2005-07-13 10:00:00,5349.5,10
2005-07-13 13:00:00,4018.2,1
2005-07-13 13:00:00,5340.5,6
2005-07-13 13:00:00,4878.6,5
2005-07-13 13:00:00,4589.9,3
2005-07-13 13:00:00,5157.9,2
2005-07-13 13:00:00,4495.0,4
2005-07-20 02:00:00,4927.9,23
2005-07-20 02:00:00,5803.0,21
2005-07-20 02:00:00,5651.5,22
2005-07-20 02:00:00,6406.1,20
2005-07-20 02:00:00,4685.0,24
2005-07-20 02:00:00,6264.8,19
2005-07-20 04:00:00,4443.1,14
2005-07-20 04:00:00,5194.2,17
2005-07-20 04:00:00,5431.2,16
2005-07-20 04:00:00,4570.3,13
2005-07-20 04:00:00,5188.3,15
2005-07-20 04:00:00,,18
2005-07-20 11:00:00,5518.3,9
2005-07-20 11:00:00,5232.8,7
2005-07-20 11:00:00,5336.0,10
2005-07-20 11:00:00,6021.0,8
2005-07-20 11:00:00,4603.8,12
2005-07-20 11:00:00,5159.6,11
2005-07-20 14:00:00,4878.1,5
2005-07-20 14:00:00,5157.3,2
2005-07-20 14:00:00,4018.2,1
2005-07-20 14:00:00,5340.5,6
2005-07-20 14:00:00,4495.0,4
2005-07-20 14:00:00,4589.0,3
2005-08-04 03:00:00,4685.6,24
2005-08-04 03:00:00,6394.4,20
2005-08-04 03:00:00,5653.3,22
2005-08-04 03:00:00,5804.6,21
2005-08-04 03:00:00,6249.6,19
2005-08-04 03:00:00,4929.5,23
2005-08-04 05:00:00,5437.2,16
2005-08-04 05:00:00,5179.9,15
2005-08-04 05:00:00,4531.6,13
2005-08-04 05:00:00,4117.4,14
2005-08-04 05:00:00,,18
2005-08-04 05:00:00,5202.2,17
2005-08-04 12:00:00,5154.1,11
2005-08-04 12:00:00,5991.3,8
2005-08-04 12:00:00,5500.4,9
2005-08-04 12:00:00,5341.1,10
2005-08-04 12:00:00,5197.6,7
2005-08-04 12:00:00,4602.9,12
2005-08-04 15:00:00,5343.1,6
2005-08-04 15:00:00,4865.2,5
2005-08-04 15:00:00,4019.6,1
2005-08-04 15:00:00,5146.5,2
2005-08-04 15:00:00,4489.5,4
2005-08-04 15:00:00,4586.5,3
2005-08-12 04:00:00,4930.9,23
2005-08-12 04:00:00,4687.6,24
2005-08-12 04:00:00,6256.1,19
2005-08-12 04:00:00,6401.2,20
2005-08-12 04:00:00,5808.4,21
2005-08-12 04:00:00,5656.3,22
2005-08-12 06:00:00,5449.0,16
2005-08-12 06:00:00,,18
2005-08-12 06:00:00,5142.8,15
2005-08-12 06:00:00,4569.6,13
2005-08-12 06:00:00,4154.8,14
2005-08-12 06:00:00,5207.8,17
2005-08-12 13:00:00,6001.7,8
2005-08-12 13:00:00,5355.5,10
2005-08-12 13:00:00,5217.0,7
2005-08-12 13:00:00,5515.4,9
2005-08-12 13:00:00,5163.7,11
2005-08-12 13:00:00,4607.5,12
2005-08-12 16:00:00,4504.6,4
2005-08-12 16:00:00,4887.5,5
2005-08-12 16:00:00,4593.4,3
2005-08-12 16:00:00,5161.7,2
2005-08-12 16:00:00,5353.4,6
2005-08-12 16:00:00,4018.9,1
2005-08-19 05:00:00,6399.5,20
2005-08-19 05:00:00,6251.2,19
2005-08-19 05:00:00,4930.7,23
2005-08-19 05:00:00,4687.4,24
2005-08-19 05:00:00,5655.8,22
2005-08-19 05:00:00,5807.6,21
2005-08-19 07:00:00,4567.4,13
2005-08-19 07:00:00,5206.1,17
2005-08-19 07:00:00,,18
2005-08-19 07:00:00,4152.8,14
2005-08-19 07:00:00,5446.3,16
2005-08-19 07:00:00,5190.1,15
2005-08-19 14:00:00,5159.3,11
2005-08-19 14:00:00,4604.2,12
2005-08-19 14:00:00,5348.9,10
2005-08-19 14:00:00,5215.3,7
2005-08-19 14:00:00,5508.8,9
2005-08-19 14:00:00,6001.1,8
2005-08-19 17:00:00,4867.5,5
2005-08-19 17:00:00,4492.9,4
2005-08-19 17:00:00,4016.5,1
2005-08-19 17:00:00,5343.8,6
2005-08-19 17:00:00,5153.6,2
2005-08-19 17:00:00,4587.5,3
2005-08-24 06:00:00,6399.9,20
2005-08-24 06:00:00,5656.6,22
2005-08-24 06:00:00,6254.9,19
2005-08-24 06:00:00,5808.2,21
2005-08-24 06:00:00,4931.6,23
2005-08-24 06:00:00,4688.4,24
2005-08-24 08:00:00,5441.1,16
2005-08-24 08:00:00,4142.7,14
2005-08-24 08:00:00,4551.1,13
2005-08-24 08:00:00,,18
2005-08-24 08:00:00,5207.3,17
2005-08-24 08:00:00,5191.5,15
2005-08-24 15:00:00,5210.3,7
2005-08-24 15:00:00,4605.7,12
2005-08-24 15:00:00,5985.3,8
2005-08-24 15:00:00,5511.7,9
2005-08-24 15:00:00,5348.1,10
2005-08-24 15:00:00,5162.8,11
2005-08-24 18:00:00,5348.0,6
2005-08-24 18:00:00,5151.8,2
2005-08-24 18:00:00,4882.0,5
2005-08-24 18:00:00,4494.4,4
2005-08-24 18:00:00,4016.4,1
2005-08-24 18:00:00,4588.7,3
2005-08-31 07:00:00,5658.0,22
2005-08-31 07:00:00,4934.5,23
2005-08-31 07:00:00,5810.7,21
2005-08-31 07:00:00,6246.3,19
2005-08-31 07:00:00,6396.4,20
2005-08-31 07:00:00,4691.6,24
2005-08-31 09:00:00,5206.7,17
2005-08-31 09:00:00,5438.0,16
2005-08-31 09:00:00,5183.8,15
2005-08-31 09:00:00,4464.4,13
2005-08-31 09:00:00,,18
2005-08-31 09:00:00,4061.8,14
2005-08-31 16:00:00,5340.6,10
2005-08-31 16:00:00,5503.4,9
2005-08-31 16:00:00,4606.9,12
2005-08-31 16:00:00,5954.7,8
2005-08-31 16:00:00,5162.0,11
2005-08-31 16:00:00,5159.7,7
2005-08-31 19:00:00,4592.5,3
2005-08-31 19:00:00,5155.8,2
2005-08-31 19:00:00,5350.5,6
2005-08-31 19:00:00,4017.9,1
2005-08-31 19:00:00,4502.2,4
2005-08-31 19:00:00,4889.3,5
2005-09-08 08:00:00,5810.3,21
2005-09-08 08:00:00,6394.9,20
2005-09-08 08:00:00,4691.1,24
2005-09-08 08:00:00,4934.9,23
2005-09-08 08:00:00,6244.8,19
2005-09-08 08:00:00,5657.3,22
2005-09-08 10:00:00,,18
2005-09-08 10:00:00,5207.2,17
2005-09-08 10:00:00,5183.5,15
2005-09-08 10:00:00,4055.3,14
2005-09-08 10:00:00,5437.2,16
2005-09-08 10:00:00,4465.5,13
2005-09-08 17:00:00,4607.6,12
2005-09-08 17:00:00,5344.7,10
2005-09-08 17:00:00,5503.7,9
2005-09-08 17:00:00,5163.3,11
2005-09-08 17:00:00,5962.1,8
2005-09-08 17:00:00,5155.8,7
2005-09-08 20:00:00,4591.6,3
2005-09-08 20:00:00,5162.0,2
2005-09-08 20:00:00,4019.4,1
2005-09-08 20:00:00,5351.2,6
2005-09-08 20:00:00,4502.9,4
2005-09-08 20:00:00,4886.8,5
2005-09-14 09:00:00,6232.1,19
2005-09-14 09:00:00,5810.4,21
2005-09-14 09:00:00,5658.7,22
2005-09-14 09:00:00,4692.8,24
2005-09-14 09:00:00,6389.1,20
2005-09-14 09:00:00,4937.0,23
2005-09-14 11:00:00,5177.6,15
2005-09-14 11:00:00,3991.4,14
2005-09-14 11:00:00,4395.0,13
2005-09-14 11:00:00,5207.1,17
2005-09-14 11:00:00,5430.2,16
2005-09-14 11:00:00,,18
2005-09-14 18:00:00,5160.9,11
2005-09-14 18:00:00,4607.6,12
2005-09-14 18:00:00,5337.7,10
2005-09-14 18:00:00,5095.9,7
2005-09-14 18:00:00,5495.3,9
2005-09-14 18:00:00,5933.4,8
2005-09-14 21:00:00,4889.6,5
2005-09-14 21:00:00,4503.6,4
2005-09-14 21:00:00,4591.7,3
2005-09-14 21:00:00,4019.2,1
2005-09-14 21:00:00,5162.2,2
2005-09-14 21:00:00,5353.5,6
2005-09-19 10:00:00,6387.0,20
2005-09-19 10:00:00,4692.5,24
2005-09-19 10:00:00,5657.7,22
2005-09-19 10:00:00,6230.0,19
2005-09-19 10:00:00,4936.4,23
2005-09-19 10:00:00,5809.6,21
2005-09-19 12:00:00,3991.7,14
2005-09-19 12:00:00,4395.5,13
2005-09-19 12:00:00,5205.6,17
2005-09-19 12:00:00,5428.6,16
2005-09-19 12:00:00,5175.3,15
2005-09-19 12:00:00,,18
2005-09-19 19:00:00,5094.7,7
2005-09-19 19:00:00,5156.8,11
2005-09-19 19:00:00,4605.1,12
2005-09-19 19:00:00,5489.9,9
2005-09-19 19:00:00,5935.9,8
2005-09-19 19:00:00,5333.6,10
2005-09-19 22:00:00,5159.2,2
2005-09-19 22:00:00,4589.0,3
2005-09-19 22:00:00,4018.3,1
2005-09-19 22:00:00,5346.5,6
2005-09-19 22:00:00,4497.9,4
2005-09-19 22:00:00,4868.2,5
2005-09-29 11:00:00,5809.4,21
2005-09-29 11:00:00,5657.7,22
2005-09-29 11:00:00,6230.0,19
2005-09-29 11:00:00,4693.5,24
2005-09-29 11:00:00,6386.4,20
2005-09-29 11:00:00,4937.1,23
2005-09-29 13:00:00,5205.4,17
2005-09-29 13:00:00,,18
2005-09-29 13:00:00,5175.1,15
2005-09-29 13:00:00,5458.2,16
2005-09-29 13:00:00,4412.4,13
2005-09-29 13:00:00,4002.2,14
2005-09-29 20:00:00,5331.2,10
2005-09-29 20:00:00,5098.8,7
2005-09-29 20:00:00,4603.3,12
2005-09-29 20:00:00,5485.8,9
2005-09-29 20:00:00,5940.0,8
2005-09-29 20:00:00,5155.1,11
2005-09-29 23:00:00,4585.2,3
2005-09-29 23:00:00,5339.3,6
2005-09-29 23:00:00,5154.5,2
2005-09-29 23:00:00,4491.2,4
2005-09-29 23:00:00,4016.8,1
2005-09-29 23:00:00,4862.6,5
2005-10-05 00:00:00,5148.4,2
2005-10-05 00:00:00,4016.2,1
2005-10-05 00:00:00,5339.5,6
2005-10-05 00:00:00,4489.9,4
2005-10-05 00:00:00,4584.4,3
2005-10-05 00:00:00,4869.4,5
2005-10-05 12:00:00,6231.0,19
2005-10-05 12:00:00,4694.9,24
2005-10-05 12:00:00,5810.2,21
2005-10-05 12:00:00,6387.7,20
2005-10-05 12:00:00,4938.0,23
2005-10-05 12:00:00,5658.2,22
2005-10-05 14:00:00,5205.9,17
2005-10-05 14:00:00,,18
2005-10-05 14:00:00,5173.5,15
2005-10-05 14:00:00,3987.4,14
2005-10-05 14:00:00,4389.8,13
2005-10-05 14:00:00,5428.6,16
2005-10-05 21:00:00,5329.5,10
2005-10-05 21:00:00,5996.2,8
2005-10-05 21:00:00,5086.4,7
2005-10-05 21:00:00,5156.6,11
2005-10-05 21:00:00,5486.4,9
2005-10-05 21:00:00,4603.3,12
2005-10-13 01:00:00,4015.6,1
2005-10-13 01:00:00,4855.4,5
2005-10-13 01:00:00,5148.9,2
2005-10-13 01:00:00,5335.4,6
2005-10-13 01:00:00,4580.5,3
2005-10-13 01:00:00,4483.8,4
2005-10-13 13:00:00,4693.7,24
2005-10-13 13:00:00,5808.6,21
2005-10-13 13:00:00,4937.3,23
2005-10-13 13:00:00,6228.4,19
2005-10-13 13:00:00,5656.4,22
2005-10-13 13:00:00,6385.4,20
2005-10-13 15:00:00,4388.0,13
2005-10-13 15:00:00,5204.9,17
2005-10-13 15:00:00,5425.1,16
2005-10-13 15:00:00,,18
2005-10-13 15:00:00,5172.5,15
2005-10-13 15:00:00,3984.1,14
2005-10-13 22:00:00,5153.7,11
2005-10-13 22:00:00,4602.8,12
2005-10-13 22:00:00,5328.5,10
2005-10-13 22:00:00,5482.5,9
2005-10-13 22:00:00,5085.1,7
2005-10-13 22:00:00,5928.2,8
2005-10-19 02:00:00,4864.9,5
2005-10-19 02:00:00,5333.0,6
2005-10-19 02:00:00,4016.0,1
2005-10-19 02:00:00,4581.6,3
2005-10-19 02:00:00,5148.9,2
2005-10-19 02:00:00,4486.7,4
2005-10-19 14:00:00,6227.7,19
2005-10-19 14:00:00,5809.1,21
2005-10-19 14:00:00,6385.6,20
2005-10-19 14:00:00,5656.1,22
2005-10-19 14:00:00,4937.9,23
2005-10-19 14:00:00,4694.5,24
2005-10-19 16:00:00,5173.6,15
2005-10-19 16:00:00,3978.2,14
2005-10-19 16:00:00,,18
2005-10-19 16:00:00,5205.4,17
2005-10-19 16:00:00,5425.2,16
2005-10-19 16:00:00,4380.4,13
2005-10-19 23:00:00,4603.4,12
2005-10-19 23:00:00,5482.4,9
2005-10-19 23:00:00,5917.0,8
2005-10-19 23:00:00,5327.5,10
2005-10-19 23:00:00,5066.7,7
2005-10-19 23:00:00,5154.6,11
2005-10-26 00:00:00,5069.1,7
2005-10-26 00:00:00,5152.3,11
2005-10-26 00:00:00,5479.4,9
2005-10-26 00:00:00,4602.6,12
2005-10-26 00:00:00,5328.2,10
2005-10-26 00:00:00,5924.2,8
2005-10-26 03:00:00,4013.8,1
2005-10-26 03:00:00,5332.6,6
2005-10-26 03:00:00,4860.5,5
2005-10-26 03:00:00,4481.1,4
2005-10-26 03:00:00,5138.8,2
2005-10-26 03:00:00,4579.1,3
2005-10-26 15:00:00,4937.4,23
2005-10-26 15:00:00,5808.6,21
2005-10-26 15:00:00,4694.2,24
2005-10-26 15:00:00,6386.1,20
2005-10-26 15:00:00,5655.7,22
2005-10-26 15:00:00,6228.5,19
2005-10-26 17:00:00,3978.0,14
2005-10-26 17:00:00,5204.8,17
2005-10-26 17:00:00,4381.6,13
2005-10-26 17:00:00,,18
2005-10-26 17:00:00,5423.6,16
2005-10-26 17:00:00,5172.2,15
2005-11-07 01:00:00,4603.5,12
2005-11-07 01:00:00,5074.2,7
2005-11-07 01:00:00,5153.4,11
2005-11-07 01:00:00,5928.7,8
2005-11-07 01:00:00,5481.0,9
2005-11-07 01:00:00,5331.3,10
2005-11-07 04:00:00,5146.5,2
2005-11-07 04:00:00,4015.7,1
2005-11-07 04:00:00,4871.1,5
2005-11-07 04:00:00,4583.1,3
2005-11-07 04:00:00,4488.2,4
2005-11-07 04:00:00,5335.4,6
2005-11-07 16:00:00,4694.5,24
2005-11-07 16:00:00,4937.7,23
2005-11-07 16:00:00,5655.5,22
2005-11-07 16:00:00,5808.5,21
2005-11-07 16:00:00,6388.7,20
2005-11-07 16:00:00,6232.2,19
2005-11-07 18:00:00,5423.1,16
2005-11-07 18:00:00,4393.5,13
2005-11-07 18:00:00,,18
2005-11-07 18:00:00,5205.6,17
2005-11-07 18:00:00,3986.8,14
2005-11-07 18:00:00,5173.8,15
2005-11-17 02:00:00,5336.1,10
2005-11-17 02:00:00,5478.1,9
2005-11-17 02:00:00,5150.5,11
2005-11-17 02:00:00,4601.4,12
2005-11-17 02:00:00,5973.1,8
2005-11-17 02:00:00,5130.8,7
2005-11-17 05:00:00,5331.1,6
2005-11-17 05:00:00,4577.3,3
2005-11-17 05:00:00,5141.9,2
2005-11-17 05:00:00,4860.3,5
2005-11-17 05:00:00,4014.2,1
2005-11-17 05:00:00,4476.8,4
2005-11-17 17:00:00,5807.2,21
2005-11-17 17:00:00,4693.6,24
2005-11-17 17:00:00,4936.8,23
2005-11-17 17:00:00,6239.4,19
2005-11-17 17:00:00,5654.2,22
2005-11-17 17:00:00,6392.1,20
2005-11-17 19:00:00,,18
2005-11-17 19:00:00,4078.3,14
2005-11-17 19:00:00,4491.7,13
2005-11-17 19:00:00,5423.2,16
2005-11-17 19:00:00,5173.8,15
2005-11-17 19:00:00,5204.7,17
2005-11-21 03:00:00,4601.3,12
2005-11-21 03:00:00,5478.5,9
2005-11-21 03:00:00,5133.6,7
2005-11-21 03:00:00,5337.0,10
2005-11-21 03:00:00,5975.7,8
2005-11-21 03:00:00,5150.5,11
2005-11-21 06:00:00,5140.7,2
2005-11-21 06:00:00,5327.8,6
2005-11-21 06:00:00,4473.0,4
2005-11-21 06:00:00,4013.9,1
2005-11-21 06:00:00,4574.8,3
2005-11-21 06:00:00,4856.7,5
2005-11-21 18:00:00,5653.6,22
2005-11-21 18:00:00,5806.9,21
2005-11-21 18:00:00,6392.3,20
2005-11-21 18:00:00,4936.6,23
2005-11-21 18:00:00,4693.2,24
2005-11-21 18:00:00,6240.4,19
2005-11-21 20:00:00,4491.5,13
2005-11-21 20:00:00,4078.3,14
2005-11-21 20:00:00,5174.2,15
2005-11-21 20:00:00,,18
2005-11-21 20:00:00,5204.7,17
2005-11-21 20:00:00,5423.4,16
2005-11-28 04:00:00,5151.1,11
2005-11-28 04:00:00,4600.6,12
2005-11-28 04:00:00,5479.7,9
2005-11-28 04:00:00,5333.7,10
2005-11-28 04:00:00,5124.1,7
2005-11-28 04:00:00,5956.5,8
2005-11-28 07:00:00,5134.1,2
2005-11-28 07:00:00,5326.6,6
2005-11-28 07:00:00,4470.6,4
2005-11-28 07:00:00,4013.0,1
2005-11-28 07:00:00,4574.2,3
2005-11-28 07:00:00,4860.6,5
2005-11-28 19:00:00,6392.7,20
2005-11-28 19:00:00,5653.2,22
2005-11-28 19:00:00,5806.9,21
2005-11-28 19:00:00,4693.9,24
2005-11-28 19:00:00,4937.0,23
2005-11-28 19:00:00,6239.0,19
2005-11-28 21:00:00,4060.5,14
2005-11-28 21:00:00,5215.9,15
2005-11-28 21:00:00,5423.2,16
2005-11-28 21:00:00,,18
2005-11-28 21:00:00,5205.3,17
2005-11-28 21:00:00,4464.8,13
2005-12-05 05:00:00,5151.1,11
2005-12-05 05:00:00,5959.0,8
2005-12-05 05:00:00,5123.4,7
2005-12-05 05:00:00,4600.4,12
2005-12-05 05:00:00,5333.8,10
2005-12-05 05:00:00,5479.9,9
2005-12-05 08:00:00,4469.0,4
2005-12-05 08:00:00,4854.0,5
2005-12-05 08:00:00,4575.2,3
2005-12-05 08:00:00,4012.7,1
2005-12-05 08:00:00,5324.6,6
2005-12-05 08:00:00,5130.3,2
2005-12-05 20:00:00,5652.0,22
2005-12-05 20:00:00,6393.8,20
2005-12-05 20:00:00,6240.4,19
2005-12-05 20:00:00,4936.4,23
2005-12-05 20:00:00,4693.3,24
2005-12-05 20:00:00,5805.9,21
2005-12-05 22:00:00,5174.0,15
2005-12-05 22:00:00,5204.9,17
2005-12-05 22:00:00,4059.3,14
2005-12-05 22:00:00,5422.9,16
2005-12-05 22:00:00,4464.4,13
2005-12-05 22:00:00,,18
2005-12-12 06:00:00,5151.8,11
2005-12-12 06:00:00,4600.7,12
2005-12-12 06:00:00,5984.6,8
2005-12-12 06:00:00,5340.0,10
2005-12-12 06:00:00,5481.4,9
2005-12-12 06:00:00,5147.7,7
2005-12-12 09:00:00,5129.5,2
2005-12-12 09:00:00,5323.6,6
2005-12-12 09:00:00,4012.7,1
2005-12-12 09:00:00,4860.2,5
2005-12-12 09:00:00,4471.8,4
2005-12-12 09:00:00,4577.0,3
2005-12-12 21:00:00,5806.4,21
2005-12-12 21:00:00,6247.0,19
2005-12-12 21:00:00,5654.9,22
2005-12-12 21:00:00,4937.0,23
2005-12-12 21:00:00,4693.8,24
2005-12-12 21:00:00,6398.9,20
2005-12-12 23:00:00,5174.8,15
2005-12-12 23:00:00,5204.9,17
2005-12-12 23:00:00,4077.2,14
2005-12-12 23:00:00,,18
2005-12-12 23:00:00,5423.3,16
2005-12-12 23:00:00,4490.2,13
2005-12-19 00:00:00,5175.0,15
2005-12-19 00:00:00,4492.2,13
2005-12-19 00:00:00,,18
2005-12-19 00:00:00,4079.5,14
2005-12-19 00:00:00,5204.7,17
2005-12-19 00:00:00,5423.0,16
2005-12-19 07:00:00,4600.3,12
2005-12-19 07:00:00,5340.7,10
2005-12-19 07:00:00,5151.3,11
2005-12-19 07:00:00,5482.0,9
2005-12-19 07:00:00,5991.2,8
2005-12-19 07:00:00,5159.5,7
2005-12-19 10:00:00,4856.7,5
2005-12-19 10:00:00,4573.5,3
2005-12-19 10:00:00,4011.5,1
2005-12-19 10:00:00,5322.4,6
2005-12-19 10:00:00,4465.4,4
2005-12-19 10:00:00,5121.7,2
2005-12-19 22:00:00,6399.3,20
2005-12-19 22:00:00,6251.0,19
2005-12-19 22:00:00,5804.4,21
2005-12-19 22:00:00,4692.5,24
2005-12-19 22:00:00,5649.3,22
2005-12-19 22:00:00,4936.0,23
2005-12-28 01:00:00,5204.7,17
2005-12-28 01:00:00,4080.1,14
2005-12-28 01:00:00,,18
2005-12-28 01:00:00,5423.7,16
2005-12-28 01:00:00,4491.6,13
2005-12-28 01:00:00,5175.5,15
2005-12-28 08:00:00,4600.3,12
2005-12-28 08:00:00,5152.1,11
2005-12-28 08:00:00,5987.4,8
2005-12-28 08:00:00,5158.7,7
2005-12-28 08:00:00,5485.7,9
2005-12-28 08:00:00,5340.3,10
2005-12-28 11:00:00,5323.4,6
2005-12-28 11:00:00,4576.5,3
2005-12-28 11:00:00,4468.9,4
2005-12-28 11:00:00,4860.6,5
2005-12-28 11:00:00,5123.3,2
2005-12-28 11:00:00,4012.4,1
2005-12-28 23:00:00,5804.6,21
2005-12-28 23:00:00,6400.2,20
2005-12-28 23:00:00,5649.1,22
2005-12-28 23:00:00,4692.9,24
2005-12-28 23:00:00,6252.5,19
2005-12-28 23:00:00,4936.1,23
2006-01-06 00:00:00,6255.1,19
2006-01-06 00:00:00,6400.8,20
2006-01-06 00:00:00,4935.9,23
2006-01-06 00:00:00,5648.6,22
2006-01-06 00:00:00,4692.5,24
2006-01-06 00:00:00,5803.4,21
2006-01-06 02:00:00,5204.6,17
2006-01-06 02:00:00,4119.6,14
2006-01-06 02:00:00,,18
2006-01-06 02:00:00,5175.9,15
2006-01-06 02:00:00,5424.0,16
2006-01-06 02:00:00,4539.8,13
2006-01-06 09:00:00,4600.0,12
2006-01-06 09:00:00,6008.7,8
2006-01-06 09:00:00,5151.4,11
2006-01-06 09:00:00,5202.3,7
2006-01-06 09:00:00,5488.7,9
2006-01-06 09:00:00,5344.8,10
2006-01-06 12:00:00,5420.3,2
2006-01-06 12:00:00,4011.4,1
2006-01-06 12:00:00,4575.4,3
2006-01-06 12:00:00,5302.0,6
2006-01-06 12:00:00,4835.3,5
2006-01-06 12:00:00,4464.4,4
2006-01-09 01:00:00,5803.9,21
2006-01-09 01:00:00,6401.0,20
2006-01-09 01:00:00,6253.6,19
2006-01-09 01:00:00,4935.5,23
2006-01-09 01:00:00,5648.4,22
2006-01-09 01:00:00,4692.6,24
2006-01-09 03:00:00,4136.7,14
2006-01-09 03:00:00,5176.0,15
2006-01-09 03:00:00,4555.6,13
2006-01-09 03:00:00,5424.4,16
2006-01-09 03:00:00,,18
2006-01-09 03:00:00,5204.7,17
2006-01-09 10:00:00,4599.6,12
2006-01-09 10:00:00,5492.4,9
2006-01-09 10:00:00,5225.0,7
2006-01-09 10:00:00,6015.5,8
2006-01-09 10:00:00,5345.5,10
2006-01-09 10:00:00,5151.1,11
2006-01-09 13:00:00,4815.6,5
2006-01-09 13:00:00,5114.1,2
2006-01-09 13:00:00,4572.5,3
2006-01-09 13:00:00,4010.1,1
2006-01-09 13:00:00,4458.2,4
2006-01-09 13:00:00,5285.8,6
2006-01-17 02:00:00,5803.9,21
2006-01-17 02:00:00,4935.6,23
2006-01-17 02:00:00,6253.6,19
2006-01-17 02:00:00,5648.1,22
2006-01-17 02:00:00,4692.7,24
2006-01-17 02:00:00,6401.2,20
2006-01-17 04:00:00,4136.5,14
2006-01-17 04:00:00,,18
2006-01-17 04:00:00,5204.7,17
2006-01-17 04:00:00,5176.0,15
2006-01-17 04:00:00,4556.0,13
2006-01-17 04:00:00,5424.7,16
2006-01-17 11:00:00,4599.8,12
2006-01-17 11:00:00,5492.0,9
2006-01-17 11:00:00,5345.2,10
2006-01-17 11:00:00,5151.1,11
2006-01-17 11:00:00,6015.3,8
2006-01-17 11:00:00,5225.2,7
2006-01-17 14:00:00,4010.0,1
2006-01-17 14:00:00,4572.5,3
2006-01-17 14:00:00,4815.3,5
2006-01-17 14:00:00,5114.3,2
2006-01-17 14:00:00,5285.9,6
2006-01-17 14:00:00,4458.4,4
2006-01-25 03:00:00,6400.2,20
2006-01-25 03:00:00,4691.8,24
2006-01-25 03:00:00,5801.6,21
2006-01-25 03:00:00,4934.7,23
2006-01-25 03:00:00,6256.8,19
2006-01-25 03:00:00,5645.1,22
2006-01-25 05:00:00,5176.7,15
2006-01-25 05:00:00,4120.4,14
2006-01-25 05:00:00,5424.7,16
2006-01-25 05:00:00,,18
2006-01-25 05:00:00,5205.2,17
2006-01-25 05:00:00,4540.3,13
2006-01-25 12:00:00,5341.1,10
2006-01-25 12:00:00,6003.5,8
2006-01-25 12:00:00,5494.4,9
2006-01-25 12:00:00,5218.9,7
2006-01-25 12:00:00,4598.4,12
2006-01-25 12:00:00,5151.7,11
2006-01-25 15:00:00,4011.3,1
2006-01-25 15:00:00,4821.1,5
2006-01-25 15:00:00,5118.1,2
2006-01-25 15:00:00,4573.1,3
2006-01-25 15:00:00,4457.5,4
2006-01-25 15:00:00,5279.9,6
2006-02-02 04:00:00,6261.3,19
2006-02-02 04:00:00,5801.4,21
2006-02-02 04:00:00,5644.5,22
2006-02-02 04:00:00,4691.8,24
2006-02-02 04:00:00,4934.8,23
2006-02-02 04:00:00,6401.2,20
2006-02-02 06:00:00,4129.5,14
2006-02-02 06:00:00,5424.6,16
2006-02-02 06:00:00,5204.7,17
2006-02-02 06:00:00,,18
2006-02-02 06:00:00,4539.5,13
2006-02-02 06:00:00,5175.9,15
2006-02-02 13:00:00,5496.6,9
2006-02-02 13:00:00,4597.8,12
2006-02-02 13:00:00,5150.8,11
2006-02-02 13:00:00,6005.6,8
2006-02-02 13:00:00,5218.7,7
2006-02-02 13:00:00,5341.0,10
2006-02-02 16:00:00,5115.9,2
2006-02-02 16:00:00,4011.2,1
2006-02-02 16:00:00,4455.8,4
2006-02-02 16:00:00,5279.9,6
2006-02-02 16:00:00,4819.6,5
2006-02-02 16:00:00,4572.5,3
2006-02-09 05:00:00,4692.1,24
2006-02-09 05:00:00,4934.8,23
2006-02-09 05:00:00,5644.5,22
2006-02-09 05:00:00,5801.4,21
2006-02-09 05:00:00,6404.1,20
2006-02-09 05:00:00,6264.8,19
2006-02-09 07:00:00,4542.0,13
2006-02-09 07:00:00,5207.9,17
2006-02-09 07:00:00,5177.5,15
2006-02-09 07:00:00,4131.7,14
2006-02-09 07:00:00,,18
2006-02-09 07:00:00,5425.7,16
2006-02-09 14:00:00,5224.4,7
2006-02-09 14:00:00,5498.6,9
2006-02-09 14:00:00,5343.9,10
2006-02-09 14:00:00,5152.3,11
2006-02-09 14:00:00,4598.1,12
2006-02-09 14:00:00,6012.7,8
2006-02-09 17:00:00,4012.3,1
2006-02-09 17:00:00,4576.1,3
2006-02-09 17:00:00,4835.8,5
2006-02-09 17:00:00,5120.4,2
2006-02-09 17:00:00,4461.2,4
2006-02-09 17:00:00,5284.6,6
2006-02-13 06:00:00,5801.1,21
2006-02-13 06:00:00,6404.1,20
2006-02-13 06:00:00,4934.6,23
2006-02-13 06:00:00,6264.9,19
2006-02-13 06:00:00,5643.7,22
2006-02-13 06:00:00,4691.8,24
2006-02-13 08:00:00,4542.3,13
2006-02-13 08:00:00,5208.2,17
2006-02-13 08:00:00,5177.9,15
2006-02-13 08:00:00,4132.3,14
2006-02-13 08:00:00,,18
2006-02-13 08:00:00,5426.0,16
2006-02-13 15:00:00,4597.7,12
2006-02-13 15:00:00,5224.5,7
2006-02-13 15:00:00,5343.6,10
2006-02-13 15:00:00,5151.8,11
2006-02-13 15:00:00,6012.3,8
2006-02-13 15:00:00,5498.8,9
2006-02-13 18:00:00,4012.0,1
2006-02-13 18:00:00,4459.7,4
2006-02-13 18:00:00,5121.1,2
2006-02-13 18:00:00,4830.7,5
2006-02-13 18:00:00,4575.2,3
2006-02-13 18:00:00,5282.3,6
2006-02-21 07:00:00,4691.7,24
2006-02-21 07:00:00,5643.4,22
2006-02-21 07:00:00,6404.6,20
2006-02-21 07:00:00,5800.4,21
2006-02-21 07:00:00,6265.9,19
2006-02-21 07:00:00,4934.1,23
2006-02-21 09:00:00,5209.7,17
2006-02-21 09:00:00,4542.3,13
2006-02-21 09:00:00,4132.3,14
2006-02-21 09:00:00,5425.8,16
2006-02-21 09:00:00,,18
2006-02-21 09:00:00,5170.5,15
2006-02-21 16:00:00,5150.3,11
2006-02-21 16:00:00,6012.5,8
2006-02-21 16:00:00,5497.4,9
2006-02-21 16:00:00,5342.5,10
2006-02-21 16:00:00,5224.8,7
2006-02-21 16:00:00,4597.1,12
2006-02-21 19:00:00,4460.2,4
2006-02-21 19:00:00,5282.9,6
2006-02-21 19:00:00,5119.7,2
2006-02-21 19:00:00,4826.2,5
2006-02-21 19:00:00,4011.8,1
2006-02-21 19:00:00,4575.9,3
2006-03-03 08:00:00,4934.0,23
2006-03-03 08:00:00,6404.2,20
2006-03-03 08:00:00,6267.1,19
2006-03-03 08:00:00,4691.6,24
2006-03-03 08:00:00,5800.4,21
2006-03-03 08:00:00,5642.1,22
2006-03-03 10:00:00,,18
2006-03-03 10:00:00,4133.6,14
2006-03-03 10:00:00,5427.2,16
2006-03-03 10:00:00,4543.8,13
2006-03-03 10:00:00,5178.9,15
2006-03-03 10:00:00,5210.6,17
2006-03-03 17:00:00,6014.6,8
2006-03-03 17:00:00,4597.5,12
2006-03-03 17:00:00,5498.8,9
2006-03-03 17:00:00,5227.4,7
2006-03-03 17:00:00,5159.4,11
2006-03-03 17:00:00,5344.0,10
2006-03-03 20:00:00,4573.7,3
2006-03-03 20:00:00,5282.2,6
2006-03-03 20:00:00,4014.1,1
2006-03-03 20:00:00,4456.4,4
2006-03-03 20:00:00,5116.9,2
2006-03-03 20:00:00,4819.2,5
2006-03-10 09:00:00,5800.3,21
2006-03-10 09:00:00,4691.6,24
2006-03-10 09:00:00,4934.0,23
2006-03-10 09:00:00,6268.3,19
2006-03-10 09:00:00,6405.1,20
2006-03-10 09:00:00,5643.0,22
2006-03-10 11:00:00,4134.8,14
2006-03-10 11:00:00,5179.5,15
2006-03-10 11:00:00,4545.4,13
2006-03-10 11:00:00,5210.6,17
2006-03-10 11:00:00,5427.7,16
2006-03-10 11:00:00,,18
2006-03-10 18:00:00,5345.6,10
2006-03-10 18:00:00,4597.8,12
2006-03-10 18:00:00,5500.3,9
2006-03-10 18:00:00,5152.2,11
2006-03-10 18:00:00,5232.8,7
2006-03-10 18:00:00,6016.8,8
2006-03-10 21:00:00,4830.0,5
2006-03-10 21:00:00,4461.2,4
2006-03-10 21:00:00,4011.4,1
2006-03-10 21:00:00,4576.9,3
2006-03-10 21:00:00,5285.8,6
2006-03-10 21:00:00,5117.8,2
2006-03-17 10:00:00,5642.9,22
2006-03-17 10:00:00,6296.3,19
2006-03-17 10:00:00,5800.5,21
2006-03-17 10:00:00,4691.6,24
2006-03-17 10:00:00,4932.9,23
2006-03-17 10:00:00,6405.7,20
2006-03-17 12:00:00,5427.6,16
2006-03-17 12:00:00,5179.6,15
2006-03-17 12:00:00,4136.7,14
2006-03-17 12:00:00,5210.5,17
2006-03-17 12:00:00,4550.5,13
2006-03-17 12:00:00,,18
2006-03-17 19:00:00,5151.6,11
2006-03-17 19:00:00,5245.5,7
2006-03-17 19:00:00,5345.3,10
2006-03-17 19:00:00,6021.3,8
2006-03-17 19:00:00,4597.5,12
2006-03-17 19:00:00,5511.9,9
2006-03-17 22:00:00,4820.7,5
2006-03-17 22:00:00,5114.9,2
2006-03-17 22:00:00,4011.0,1
2006-03-17 22:00:00,4455.1,4
2006-03-17 22:00:00,5282.7,6
2006-03-17 22:00:00,4573.8,3
2006-03-20 11:00:00,4933.5,23
2006-03-20 11:00:00,5641.8,22
2006-03-20 11:00:00,5799.6,21
2006-03-20 11:00:00,6269.2,19
2006-03-20 11:00:00,6405.2,20
2006-03-20 11:00:00,4691.1,24
2006-03-20 13:00:00,,18
2006-03-20 13:00:00,4550.9,13
2006-03-20 13:00:00,5210.7,17
2006-03-20 13:00:00,5180.0,15
2006-03-20 13:00:00,4137.2,14
2006-03-20 13:00:00,5428.0,16
2006-03-20 20:00:00,5245.9,7
2006-03-20 20:00:00,5512.0,9
2006-03-20 20:00:00,6021.8,8
2006-03-20 20:00:00,4597.6,12
2006-03-20 20:00:00,5151.5,11
2006-03-20 20:00:00,5345.5,10
2006-03-20 23:00:00,4011.1,1
2006-03-20 23:00:00,4573.9,3
2006-03-20 23:00:00,5282.3,6
2006-03-20 23:00:00,4454.9,4
2006-03-20 23:00:00,4817.8,5
2006-03-20 23:00:00,5116.3,2
2006-04-06 00:00:00,4465.3,4
2006-04-06 00:00:00,4580.5,3
2006-04-06 00:00:00,4819.7,5
2006-04-06 00:00:00,4013.0,1
2006-04-06 00:00:00,5123.3,2
2006-04-06 00:00:00,5285.2,6
2006-04-06 12:00:00,6404.3,20
2006-04-06 12:00:00,6268.9,19
2006-04-06 12:00:00,4690.5,24
2006-04-06 12:00:00,5799.2,21
2006-04-06 12:00:00,5641.1,22
2006-04-06 12:00:00,4932.9,23
2006-04-06 14:00:00,4543.5,13
2006-04-06 14:00:00,5182.3,15
2006-04-06 14:00:00,5211.4,17
2006-04-06 14:00:00,,18
2006-04-06 14:00:00,5429.8,16
2006-04-06 14:00:00,4132.0,14
2006-04-06 21:00:00,4597.2,12
2006-04-06 21:00:00,5246.6,7
2006-04-06 21:00:00,5151.6,11
2006-04-06 21:00:00,6010.0,8
2006-04-06 21:00:00,5512.4,9
2006-04-06 21:00:00,5342.5,10
2006-04-13 01:00:00,4472.5,4
2006-04-13 01:00:00,5287.4,6
2006-04-13 01:00:00,4583.2,3
2006-04-13 01:00:00,5134.2,2
2006-04-13 01:00:00,4832.1,5
2006-04-13 01:00:00,4015.3,1
2006-04-13 13:00:00,4690.7,24
2006-04-13 13:00:00,5799.4,21
2006-04-13 13:00:00,6404.4,20
2006-04-13 13:00:00,6267.9,19
2006-04-13 13:00:00,4932.9,23
2006-04-13 13:00:00,5641.1,22
2006-04-13 15:00:00,5431.1,16
2006-04-13 15:00:00,4127.5,14
2006-04-13 15:00:00,5183.6,15
2006-04-13 15:00:00,,18
2006-04-13 15:00:00,4539.7,13
2006-04-13 15:00:00,5212.3,17
2006-04-13 22:00:00,6005.2,8
2006-04-13 22:00:00,5514.1,9
2006-04-13 22:00:00,5343.5,10
2006-04-13 22:00:00,4598.0,12
2006-04-13 22:00:00,5153.8,11
2006-04-13 22:00:00,5244.0,7
2006-04-20 02:00:00,4586.3,3
2006-04-20 02:00:00,4832.9,5
2006-04-20 02:00:00,5142.4,2
2006-04-20 02:00:00,5290.4,6
2006-04-20 02:00:00,4017.0,1
2006-04-20 02:00:00,4480.1,4
2006-04-20 14:00:00,5644.0,22
2006-04-20 14:00:00,4689.5,24
2006-04-20 14:00:00,6406.2,20
2006-04-20 14:00:00,5800.7,21
2006-04-20 14:00:00,6268.5,19
2006-04-20 14:00:00,4932.0,23
2006-04-20 16:00:00,5185.0,15
2006-04-20 16:00:00,5212.7,17
2006-04-20 16:00:00,4538.0,13
2006-04-20 16:00:00,4125.5,14
2006-04-20 16:00:00,,18
2006-04-20 16:00:00,5430.5,16
2006-04-20 23:00:00,4598.4,12
2006-04-20 23:00:00,5343.9,10
2006-04-20 23:00:00,6003.0,8
2006-04-20 23:00:00,5153.9,11
2006-04-20 23:00:00,5515.2,9
2006-04-20 23:00:00,5241.4,7
2006-04-28 00:00:00,5236.9,7
2006-04-28 00:00:00,4596.5,12
2006-04-28 00:00:00,5998.1,8
2006-04-28 00:00:00,5514.0,9
2006-04-28 00:00:00,5342.3,10
2006-04-28 00:00:00,5153.3,11
2006-04-28 03:00:00,5140.2,2
2006-04-28 03:00:00,4481.3,4
2006-04-28 03:00:00,4586.2,3
2006-04-28 03:00:00,5289.4,6
2006-04-28 03:00:00,4015.8,1
2006-04-28 03:00:00,4831.3,5
2006-04-28 15:00:00,5643.5,22
2006-04-28 15:00:00,4932.1,23
2006-04-28 15:00:00,6267.0,19
2006-04-28 15:00:00,6405.0,20
2006-04-28 15:00:00,5800.6,21
2006-04-28 15:00:00,4681.5,24
2006-04-28 17:00:00,4532.0,13
2006-04-28 17:00:00,5212.2,17
2006-04-28 17:00:00,4117.4,14
2006-04-28 17:00:00,5429.4,16
2006-04-28 17:00:00,5184.2,15
2006-04-28 17:00:00,,18
2006-05-02 01:00:00,5517.0,9
2006-05-02 01:00:00,5348.5,10
2006-05-02 01:00:00,5157.0,11
2006-05-02 01:00:00,5238.4,7
2006-05-02 01:00:00,4598.5,12
2006-05-02 01:00:00,6007.4,8
2006-05-02 04:00:00,4588.8,3
2006-05-02 04:00:00,5144.7,2
2006-05-02 04:00:00,5292.9,6
2006-05-02 04:00:00,4844.4,5
2006-05-02 04:00:00,4017.4,1
2006-05-02 04:00:00,4487.7,4
2006-05-02 16:00:00,5645.5,22
2006-05-02 16:00:00,4690.6,24
2006-05-02 16:00:00,6271.8,19
2006-05-02 16:00:00,5802.4,21
2006-05-02 16:00:00,4933.5,23
2006-05-02 16:00:00,6409.4,20
2006-05-02 18:00:00,4120.0,14
2006-05-02 18:00:00,,18
2006-05-02 18:00:00,4533.9,13
2006-05-02 18:00:00,5432.7,16
2006-05-02 18:00:00,5187.7,15
2006-05-02 18:00:00,5214.0,17
2006-05-18 02:00:00,5518.0,9
2006-05-18 02:00:00,5157.7,11
2006-05-18 02:00:00,5240.8,7
2006-05-18 02:00:00,6012.7,8
2006-05-18 02:00:00,4599.0,12
2006-05-18 02:00:00,5350.2,10
2006-05-18 05:00:00,4018.3,1
2006-05-18 05:00:00,4837.2,5
2006-05-18 05:00:00,5150.8,2
2006-05-18 05:00:00,4589.8,3
2006-05-18 05:00:00,4490.9,4
2006-05-18 05:00:00,5296.4,6
2006-05-18 17:00:00,4931.6,23
2006-05-18 17:00:00,5801.8,21
2006-05-18 17:00:00,6268.1,19
2006-05-18 17:00:00,4688.0,24
2006-05-18 17:00:00,5647.0,22
2006-05-18 17:00:00,6405.6,20
2006-05-18 19:00:00,5215.9,17
2006-05-18 19:00:00,,18
2006-05-18 19:00:00,4544.2,13
2006-05-18 19:00:00,5190.6,15
2006-05-18 19:00:00,5437.5,16
2006-05-18 19:00:00,4131.1,14
2006-05-24 03:00:00,5162.4,11
2006-05-24 03:00:00,4602.3,12
2006-05-24 03:00:00,5355.2,10
2006-05-24 03:00:00,5240.7,7
2006-05-24 03:00:00,5523.1,9
2006-05-24 03:00:00,6014.3,8
2006-05-24 06:00:00,4021.6,1
2006-05-24 06:00:00,5163.7,2
2006-05-24 06:00:00,4845.6,5
2006-05-24 06:00:00,4594.0,3
2006-05-24 06:00:00,4501.1,4
2006-05-24 06:00:00,5302.8,6
2006-05-24 18:00:00,5653.4,22
2006-05-24 18:00:00,6274.2,19
2006-05-24 18:00:00,4691.4,24
2006-05-24 18:00:00,4935.2,23
2006-05-24 18:00:00,5807.6,21
2006-05-24 18:00:00,6412.7,20
2006-05-24 20:00:00,4134.2,14
2006-05-24 20:00:00,5223.2,17
2006-05-24 20:00:00,5195.4,15
2006-05-24 20:00:00,5445.1,16
2006-05-24 20:00:00,4546.4,13
2006-05-24 20:00:00,,18
2006-05-31 04:00:00,5154.6,11
2006-05-31 04:00:00,5514.6,9
2006-05-31 04:00:00,5344.3,10
2006-05-31 04:00:00,4598.4,12
2006-05-31 04:00:00,6003.3,8
2006-05-31 04:00:00,5236.0,7
2006-05-31 07:00:00,4588.9,3
2006-05-31 07:00:00,5301.5,6
2006-05-31 07:00:00,4016.4,1
2006-05-31 07:00:00,4825.8,5
2006-05-31 07:00:00,4489.8,4
2006-05-31 07:00:00,5149.4,2
2006-05-31 19:00:00,5649.6,22
2006-05-31 19:00:00,4932.4,23
2006-05-31 19:00:00,6263.1,19
2006-05-31 19:00:00,6403.5,20
2006-05-31 19:00:00,5804.0,21
2006-05-31 19:00:00,4688.3,24
2006-05-31 21:00:00,4128.5,14
2006-05-31 21:00:00,5440.3,16
2006-05-31 21:00:00,4540.8,13
2006-05-31 21:00:00,,18
2006-05-31 21:00:00,5190.3,15
2006-05-31 21:00:00,5220.8,17
2006-06-08 05:00:00,6010.3,8
2006-06-08 05:00:00,5154.4,11
2006-06-08 05:00:00,5513.5,9
2006-06-08 05:00:00,4598.2,12
2006-06-08 05:00:00,5238.5,7
2006-06-08 05:00:00,5346.3,10
2006-06-08 08:00:00,4015.6,1
2006-06-08 08:00:00,5148.4,2
2006-06-08 08:00:00,5299.3,6
2006-06-08 08:00:00,4457.1,4
2006-06-08 08:00:00,4587.3,3
2006-06-08 08:00:00,4823.9,5
2006-06-08 20:00:00,4687.9,24
2006-06-08 20:00:00,6262.1,19
2006-06-08 20:00:00,5804.1,21
2006-06-08 20:00:00,5649.9,22
2006-06-08 20:00:00,6405.0,20
2006-06-08 20:00:00,4932.1,23
2006-06-08 22:00:00,,18
2006-06-08 22:00:00,5441.8,16
2006-06-08 22:00:00,4130.8,14
2006-06-08 22:00:00,5192.0,15
2006-06-08 22:00:00,5222.1,17
2006-06-08 22:00:00,4543.6,13
2006-06-14 06:00:00,5155.8,11
2006-06-14 06:00:00,5514.4,9
2006-06-14 06:00:00,5991.9,8
2006-06-14 06:00:00,4598.8,12
2006-06-14 06:00:00,5342.7,10
2006-06-14 06:00:00,5227.3,7
2006-06-14 09:00:00,5152.9,2
2006-06-14 09:00:00,4493.3,4
2006-06-14 09:00:00,4833.0,5
2006-06-14 09:00:00,4017.0,1
2006-06-14 09:00:00,5303.9,6
2006-06-14 09:00:00,4591.0,3
2006-06-14 21:00:00,4689.6,24
2006-06-14 21:00:00,4935.1,23
2006-06-14 21:00:00,5651.6,22
2006-06-14 21:00:00,5808.7,21
2006-06-14 21:00:00,6403.7,20
2006-06-14 21:00:00,6263.1,19
2006-06-14 23:00:00,4524.3,13
2006-06-14 23:00:00,,18
2006-06-14 23:00:00,4113.8,14
2006-06-14 23:00:00,5439.5,16
2006-06-14 23:00:00,5223.0,17
2006-06-14 23:00:00,5191.9,15
2006-06-23 00:00:00,4476.8,13
2006-06-23 00:00:00,5222.8,17
2006-06-23 00:00:00,,18
2006-06-23 00:00:00,5436.5,16
2006-06-23 00:00:00,5189.8,15
2006-06-23 00:00:00,4072.4,14
2006-06-23 07:00:00,4598.7,12
2006-06-23 07:00:00,5202.9,7
2006-06-23 07:00:00,5155.5,11
2006-06-23 07:00:00,5339.4,10
2006-06-23 07:00:00,5974.2,8
2006-06-23 07:00:00,5510.6,9
2006-06-23 10:00:00,5154.3,2
2006-06-23 10:00:00,4494.3,4
2006-06-23 10:00:00,4830.4,5
2006-06-23 10:00:00,4017.0,1
2006-06-23 10:00:00,5302.2,6
2006-06-23 10:00:00,4590.6,3
2006-06-23 22:00:00,5809.0,21
2006-06-23 22:00:00,6396.0,20
2006-06-23 22:00:00,6251.7,19
2006-06-23 22:00:00,4933.9,23
2006-06-23 22:00:00,4689.3,24
2006-06-23 22:00:00,5651.6,22
2006-06-30 01:00:00,4475.5,13
2006-06-30 01:00:00,5225.8,17
2006-06-30 01:00:00,4070.7,14
2006-06-30 01:00:00,5436.6,16
2006-06-30 01:00:00,5191.0,15
2006-06-30 01:00:00,,18
2006-06-30 08:00:00,5203.2,7
2006-06-30 08:00:00,5346.9,10
2006-06-30 08:00:00,5510.4,9
2006-06-30 08:00:00,5981.0,8
2006-06-30 08:00:00,5161.7,11
2006-06-30 08:00:00,4602.0,12
2006-06-30 11:00:00,5304.9,6
2006-06-30 11:00:00,4593.4,3
2006-06-30 11:00:00,4500.7,4
2006-06-30 11:00:00,4837.3,5
2006-06-30 11:00:00,4019.6,1
2006-06-30 11:00:00,5162.1,2
2006-06-30 23:00:00,4934.8,23
2006-06-30 23:00:00,4689.2,24
2006-06-30 23:00:00,6398.2,20
2006-06-30 23:00:00,5805.2,21
2006-06-30 23:00:00,5651.1,22
2006-06-30 23:00:00,6249.2,19
2006-07-06 00:00:00,6393.0,20
2006-07-06 00:00:00,5652.0,22
2006-07-06 00:00:00,4933.7,23
2006-07-06 00:00:00,6250.7,19
2006-07-06 00:00:00,5889.9,21
2006-07-06 00:00:00,4689.1,24
2006-07-06 02:00:00,5434.5,16
2006-07-06 02:00:00,5188.4,15
2006-07-06 02:00:00,5225.2,17
2006-07-06 02:00:00,4070.3,14
2006-07-06 02:00:00,,18
2006-07-06 02:00:00,4476.2,13
2006-07-06 09:00:00,5343.5,10
2006-07-06 09:00:00,5505.4,9
2006-07-06 09:00:00,4599.9,12
2006-07-06 09:00:00,5984.5,8
2006-07-06 09:00:00,5157.1,11
2006-07-06 09:00:00,5202.0,7
2006-07-06 12:00:00,4828.6,5
2006-07-06 12:00:00,5301.7,6
2006-07-06 12:00:00,5154.6,2
2006-07-06 12:00:00,4017.5,1
2006-07-06 12:00:00,4515.3,3
2006-07-06 12:00:00,4501.8,4
2006-07-12 01:00:00,4764.2,24
2006-07-12 01:00:00,6396.6,20
2006-07-12 01:00:00,4934.8,23
2006-07-12 01:00:00,5653.4,22
2006-07-12 01:00:00,5805.8,21
2006-07-12 01:00:00,6269.4,19
2006-07-12 03:00:00,5225.5,17
2006-07-12 03:00:00,5435.3,16
2006-07-12 03:00:00,5189.3,15
2006-07-12 03:00:00,4510.3,13
2006-07-12 03:00:00,4161.7,14
2006-07-12 03:00:00,,18
2006-07-12 10:00:00,5217.4,7
2006-07-12 10:00:00,4596.9,12
2006-07-12 10:00:00,5154.9,11
2006-07-12 10:00:00,5501.2,9
2006-07-12 10:00:00,5341.5,10
2006-07-12 10:00:00,5996.3,8
2006-07-12 13:00:00,4016.8,1
2006-07-12 13:00:00,4860.4,5
2006-07-12 13:00:00,5150.7,2
2006-07-12 13:00:00,4587.8,3
2006-07-12 13:00:00,4490.2,4
2006-07-12 13:00:00,5300.9,6
2006-07-19 02:00:00,5651.3,22
2006-07-19 02:00:00,4688.8,24
2006-07-19 02:00:00,5806.0,21
2006-07-19 02:00:00,6396.5,20
2006-07-19 02:00:00,6249.7,19
2006-07-19 02:00:00,4934.6,23
2006-07-19 04:00:00,4511.4,13
2006-07-19 04:00:00,,18
2006-07-19 04:00:00,5191.7,15
2006-07-19 04:00:00,5226.5,17
2006-07-19 04:00:00,5437.3,16
2006-07-19 04:00:00,4104.1,14
2006-07-19 11:00:00,5344.4,10
2006-07-19 11:00:00,4598.7,12
2006-07-19 11:00:00,5505.5,9
2006-07-19 11:00:00,5158.5,11
2006-07-19 11:00:00,5995.2,8
2006-07-19 11:00:00,5220.0,7
2006-07-19 14:00:00,4016.8,1
2006-07-19 14:00:00,4589.5,3
2006-07-19 14:00:00,5303.5,6
2006-07-19 14:00:00,5150.7,2
2006-07-19 14:00:00,4492.3,4
2006-07-19 14:00:00,4826.6,5
2006-08-02 03:00:00,5653.8,22
2006-08-02 03:00:00,6400.6,20
2006-08-02 03:00:00,5809.4,21
2006-08-02 03:00:00,4937.4,23
2006-08-02 03:00:00,6253.0,19
2006-08-02 03:00:00,4691.3,24
2006-08-02 05:00:00,4074.1,14
2006-08-02 05:00:00,4483.2,13
2006-08-02 05:00:00,5200.4,15
2006-08-02 05:00:00,5238.1,17
2006-08-02 05:00:00,,18
2006-08-02 05:00:00,5445.4,16
2006-08-02 12:00:00,4609.5,12
2006-08-02 12:00:00,5519.7,9
2006-08-02 12:00:00,5996.3,8
2006-08-02 12:00:00,5174.1,11
2006-08-02 12:00:00,5206.9,7
2006-08-02 12:00:00,5360.7,10
2006-08-02 15:00:00,4853.3,5
2006-08-02 15:00:00,4510.9,4
2006-08-02 15:00:00,5318.6,6
2006-08-02 15:00:00,4597.6,3
2006-08-02 15:00:00,5173.0,2
2006-08-02 15:00:00,4022.4,1
2006-08-09 04:00:00,5653.9,22
2006-08-09 04:00:00,5808.8,21
2006-08-09 04:00:00,6250.1,19
2006-08-09 04:00:00,4689.7,24
2006-08-09 04:00:00,4956.2,23
2006-08-09 04:00:00,6396.8,20
2006-08-09 06:00:00,4088.1,14
2006-08-09 06:00:00,5234.9,17
2006-08-09 06:00:00,,18
2006-08-09 06:00:00,4495.9,13
2006-08-09 06:00:00,5195.3,15
2006-08-09 06:00:00,5441.3,16
2006-08-09 13:00:00,5504.3,9
2006-08-09 13:00:00,5208.8,7
2006-08-09 13:00:00,4599.4,12
2006-08-09 13:00:00,5343.8,10
2006-08-09 13:00:00,5161.3,11
2006-08-09 13:00:00,5991.5,8
2006-08-09 16:00:00,4821.2,5
2006-08-09 16:00:00,5313.0,6
2006-08-09 16:00:00,4587.4,3
2006-08-09 16:00:00,4489.3,4
2006-08-09 16:00:00,5142.8,2
2006-08-09 16:00:00,4014.4,1
2006-08-15 05:00:00,4936.4,23
2006-08-15 05:00:00,5653.2,22
2006-08-15 05:00:00,5808.2,21
2006-08-15 05:00:00,6250.1,19
2006-08-15 05:00:00,6396.6,20
2006-08-15 05:00:00,4689.5,24
2006-08-15 07:00:00,5195.0,15
2006-08-15 07:00:00,5441.1,16
2006-08-15 07:00:00,4505.0,13
2006-08-15 07:00:00,,18
2006-08-15 07:00:00,4097.0,14
2006-08-15 07:00:00,5234.0,17
2006-08-15 14:00:00,5997.5,8
2006-08-15 14:00:00,5163.2,11
2006-08-15 14:00:00,5217.8,7
2006-08-15 14:00:00,4599.6,12
2006-08-15 14:00:00,5504.8,9
2006-08-15 14:00:00,5344.7,10
2006-08-15 17:00:00,4820.5,5
2006-08-15 17:00:00,4485.7,4
2006-08-15 17:00:00,4014.2,1
2006-08-15 17:00:00,4586.2,3
2006-08-15 17:00:00,5140.3,2
2006-08-15 17:00:00,5312.8,6
2006-08-23 06:00:00,5655.7,22
2006-08-23 06:00:00,6255.6,19
2006-08-23 06:00:00,5810.9,21
2006-08-23 06:00:00,4938.4,23
2006-08-23 06:00:00,6401.3,20
2006-08-23 06:00:00,4691.5,24
2006-08-23 08:00:00,5246.7,17
2006-08-23 08:00:00,,18
2006-08-23 08:00:00,5455.4,16
2006-08-23 08:00:00,4528.1,13
2006-08-23 08:00:00,4117.4,14
2006-08-23 08:00:00,5208.7,15
2006-08-23 15:00:00,6005.7,8
2006-08-23 15:00:00,5225.0,7
2006-08-23 15:00:00,5521.8,9
2006-08-23 15:00:00,5174.5,11
2006-08-23 15:00:00,4608.6,12
2006-08-23 15:00:00,5358.7,10
2006-08-23 18:00:00,5173.3,2
2006-08-23 18:00:00,4022.7,1
2006-08-23 18:00:00,4506.7,4
2006-08-23 18:00:00,4845.3,5
2006-08-23 18:00:00,4594.5,3
2006-08-23 18:00:00,5319.9,6
2006-08-29 07:00:00,5657.0,22
2006-08-29 07:00:00,6401.0,20
2006-08-29 07:00:00,4939.7,23
2006-08-29 07:00:00,4691.3,24
2006-08-29 07:00:00,5811.9,21
2006-08-29 07:00:00,6250.7,19
2006-08-29 09:00:00,4527.1,13
2006-08-29 09:00:00,4117.7,14
2006-08-29 09:00:00,5249.5,17
2006-08-29 09:00:00,,18
2006-08-29 09:00:00,5211.7,15
2006-08-29 09:00:00,5456.1,16
2006-08-29 16:00:00,4610.5,12
2006-08-29 16:00:00,5224.8,7
2006-08-29 16:00:00,5360.8,10
2006-08-29 16:00:00,5177.1,11
2006-08-29 16:00:00,5524.1,9
2006-08-29 16:00:00,6004.9,8
2006-08-29 19:00:00,4507.0,4
2006-08-29 19:00:00,5321.8,6
2006-08-29 19:00:00,5165.0,2
2006-08-29 19:00:00,4847.0,5
2006-08-29 19:00:00,4595.2,3
2006-08-29 19:00:00,4020.4,1
2006-09-06 08:00:00,6404.7,20
2006-09-06 08:00:00,4942.9,23
2006-09-06 08:00:00,5662.1,22
2006-09-06 08:00:00,6250.1,19
2006-09-06 08:00:00,4693.8,24
2006-09-06 08:00:00,5816.5,21
2006-09-06 10:00:00,4109.0,14
2006-09-06 10:00:00,,18
2006-09-06 10:00:00,4519.3,13
2006-09-06 10:00:00,5211.5,15
2006-09-06 10:00:00,5454.0,16
2006-09-06 10:00:00,5253.3,17
2006-09-06 17:00:00,5355.9,10
2006-09-06 17:00:00,4607.1,12
2006-09-06 17:00:00,5175.8,11
2006-09-06 17:00:00,5995.1,8
2006-09-06 17:00:00,5520.6,9
2006-09-06 17:00:00,5217.7,7
2006-09-06 20:00:00,4020.2,1
2006-09-06 20:00:00,4508.4,4
2006-09-06 20:00:00,5165.7,2
2006-09-06 20:00:00,4594.2,3
2006-09-06 20:00:00,5319.5,6
2006-09-06 20:00:00,4843.3,5
2006-09-14 09:00:00,4940.0,23
2006-09-14 09:00:00,6395.5,20
2006-09-14 09:00:00,5813.0,21
2006-09-14 09:00:00,6244.2,19
2006-09-14 09:00:00,5657.0,22
2006-09-14 09:00:00,4690.6,24
2006-09-14 11:00:00,5205.6,15
2006-09-14 11:00:00,4101.1,14
2006-09-14 11:00:00,,18
2006-09-14 11:00:00,5449.6,16
2006-09-14 11:00:00,4512.5,13
2006-09-14 11:00:00,5250.4,17
2006-09-14 18:00:00,5986.6,8
2006-09-14 18:00:00,5169.6,11
2006-09-14 18:00:00,4602.5,12
2006-09-14 18:00:00,5213.2,7
2006-09-14 18:00:00,5344.7,10
2006-09-14 18:00:00,5511.1,9
2006-09-14 21:00:00,4587.7,3
2006-09-14 21:00:00,4493.2,4
2006-09-14 21:00:00,5157.1,2
2006-09-14 21:00:00,4017.4,1
2006-09-14 21:00:00,5313.1,6
2006-09-14 21:00:00,4824.0,5
2006-09-19 10:00:00,4691.0,24
2006-09-19 10:00:00,5657.2,22
2006-09-19 10:00:00,6396.8,20
2006-09-19 10:00:00,5813.4,21
2006-09-19 10:00:00,4940.6,23
2006-09-19 10:00:00,6246.2,19
2006-09-19 12:00:00,,18
2006-09-19 12:00:00,5249.2,17
2006-09-19 12:00:00,4510.6,13
2006-09-19 12:00:00,5450.3,16
2006-09-19 12:00:00,4098.5,14
2006-09-19 12:00:00,5206.5,15
2006-09-19 19:00:00,5991.2,8
2006-09-19 19:00:00,5512.1,9
2006-09-19 19:00:00,5172.2,11
2006-09-19 19:00:00,4603.2,12
2006-09-19 19:00:00,5213.8,7
2006-09-19 19:00:00,5347.7,10
2006-09-19 22:00:00,5157.2,2
2006-09-19 22:00:00,4588.6,3
2006-09-19 22:00:00,4826.1,5
2006-09-19 22:00:00,4495.0,4
2006-09-19 22:00:00,4017.5,1
2006-09-19 22:00:00,5313.1,6
2006-09-27 11:00:00,6399.8,20
2006-09-27 11:00:00,5658.4,22
2006-09-27 11:00:00,4691.6,24
2006-09-27 11:00:00,4941.9,23
2006-09-27 11:00:00,5814.4,21
2006-09-27 11:00:00,6249.6,19
2006-09-27 13:00:00,5450.2,16
2006-09-27 13:00:00,5249.3,17
2006-09-27 13:00:00,,18
2006-09-27 13:00:00,4101.4,14
2006-09-27 13:00:00,5207.2,15
2006-09-27 13:00:00,4511.1,13
2006-09-27 20:00:00,5513.0,9
2006-09-27 20:00:00,5992.7,8
2006-09-27 20:00:00,5347.7,10
2006-09-27 20:00:00,5172.9,11
2006-09-27 20:00:00,4603.1,12
2006-09-27 20:00:00,5216.2,7
2006-09-27 23:00:00,4825.8,5
2006-09-27 23:00:00,5312.1,6
2006-09-27 23:00:00,4586.5,3
2006-09-27 23:00:00,4015.5,1
2006-09-27 23:00:00,4491.7,4
2006-09-27 23:00:00,5151.0,2
2006-10-06 00:00:00,4825.2,5
2006-10-06 00:00:00,4015.6,1
2006-10-06 00:00:00,5147.5,2
2006-10-06 00:00:00,5307.2,6
2006-10-06 00:00:00,4487.5,4
2006-10-06 00:00:00,4584.3,3
2006-10-06 12:00:00,4942.0,23
2006-10-06 12:00:00,6400.6,20
2006-10-06 12:00:00,5813.9,21
2006-10-06 12:00:00,5657.1,22
2006-10-06 12:00:00,6251.7,19
2006-10-06 12:00:00,4691.5,24
2006-10-06 14:00:00,4511.1,13
2006-10-06 14:00:00,4101.2,14
2006-10-06 14:00:00,5449.8,16
2006-10-06 14:00:00,,18
2006-10-06 14:00:00,5206.1,15
2006-10-06 14:00:00,5248.3,17
2006-10-06 21:00:00,5996.3,8
2006-10-06 21:00:00,5511.9,9
2006-10-06 21:00:00,5171.5,11
2006-10-06 21:00:00,4601.7,12
2006-10-06 21:00:00,5347.0,10
2006-10-06 21:00:00,5218.7,7
2006-10-17 01:00:00,4015.4,1
2006-10-17 01:00:00,5144.7,2
2006-10-17 01:00:00,4481.7,4
2006-10-17 01:00:00,4581.4,3
2006-10-17 01:00:00,5306.3,6
2006-10-17 01:00:00,4822.6,5
2006-10-17 13:00:00,5655.3,22
2006-10-17 13:00:00,4691.1,24
2006-10-17 13:00:00,6249.9,19
2006-10-17 13:00:00,5812.4,21
2006-10-17 13:00:00,6398.3,20
2006-10-17 13:00:00,4941.5,23
2006-10-17 15:00:00,,18
2006-10-17 15:00:00,4097.1,14
2006-10-17 15:00:00,5205.8,15
2006-10-17 15:00:00,4504.5,13
2006-10-17 15:00:00,5449.2,16
2006-10-17 15:00:00,5248.2,17
2006-10-17 22:00:00,5169.9,11
2006-10-17 22:00:00,5988.5,8
2006-10-17 22:00:00,4602.2,12
2006-10-17 22:00:00,5344.0,10
2006-10-17 22:00:00,5220.2,7
2006-10-17 22:00:00,5512.9,9
2006-10-25 02:00:00,4475.4,4
2006-10-25 02:00:00,5304.3,6
2006-10-25 02:00:00,4012.9,1
2006-10-25 02:00:00,4577.9,3
2006-10-25 02:00:00,5134.5,2
2006-10-25 02:00:00,4813.7,5
2006-10-25 14:00:00,5654.8,22
2006-10-25 14:00:00,4941.3,23
2006-10-25 14:00:00,5812.3,21
2006-10-25 14:00:00,6252.0,19
2006-10-25 14:00:00,6399.4,20
2006-10-25 14:00:00,4691.1,24
2006-10-25 16:00:00,5247.5,17
2006-10-25 16:00:00,5205.0,15
2006-10-25 16:00:00,4504.1,13
2006-10-25 16:00:00,4097.7,14
2006-10-25 16:00:00,5448.5,16
2006-10-25 16:00:00,,18
2006-10-25 23:00:00,5511.3,9
2006-10-25 23:00:00,4601.6,12
2006-10-25 23:00:00,5168.6,11
2006-10-25 23:00:00,5345.1,10
2006-10-25 23:00:00,5999.8,8
2006-10-25 23:00:00,5295.4,7
2006-11-01 00:00:00,5511.0,9
2006-11-01 00:00:00,5995.9,8
2006-11-01 00:00:00,4601.7,12
2006-11-01 00:00:00,5168.6,11
2006-11-01 00:00:00,5225.8,7
2006-11-01 00:00:00,5344.8,10
2006-11-01 03:00:00,4473.8,4
2006-11-01 03:00:00,4813.6,5
2006-11-01 03:00:00,5131.4,2
2006-11-01 03:00:00,5305.9,6
2006-11-01 03:00:00,4012.4,1
2006-11-01 03:00:00,4578.7,3
2006-11-01 15:00:00,4690.6,24
2006-11-01 15:00:00,6252.2,19
2006-11-01 15:00:00,5811.0,21
2006-11-01 15:00:00,6398.4,20
2006-11-01 15:00:00,4940.7,23
2006-11-01 15:00:00,5652.5,22
2006-11-01 17:00:00,5205.2,15
2006-11-01 17:00:00,4098.5,14
2006-11-01 17:00:00,5448.8,16
2006-11-01 17:00:00,4505.2,13
2006-11-01 17:00:00,,18
2006-11-01 17:00:00,5247.5,17
2006-11-09 01:00:00,5213.4,7
2006-11-09 01:00:00,4604.5,12
2006-11-09 01:00:00,5981.8,8
2006-11-09 01:00:00,5172.4,11
2006-11-09 01:00:00,5516.4,9
2006-11-09 01:00:00,5346.8,10
2006-11-09 04:00:00,4487.8,4
2006-11-09 04:00:00,4015.3,1
2006-11-09 04:00:00,5142.4,2
2006-11-09 04:00:00,4586.3,3
2006-11-09 04:00:00,4842.3,5
2006-11-09 04:00:00,5310.5,6
2006-11-09 16:00:00,4941.9,23
2006-11-09 16:00:00,5812.5,21
2006-11-09 16:00:00,6254.0,19
2006-11-09 16:00:00,4641.9,24
2006-11-09 16:00:00,5653.9,22
2006-11-09 16:00:00,6400.8,20
2006-11-09 18:00:00,4479.2,13
2006-11-09 18:00:00,5449.4,16
2006-11-09 18:00:00,5248.9,17
2006-11-09 18:00:00,5207.0,15
2006-11-09 18:00:00,4074.1,14
2006-11-09 18:00:00,,18
2006-11-16 02:00:00,5345.8,10
2006-11-16 02:00:00,5510.9,9
2006-11-16 02:00:00,5230.6,7
2006-11-16 02:00:00,5168.1,11
2006-11-16 02:00:00,4601.4,12
2006-11-16 02:00:00,6005.1,8
2006-11-16 05:00:00,5138.0,2
2006-11-16 05:00:00,4579.0,3
2006-11-16 05:00:00,4473.7,4
2006-11-16 05:00:00,4013.7,1
2006-11-16 05:00:00,4815.0,5
2006-11-16 05:00:00,5303.4,6
2006-11-16 17:00:00,6401.2,20
2006-11-16 17:00:00,4941.0,23
2006-11-16 17:00:00,5811.3,21
2006-11-16 17:00:00,6256.5,19
2006-11-16 17:00:00,5652.4,22
2006-11-16 17:00:00,4690.9,24
2006-11-16 19:00:00,,18
2006-11-16 19:00:00,4507.4,13
2006-11-16 19:00:00,5204.6,15
2006-11-16 19:00:00,4099.5,14
2006-11-16 19:00:00,5446.9,16
2006-11-16 19:00:00,5247.1,17
2006-11-24 03:00:00,5232.5,7
2006-11-24 03:00:00,5167.5,11
2006-11-24 03:00:00,5510.5,9
2006-11-24 03:00:00,4601.0,12
2006-11-24 03:00:00,6005.2,8
2006-11-24 03:00:00,5345.1,10
2006-11-24 06:00:00,4810.9,5
2006-11-24 06:00:00,5302.0,6
2006-11-24 06:00:00,4577.2,3
2006-11-24 06:00:00,4469.9,4
2006-11-24 06:00:00,5127.5,2
2006-11-24 06:00:00,4011.5,1
2006-11-24 18:00:00,6257.0,19
2006-11-24 18:00:00,5651.2,22
2006-11-24 18:00:00,6400.9,20
2006-11-24 18:00:00,4690.3,24
2006-11-24 18:00:00,4940.4,23
2006-11-24 18:00:00,5810.5,21
2006-11-24 20:00:00,5204.5,15
2006-11-24 20:00:00,5246.8,17
2006-11-24 20:00:00,4107.6,14
2006-11-24 20:00:00,5446.8,16
2006-11-24 20:00:00,4516.9,13
2006-11-24 20:00:00,,18
2006-12-01 04:00:00,5168.1,11
2006-12-01 04:00:00,5233.3,7
2006-12-01 04:00:00,4601.5,12
2006-12-01 04:00:00,6004.4,8
2006-12-01 04:00:00,5345.8,10
2006-12-01 04:00:00,5511.2,9
2006-12-01 07:00:00,4012.9,1
2006-12-01 07:00:00,4580.4,3
2006-12-01 07:00:00,5305.3,6
2006-12-01 07:00:00,4821.3,5
2006-12-01 07:00:00,5132.5,2
2006-12-01 07:00:00,4474.5,4
2006-12-01 19:00:00,6401.1,20
2006-12-01 19:00:00,6257.1,19
2006-12-01 19:00:00,4940.5,23
2006-12-01 19:00:00,4690.3,24
2006-12-01 19:00:00,5810.4,21
2006-12-01 19:00:00,5651.0,22
2006-12-01 21:00:00,5447.2,16
2006-12-01 21:00:00,5204.9,15
2006-12-01 21:00:00,4110.9,14
2006-12-01 21:00:00,5247.0,17
2006-12-01 21:00:00,4517.6,13
2006-12-01 21:00:00,,18
2006-12-06 05:00:00,5167.8,11
2006-12-06 05:00:00,5346.6,10
2006-12-06 05:00:00,4601.5,12
2006-12-06 05:00:00,6009.2,8
2006-12-06 05:00:00,5510.9,9
2006-12-06 05:00:00,5235.7,7
2006-12-06 08:00:00,4466.2,4
2006-12-06 08:00:00,5122.5,2
2006-12-06 08:00:00,4816.8,5
2006-12-06 08:00:00,4011.1,1
2006-12-06 08:00:00,5295.2,6
2006-12-06 08:00:00,4576.5,3
2006-12-06 20:00:00,5649.0,22
2006-12-06 20:00:00,6400.7,20
2006-12-06 20:00:00,6257.9,19
2006-12-06 20:00:00,4689.5,24
2006-12-06 20:00:00,5808.6,21
2006-12-06 20:00:00,4939.5,23
2006-12-06 22:00:00,5204.9,15
2006-12-06 22:00:00,,18
2006-12-06 22:00:00,4517.4,13
2006-12-06 22:00:00,5257.0,17
2006-12-06 22:00:00,5446.9,16
2006-12-06 22:00:00,4110.0,14
2006-12-12 06:00:00,5345.9,10
2006-12-12 06:00:00,5240.3,7
2006-12-12 06:00:00,5509.7,9
2006-12-12 06:00:00,4600.7,12
2006-12-12 06:00:00,6012.7,8
2006-12-12 06:00:00,5166.7,11
2006-12-12 09:00:00,5300.0,6
2006-12-12 09:00:00,4576.9,3
2006-12-12 09:00:00,4466.0,4
2006-12-12 09:00:00,5122.4,2
2006-12-12 09:00:00,4011.0,1
2006-12-12 09:00:00,4818.4,5
2006-12-12 21:00:00,6401.6,20
2006-12-12 21:00:00,4689.1,24
2006-12-12 21:00:00,6259.9,19
2006-12-12 21:00:00,5807.8,21
2006-12-12 21:00:00,4939.1,23
2006-12-12 21:00:00,5647.8,22
2006-12-12 23:00:00,4109.8,14
2006-12-12 23:00:00,5204.4,15
2006-12-12 23:00:00,5446.4,16
2006-12-12 23:00:00,,18
2006-12-12 23:00:00,5246.4,17
2006-12-12 23:00:00,4517.1,13
2006-12-20 00:00:00,4517.1,13
2006-12-20 00:00:00,5202.3,15
2006-12-20 00:00:00,5443.3,16
2006-12-20 00:00:00,,18
2006-12-20 00:00:00,5245.2,17
2006-12-20 00:00:00,4110.1,14
2006-12-20 07:00:00,5342.5,10
2006-12-20 07:00:00,5163.2,11
2006-12-20 07:00:00,6010.0,8
2006-12-20 07:00:00,5507.6,9
2006-12-20 07:00:00,5240.5,7
2006-12-20 07:00:00,4598.8,12
2006-12-20 10:00:00,5289.1,6
2006-12-20 10:00:00,4454.5,4
2006-12-20 10:00:00,5114.2,2
2006-12-20 10:00:00,4806.4,5
2006-12-20 10:00:00,4571.2,3
2006-12-20 10:00:00,4010.0,1
2006-12-20 22:00:00,6402.5,20
2006-12-20 22:00:00,6262.0,19
2006-12-20 22:00:00,5806.8,21
2006-12-20 22:00:00,4688.8,24
2006-12-20 22:00:00,4938.4,23
2006-12-20 22:00:00,5646.0,22
2006-12-27 01:00:00,5445.1,16
2006-12-27 01:00:00,4537.7,13
2006-12-27 01:00:00,5246.1,17
2006-12-27 01:00:00,5204.1,15
2006-12-27 01:00:00,4122.7,14
2006-12-27 01:00:00,,18
2006-12-27 08:00:00,5166.3,11
2006-12-27 08:00:00,5515.5,9
2006-12-27 08:00:00,5347.5,10
2006-12-27 08:00:00,5247.9,7
2006-12-27 08:00:00,4600.3,12
2006-12-27 08:00:00,6019.4,8
2006-12-27 11:00:00,4575.6,3
2006-12-27 11:00:00,4818.8,5
2006-12-27 11:00:00,5291.2,6
2006-12-27 11:00:00,5127.3,2
2006-12-27 11:00:00,4462.1,4
2006-12-27 11:00:00,4012.8,1
2006-12-27 23:00:00,6404.1,20
2006-12-27 23:00:00,6264.7,19
2006-12-27 23:00:00,5646.1,22
2006-12-27 23:00:00,4938.7,23
2006-12-27 23:00:00,4689.1,24
2006-12-27 23:00:00,5806.9,21
2007-01-15 00:00:00,5644.4,22
2007-01-15 00:00:00,6406.2,20
2007-01-15 00:00:00,5805.8,21
2007-01-15 00:00:00,4689.1,24
2007-01-15 00:00:00,6269.8,19
2007-01-15 00:00:00,4938.5,23
2007-01-15 02:00:00,5205.9,15
2007-01-15 02:00:00,,18
2007-01-15 02:00:00,4543.1,13
2007-01-15 02:00:00,5246.4,17
2007-01-15 02:00:00,4130.0,14
2007-01-15 02:00:00,5446.7,16
2007-01-15 09:00:00,5168.1,11
2007-01-15 09:00:00,6025.3,8
2007-01-15 09:00:00,5262.2,7
2007-01-15 09:00:00,5350.6,10
2007-01-15 09:00:00,4601.9,12
2007-01-15 09:00:00,5515.5,9
2007-01-15 12:00:00,4827.0,5
2007-01-15 12:00:00,4577.6,3
2007-01-15 12:00:00,4013.3,1
2007-01-15 12:00:00,5291.3,6
2007-01-15 12:00:00,4461.8,4
2007-01-15 12:00:00,5125.1,2
2007-01-25 01:00:00,5642.9,22
2007-01-25 01:00:00,4937.8,23
2007-01-25 01:00:00,6268.1,19
2007-01-25 01:00:00,6405.2,20
2007-01-25 01:00:00,4688.5,24
2007-01-25 01:00:00,5804.8,21
2007-01-25 03:00:00,4128.7,14
2007-01-25 03:00:00,5204.7,15
2007-01-25 03:00:00,,18
2007-01-25 03:00:00,5445.2,16
2007-01-25 03:00:00,5245.6,17
2007-01-25 03:00:00,4542.0,13
2007-01-25 10:00:00,5347.3,10
2007-01-25 10:00:00,5260.3,7
2007-01-25 10:00:00,4599.6,12
2007-01-25 10:00:00,5514.3,9
2007-01-25 10:00:00,5165.4,11
2007-01-25 10:00:00,6021.3,8
2007-01-25 13:00:00,5286.0,6
2007-01-25 13:00:00,4810.6,5
2007-01-25 13:00:00,4011.6,1
2007-01-25 13:00:00,4457.8,4
2007-01-25 13:00:00,5121.0,2
2007-01-25 13:00:00,4576.0,3
2007-02-02 02:00:00,5804.1,21
2007-02-02 02:00:00,6404.5,20
2007-02-02 02:00:00,6268.1,19
2007-02-02 02:00:00,4688.4,24
2007-02-02 02:00:00,5641.7,22
2007-02-02 02:00:00,4937.5,23
2007-02-02 04:00:00,5245.4,17
2007-02-02 04:00:00,,18
2007-02-02 04:00:00,4128.1,14
2007-02-02 04:00:00,5204.3,15
2007-02-02 04:00:00,4541.2,13
2007-02-02 04:00:00,5444.9,16
2007-02-02 11:00:00,6020.0,8
2007-02-02 11:00:00,5165.4,11
2007-02-02 11:00:00,4599.4,12
2007-02-02 11:00:00,5346.7,10
2007-02-02 11:00:00,5260.0,7
2007-02-02 11:00:00,5514.6,9
2007-02-02 14:00:00,4813.0,5
2007-02-02 14:00:00,4012.3,1
2007-02-02 14:00:00,4457.6,4
2007-02-02 14:00:00,4575.8,3
2007-02-02 14:00:00,5284.8,6
2007-02-02 14:00:00,5122.8,2
2007-02-09 03:00:00,4688.3,24
2007-02-09 03:00:00,4937.4,23
2007-02-09 03:00:00,5641.5,22
2007-02-09 03:00:00,5803.8,21
2007-02-09 03:00:00,6404.6,20
2007-02-09 03:00:00,6268.6,19
2007-02-09 05:00:00,4540.7,13
2007-02-09 05:00:00,4127.0,14
2007-02-09 05:00:00,5244.9,17
2007-02-09 05:00:00,,18
2007-02-09 05:00:00,5203.9,15
2007-02-09 05:00:00,5444.8,16
2007-02-09 12:00:00,6019.5,8
2007-02-09 12:00:00,5164.0,11
2007-02-09 12:00:00,4599.0,12
2007-02-09 12:00:00,5519.0,9
2007-02-09 12:00:00,5347.0,10
2007-02-09 12:00:00,5259.1,7
2007-02-09 15:00:00,5284.2,6
2007-02-09 15:00:00,5119.0,2
2007-02-09 15:00:00,4011.6,1
2007-02-09 15:00:00,4812.4,5
2007-02-09 15:00:00,4574.6,3
2007-02-09 15:00:00,4454.6,4
2007-02-16 04:00:00,5803.6,21
2007-02-16 04:00:00,4937.1,23
2007-02-16 04:00:00,6405.4,20
2007-02-16 04:00:00,4688.1,24
2007-02-16 04:00:00,5641.1,22
2007-02-16 04:00:00,6270.2,19
2007-02-16 06:00:00,4128.5,14
2007-02-16 06:00:00,5446.0,16
2007-02-16 06:00:00,4541.4,13
2007-02-16 06:00:00,5205.0,15
2007-02-16 06:00:00,5245.5,17
2007-02-16 06:00:00,,18
2007-02-16 13:00:00,5165.5,11
2007-02-16 13:00:00,6022.8,8
2007-02-16 13:00:00,5349.4,10
2007-02-16 13:00:00,5520.8,9
2007-02-16 13:00:00,5260.8,7
2007-02-16 13:00:00,4599.4,12
2007-02-16 16:00:00,5117.4,2
2007-02-16 16:00:00,4811.1,5
2007-02-16 16:00:00,4454.8,4
2007-02-16 16:00:00,4011.0,1
2007-02-16 16:00:00,5283.9,6
2007-02-16 16:00:00,4574.7,3
2007-02-23 05:00:00,4936.6,23
2007-02-23 05:00:00,6270.8,19
2007-02-23 05:00:00,5639.1,22
2007-02-23 05:00:00,6405.1,20
2007-02-23 05:00:00,5802.9,21
2007-02-23 05:00:00,4687.7,24
2007-02-23 07:00:00,4131.1,14
2007-02-23 07:00:00,,18
2007-02-23 07:00:00,5205.5,15
2007-02-23 07:00:00,5446.7,16
2007-02-23 07:00:00,4543.9,13
2007-02-23 07:00:00,5245.3,17
2007-02-23 14:00:00,5348.9,10
2007-02-23 14:00:00,5260.7,7
2007-02-23 14:00:00,5519.9,9
2007-02-23 14:00:00,4598.9,12
2007-02-23 14:00:00,5164.7,11
2007-02-23 14:00:00,6023.0,8
2007-02-23 17:00:00,4809.1,5
2007-02-23 17:00:00,4457.2,4
2007-02-23 17:00:00,5117.7,2
2007-02-23 17:00:00,4011.4,1
2007-02-23 17:00:00,4576.2,3
2007-02-23 17:00:00,5285.3,6
2007-03-01 06:00:00,6270.4,19
2007-03-01 06:00:00,4936.3,23
2007-03-01 06:00:00,5802.5,21
2007-03-01 06:00:00,4687.7,24
2007-03-01 06:00:00,5639.0,22
2007-03-01 06:00:00,6403.8,20
2007-03-01 08:00:00,5442.0,16
2007-03-01 08:00:00,4107.2,14
2007-03-01 08:00:00,4515.2,13
2007-03-01 08:00:00,5242.5,17
2007-03-01 08:00:00,,18
2007-03-01 08:00:00,5201.7,15
2007-03-01 15:00:00,5250.3,7
2007-03-01 15:00:00,4595.7,12
2007-03-01 15:00:00,5515.0,9
2007-03-01 15:00:00,5160.4,11
2007-03-01 15:00:00,5342.2,10
2007-03-01 15:00:00,6011.2,8
2007-03-01 18:00:00,5112.5,2
2007-03-01 18:00:00,4009.6,1
2007-03-01 18:00:00,4800.5,5
2007-03-01 18:00:00,4573.3,3
2007-03-01 18:00:00,4451.4,4
2007-03-01 18:00:00,5276.6,6
2007-03-07 07:00:00,5638.0,22
2007-03-07 07:00:00,4687.1,24
2007-03-07 07:00:00,6403.2,20
2007-03-07 07:00:00,6270.0,19
2007-03-07 07:00:00,5801.6,21
2007-03-07 07:00:00,4936.0,23
2007-03-07 09:00:00,5443.2,16
2007-03-07 09:00:00,,18
2007-03-07 09:00:00,5202.8,15
2007-03-07 09:00:00,4528.0,13
2007-03-07 09:00:00,5243.2,17
2007-03-07 09:00:00,4114.9,14
2007-03-07 16:00:00,5344.6,10
2007-03-07 16:00:00,5255.9,7
2007-03-07 16:00:00,5161.4,11
2007-03-07 16:00:00,6016.0,8
2007-03-07 16:00:00,5516.3,9
2007-03-07 16:00:00,4596.4,12
2007-03-07 19:00:00,4799.7,5
2007-03-07 19:00:00,5117.0,2
2007-03-07 19:00:00,4574.3,3
2007-03-07 19:00:00,4010.8,1
2007-03-07 19:00:00,5274.6,6
2007-03-07 19:00:00,4452.5,4
2007-03-16 08:00:00,6403.6,20
2007-03-16 08:00:00,4935.9,23
2007-03-16 08:00:00,5801.5,21
2007-03-16 08:00:00,6270.2,19
2007-03-16 08:00:00,4687.3,24
2007-03-16 08:00:00,5637.1,22
2007-03-16 10:00:00,,18
2007-03-16 10:00:00,5445.7,16
2007-03-16 10:00:00,5205.3,15
2007-03-16 10:00:00,4536.8,13
2007-03-16 10:00:00,4123.3,14
2007-03-16 10:00:00,5244.3,17
2007-03-16 17:00:00,5520.3,9
2007-03-16 17:00:00,6018.9,8
2007-03-16 17:00:00,5164.9,11
2007-03-16 17:00:00,5348.3,10
2007-03-16 17:00:00,4598.2,12
2007-03-16 17:00:00,5256.3,7
2007-03-16 20:00:00,5275.9,6
2007-03-16 20:00:00,4455.8,4
2007-03-16 20:00:00,5121.3,2
2007-03-16 20:00:00,4804.8,5
2007-03-16 20:00:00,4576.3,3
2007-03-16 20:00:00,4012.1,1
2007-03-23 09:00:00,4687.7,24
2007-03-23 09:00:00,6404.7,20
2007-03-23 09:00:00,6271.4,19
2007-03-23 09:00:00,5637.8,22
2007-03-23 09:00:00,4936.0,23
2007-03-23 09:00:00,5802.0,21
2007-03-23 11:00:00,5445.4,16
2007-03-23 11:00:00,4537.2,13
2007-03-23 11:00:00,5205.1,15
2007-03-23 11:00:00,,18
2007-03-23 11:00:00,5244.2,17
2007-03-23 11:00:00,4123.9,14
2007-03-23 18:00:00,5257.6,7
2007-03-23 18:00:00,5348.4,10
2007-03-23 18:00:00,6021.1,8
2007-03-23 18:00:00,5520.0,9
2007-03-23 18:00:00,4598.0,12
2007-03-23 18:00:00,5164.5,11
2007-03-23 21:00:00,4457.9,4
2007-03-23 21:00:00,5274.8,6
2007-03-23 21:00:00,4802.8,5
2007-03-23 21:00:00,4576.9,3
2007-03-23 21:00:00,5121.8,2
2007-03-23 21:00:00,4011.9,1
2007-03-30 10:00:00,4935.5,23
2007-03-30 10:00:00,5800.8,21
2007-03-30 10:00:00,6271.4,19
2007-03-30 10:00:00,4687.1,24
2007-03-30 10:00:00,6403.7,20
2007-03-30 10:00:00,5636.3,22
2007-03-30 12:00:00,5204.2,15
2007-03-30 12:00:00,5444.5,16
2007-03-30 12:00:00,,18
2007-03-30 12:00:00,5243.8,17
2007-03-30 12:00:00,4539.3,13
2007-03-30 12:00:00,4125.2,14
2007-03-30 19:00:00,5347.0,10
2007-03-30 19:00:00,4597.3,12
2007-03-30 19:00:00,6019.9,8
2007-03-30 19:00:00,5163.1,11
2007-03-30 19:00:00,5518.6,9
2007-03-30 19:00:00,5258.2,7
2007-03-30 22:00:00,4718.7,5
2007-03-30 22:00:00,5261.2,6
2007-03-30 22:00:00,5112.4,2
2007-03-30 22:00:00,4009.2,1
2007-03-30 22:00:00,4574.0,3
2007-03-30 22:00:00,4450.8,4
2007-04-05 11:00:00,4936.1,23
2007-04-05 11:00:00,5801.5,21
2007-04-05 11:00:00,4687.9,24
2007-04-05 11:00:00,6271.8,19
2007-04-05 11:00:00,6404.4,20
2007-04-05 11:00:00,5637.2,22
2007-04-05 13:00:00,5445.6,16
2007-04-05 13:00:00,,18
2007-04-05 13:00:00,5244.2,17
2007-04-05 13:00:00,5205.4,15
2007-04-05 13:00:00,4539.7,13
2007-04-05 13:00:00,4125.8,14
2007-04-05 20:00:00,4598.2,12
2007-04-05 20:00:00,5258.0,7
2007-04-05 20:00:00,5348.1,10
2007-04-05 20:00:00,5164.2,11
2007-04-05 20:00:00,5519.9,9
2007-04-05 20:00:00,6020.0,8
2007-04-05 23:00:00,4460.0,4
2007-04-05 23:00:00,5270.0,6
2007-04-05 23:00:00,4578.8,3
2007-04-05 23:00:00,4013.7,1
2007-04-05 23:00:00,5127.2,2
2007-04-05 23:00:00,4706.9,5
2007-04-13 00:00:00,4582.6,3
2007-04-13 00:00:00,4809.1,5
2007-04-13 00:00:00,5140.5,2
2007-04-13 00:00:00,5270.0,6
2007-04-13 00:00:00,4468.4,4
2007-04-13 00:00:00,4016.6,1
2007-04-13 12:00:00,5802.8,21
2007-04-13 12:00:00,5639.2,22
2007-04-13 12:00:00,6407.7,20
2007-04-13 12:00:00,4936.6,23
2007-04-13 12:00:00,4688.0,24
2007-04-13 12:00:00,6274.7,19
2007-04-13 14:00:00,,18
2007-04-13 14:00:00,5206.5,15
2007-04-13 14:00:00,4127.1,14
2007-04-13 14:00:00,4540.3,13
2007-04-13 14:00:00,5244.6,17
2007-04-13 14:00:00,5446.8,16
2007-04-13 21:00:00,4599.3,12
2007-04-13 21:00:00,6022.3,8
2007-04-13 21:00:00,5258.4,7
2007-04-13 21:00:00,5523.5,9
2007-04-13 21:00:00,5350.5,10
2007-04-13 21:00:00,5166.8,11
2007-04-20 01:00:00,4460.8,4
2007-04-20 01:00:00,5124.5,2
2007-04-20 01:00:00,5266.1,6
2007-04-20 01:00:00,4791.6,5
2007-04-20 01:00:00,4579.6,3
2007-04-20 01:00:00,4012.7,1
2007-04-20 13:00:00,5636.1,22
2007-04-20 13:00:00,4934.4,23
2007-04-20 13:00:00,6403.6,20
2007-04-20 13:00:00,6270.8,19
2007-04-20 13:00:00,5800.7,21
2007-04-20 13:00:00,4686.4,24
2007-04-20 15:00:00,5445.4,16
2007-04-20 15:00:00,4126.2,14
2007-04-20 15:00:00,5244.6,17
2007-04-20 15:00:00,5205.2,15
2007-04-20 15:00:00,4539.8,13
2007-04-20 15:00:00,,18
2007-04-20 22:00:00,5520.6,9
2007-04-20 22:00:00,5257.8,7
2007-04-20 22:00:00,5164.0,11
2007-04-20 22:00:00,6019.9,8
2007-04-20 22:00:00,4598.0,12
2007-04-20 22:00:00,5347.6,10
2007-04-25 02:00:00,5132.1,2
2007-04-25 02:00:00,4015.4,1
2007-04-25 02:00:00,4581.5,3
2007-04-25 02:00:00,5270.8,6
2007-04-25 02:00:00,4806.4,5
2007-04-25 02:00:00,4463.6,4
2007-04-25 14:00:00,6403.7,20
2007-04-25 14:00:00,6271.3,19
2007-04-25 14:00:00,5800.9,21
2007-04-25 14:00:00,4686.5,24
2007-04-25 14:00:00,4934.7,23
2007-04-25 14:00:00,5636.2,22
2007-04-25 16:00:00,4127.1,14
2007-04-25 16:00:00,5244.2,17
2007-04-25 16:00:00,5445.8,16
2007-04-25 16:00:00,4540.7,13
2007-04-25 16:00:00,5205.6,15
2007-04-25 16:00:00,,18
2007-04-25 23:00:00,6024.2,8
2007-04-25 23:00:00,4598.5,12
2007-04-25 23:00:00,5521.0,9
2007-04-25 23:00:00,5164.3,11
2007-04-25 23:00:00,5259.4,7
2007-04-25 23:00:00,5348.9,10
2007-05-04 00:00:00,5162.9,11
2007-05-04 00:00:00,5257.5,7
2007-05-04 00:00:00,5347.7,10
2007-05-04 00:00:00,6020.1,8
2007-05-04 00:00:00,4597.8,12
2007-05-04 00:00:00,5520.7,9
2007-05-04 03:00:00,4015.7,1
2007-05-04 03:00:00,5137.1,2
2007-05-04 03:00:00,4584.2,3
2007-05-04 03:00:00,5276.6,6
2007-05-04 03:00:00,4799.5,5
2007-05-04 03:00:00,4471.9,4
2007-05-04 15:00:00,4934.5,23
2007-05-04 15:00:00,6405.8,20
2007-05-04 15:00:00,6273.1,19
2007-05-04 15:00:00,5801.9,21
2007-05-04 15:00:00,4686.3,24
2007-05-04 15:00:00,5639.0,22
2007-05-04 17:00:00,5243.8,17
2007-05-04 17:00:00,5448.1,16
2007-05-04 17:00:00,5207.5,15
2007-05-04 17:00:00,4133.1,14
2007-05-04 17:00:00,,18
2007-05-04 17:00:00,4549.2,13
2007-05-11 01:00:00,6020.2,8
2007-05-11 01:00:00,4602.0,12
2007-05-11 01:00:00,5256.2,7
2007-05-11 01:00:00,5169.7,11
2007-05-11 01:00:00,5529.3,9
2007-05-11 01:00:00,5355.6,10
2007-05-11 04:00:00,4828.3,5
2007-05-11 04:00:00,5292.5,6
2007-05-11 04:00:00,4589.8,3
2007-05-11 04:00:00,5157.8,2
2007-05-11 04:00:00,4486.1,4
2007-05-11 04:00:00,4020.7,1
2007-05-11 16:00:00,5804.8,21
2007-05-11 16:00:00,4936.2,23
2007-05-11 16:00:00,6408.7,20
2007-05-11 16:00:00,5643.6,22
2007-05-11 16:00:00,4687.2,24
2007-05-11 16:00:00,6274.6,19
2007-05-11 18:00:00,4547.1,13
2007-05-11 18:00:00,4132.6,14
2007-05-11 18:00:00,5214.3,15
2007-05-11 18:00:00,,18
2007-05-11 18:00:00,5246.9,17
2007-05-11 18:00:00,5450.9,16
2007-05-17 02:00:00,4602.9,12
2007-05-17 02:00:00,5993.8,8
2007-05-17 02:00:00,5350.3,10
2007-05-17 02:00:00,5169.7,11
2007-05-17 02:00:00,5228.9,7
2007-05-17 02:00:00,5529.1,9
2007-05-17 05:00:00,4591.5,3
2007-05-17 05:00:00,5296.0,6
2007-05-17 05:00:00,4489.4,4
2007-05-17 05:00:00,4020.5,1
2007-05-17 05:00:00,4831.4,5
2007-05-17 05:00:00,5155.8,2
2007-05-17 17:00:00,6410.0,20
2007-05-17 17:00:00,5647.1,22
2007-05-17 17:00:00,6274.9,19
2007-05-17 17:00:00,5807.9,21
2007-05-17 17:00:00,4689.7,24
2007-05-17 17:00:00,4938.6,23
2007-05-17 19:00:00,5213.7,15
2007-05-17 19:00:00,,18
2007-05-17 19:00:00,4085.3,14
2007-05-17 19:00:00,5450.0,16
2007-05-17 19:00:00,5247.0,17
2007-05-17 19:00:00,4494.1,13
2007-05-24 03:00:00,4605.6,12
2007-05-24 03:00:00,5529.8,9
2007-05-24 03:00:00,5173.3,11
2007-05-24 03:00:00,5358.0,10
2007-05-24 03:00:00,5228.8,7
2007-05-24 03:00:00,6005.4,8
2007-05-24 06:00:00,4594.2,3
2007-05-24 06:00:00,5167.4,2
2007-05-24 06:00:00,4023.3,1
2007-05-24 06:00:00,4497.0,4
2007-05-24 06:00:00,5305.1,6
2007-05-24 06:00:00,4840.9,5
2007-05-24 18:00:00,5647.1,22
2007-05-24 18:00:00,4938.0,23
2007-05-24 18:00:00,6269.7,19
2007-05-24 18:00:00,5808.1,21
2007-05-24 18:00:00,4688.7,24
2007-05-24 18:00:00,6408.1,20
2007-05-24 20:00:00,5248.2,17
2007-05-24 20:00:00,5447.5,16
2007-05-24 20:00:00,5214.5,15
2007-05-24 20:00:00,4081.9,14
2007-05-24 20:00:00,4492.0,13
2007-05-24 20:00:00,,18
2007-05-30 04:00:00,5174.1,11
2007-05-30 04:00:00,6009.6,8
2007-05-30 04:00:00,5530.7,9
2007-05-30 04:00:00,5359.8,10
2007-05-30 04:00:00,4606.5,12
2007-05-30 04:00:00,5233.6,7
2007-05-30 07:00:00,4839.2,5
2007-05-30 07:00:00,4597.8,3
2007-05-30 07:00:00,5313.7,6
2007-05-30 07:00:00,4505.6,4
2007-05-30 07:00:00,5167.5,2
2007-05-30 07:00:00,4022.2,1
2007-05-30 19:00:00,5815.2,21
2007-05-30 19:00:00,6415.3,20
2007-05-30 19:00:00,5657.2,22
2007-05-30 19:00:00,4692.9,24
2007-05-30 19:00:00,4942.5,23
2007-05-30 19:00:00,6276.4,19
2007-05-30 21:00:00,,18
2007-05-30 21:00:00,4515.4,13
2007-05-30 21:00:00,5248.6,17
2007-05-30 21:00:00,5450.6,16
2007-05-30 21:00:00,4103.8,14
2007-05-30 21:00:00,5216.3,15
2007-06-08 05:00:00,5171.1,11
2007-06-08 05:00:00,6007.9,8
2007-06-08 05:00:00,5356.4,10
2007-06-08 05:00:00,5527.6,9
2007-06-08 05:00:00,5232.6,7
2007-06-08 05:00:00,4605.1,12
2007-06-08 08:00:00,4502.3,4
2007-06-08 08:00:00,4020.6,1
2007-06-08 08:00:00,4595.0,3
2007-06-08 08:00:00,5164.7,2
2007-06-08 08:00:00,4827.2,5
2007-06-08 08:00:00,5312.3,6
2007-06-08 20:00:00,4690.9,24
2007-06-08 20:00:00,5654.9,22
2007-06-08 20:00:00,5813.2,21
2007-06-08 20:00:00,6408.3,20
2007-06-08 20:00:00,6267.7,19
2007-06-08 20:00:00,4941.2,23
2007-06-08 22:00:00,5215.5,15
2007-06-08 22:00:00,5451.0,16
2007-06-08 22:00:00,4520.1,13
2007-06-08 22:00:00,5248.0,17
2007-06-08 22:00:00,,18
2007-06-08 22:00:00,4106.9,14
2007-06-15 06:00:00,5348.8,10
2007-06-15 06:00:00,5165.3,11
2007-06-15 06:00:00,5520.1,9
2007-06-15 06:00:00,5231.8,7
2007-06-15 06:00:00,4601.0,12
2007-06-15 06:00:00,6006.0,8
2007-06-15 09:00:00,4589.7,3
2007-06-15 09:00:00,5300.8,6
2007-06-15 09:00:00,4801.9,5
2007-06-15 09:00:00,4015.3,1
2007-06-15 09:00:00,5144.9,2
2007-06-15 09:00:00,4488.6,4
2007-06-15 21:00:00,6261.0,19
2007-06-15 21:00:00,4687.6,24
2007-06-15 21:00:00,4938.3,23
2007-06-15 21:00:00,5809.5,21
2007-06-15 21:00:00,6401.6,20
2007-06-15 21:00:00,5650.7,22
2007-06-15 23:00:00,5449.2,16
2007-06-15 23:00:00,4520.1,13
2007-06-15 23:00:00,5213.0,15
2007-06-15 23:00:00,5245.6,17
2007-06-15 23:00:00,,18
2007-06-15 23:00:00,4107.6,14
2007-06-20 00:00:00,5215.3,15
2007-06-20 00:00:00,,18
2007-06-20 00:00:00,4524.8,13
2007-06-20 00:00:00,4110.3,14
2007-06-20 00:00:00,5449.6,16
2007-06-20 00:00:00,5246.9,17
2007-06-20 07:00:00,6003.4,8
2007-06-20 07:00:00,5350.8,10
2007-06-20 07:00:00,5167.6,11
2007-06-20 07:00:00,4602.0,12
2007-06-20 07:00:00,5232.5,7
2007-06-20 07:00:00,5522.3,9
2007-06-20 10:00:00,5299.7,6
2007-06-20 10:00:00,4591.6,3
2007-06-20 10:00:00,4495.0,4
2007-06-20 10:00:00,4802.6,5
2007-06-20 10:00:00,4018.4,1
2007-06-20 10:00:00,5156.3,2
2007-06-20 22:00:00,6402.5,20
2007-06-20 22:00:00,4940.1,23
2007-06-20 22:00:00,6260.8,19
2007-06-20 22:00:00,4688.4,24
2007-06-20 22:00:00,5811.6,21
2007-06-20 22:00:00,5652.4,22
2007-06-27 01:00:00,5219.7,15
2007-06-27 01:00:00,5248.9,17
2007-06-27 01:00:00,4523.7,13
2007-06-27 01:00:00,,18
2007-06-27 01:00:00,5450.9,16
2007-06-27 01:00:00,4112.4,14
2007-06-27 08:00:00,5356.7,10
2007-06-27 08:00:00,5231.8,7
2007-06-27 08:00:00,4605.7,12
2007-06-27 08:00:00,5528.5,9
2007-06-27 08:00:00,5173.5,11
2007-06-27 08:00:00,6003.3,8
2007-06-27 11:00:00,4595.9,3
2007-06-27 11:00:00,4019.8,1
2007-06-27 11:00:00,5309.2,6
2007-06-27 11:00:00,5161.9,2
2007-06-27 11:00:00,4504.2,4
2007-06-27 11:00:00,4829.2,5
2007-06-27 23:00:00,6263.3,19
2007-06-27 23:00:00,4690.6,24
2007-06-27 23:00:00,5656.9,22
2007-06-27 23:00:00,5814.9,21
2007-06-27 23:00:00,4943.6,23
2007-06-27 23:00:00,6406.0,20
2007-07-06 00:00:00,5653.8,22
2007-07-06 00:00:00,4688.6,24
2007-07-06 00:00:00,6400.1,20
2007-07-06 00:00:00,4941.7,23
2007-07-06 00:00:00,5812.8,21
2007-07-06 00:00:00,6256.0,19
2007-07-06 02:00:00,5247.2,17
2007-07-06 02:00:00,5216.1,15
2007-07-06 02:00:00,5449.2,16
2007-07-06 02:00:00,4518.8,13
2007-07-06 02:00:00,,18
2007-07-06 02:00:00,4105.9,14
2007-07-06 09:00:00,5996.0,8
2007-07-06 09:00:00,5348.7,10
2007-07-06 09:00:00,5521.7,9
2007-07-06 09:00:00,4602.9,12
2007-07-06 09:00:00,5167.4,11
2007-07-06 09:00:00,5226.6,7
2007-07-06 12:00:00,4494.1,4
2007-07-06 12:00:00,5303.9,6
2007-07-06 12:00:00,4015.4,1
2007-07-06 12:00:00,4591.1,3
2007-07-06 12:00:00,4804.7,5
2007-07-06 12:00:00,5146.6,2
2007-07-11 01:00:00,5819.3,21
2007-07-11 01:00:00,4694.5,24
2007-07-11 01:00:00,6403.5,20
2007-07-11 01:00:00,4949.4,23
2007-07-11 01:00:00,5661.3,22
2007-07-11 01:00:00,6253.0,19
2007-07-11 03:00:00,4015.3,14
2007-07-11 03:00:00,4438.4,13
2007-07-11 03:00:00,,18
2007-07-11 03:00:00,5248.7,17
2007-07-11 03:00:00,5215.8,15
2007-07-11 03:00:00,5447.1,16
2007-07-11 10:00:00,5524.4,9
2007-07-11 10:00:00,5966.8,8
2007-07-11 10:00:00,5173.8,11
2007-07-11 10:00:00,4607.2,12
2007-07-11 10:00:00,5175.4,7
2007-07-11 10:00:00,5350.3,10
2007-07-11 13:00:00,5175.4,2
2007-07-11 13:00:00,4509.1,4
2007-07-11 13:00:00,4829.8,5
2007-07-11 13:00:00,4023.8,1
2007-07-11 13:00:00,4598.1,3
2007-07-11 13:00:00,5313.2,6
2007-07-18 02:00:00,4691.7,24
2007-07-18 02:00:00,6243.6,19
2007-07-18 02:00:00,5817.0,21
2007-07-18 02:00:00,5659.0,22
2007-07-18 02:00:00,6396.0,20
2007-07-18 02:00:00,4947.0,23
2007-07-18 04:00:00,5210.9,15
2007-07-18 04:00:00,5440.5,16
2007-07-18 04:00:00,4432.5,13
2007-07-18 04:00:00,5248.2,17
2007-07-18 04:00:00,4026.2,14
2007-07-18 04:00:00,,18
2007-07-18 11:00:00,5170.7,11
2007-07-18 11:00:00,5514.2,9
2007-07-18 11:00:00,4607.1,12
2007-07-18 11:00:00,5348.0,10
2007-07-18 11:00:00,5964.3,8
2007-07-18 11:00:00,5167.2,7
2007-07-18 14:00:00,5312.0,6
2007-07-18 14:00:00,4509.6,4
2007-07-18 14:00:00,4810.8,5
2007-07-18 14:00:00,4596.4,3
2007-07-18 14:00:00,5176.5,2
2007-07-18 14:00:00,4022.4,1
2007-07-23 03:00:00,4690.5,24
2007-07-23 03:00:00,5657.5,22
2007-07-23 03:00:00,6242.1,19
2007-07-23 03:00:00,4946.4,23
2007-07-23 03:00:00,5815.3,21
2007-07-23 03:00:00,6394.4,20
2007-07-23 05:00:00,5250.2,17
2007-07-23 05:00:00,,18
2007-07-23 05:00:00,4062.4,14
2007-07-23 05:00:00,4473.7,13
2007-07-23 05:00:00,5445.6,16
2007-07-23 05:00:00,5215.6,15
2007-07-23 12:00:00,5980.9,8
2007-07-23 12:00:00,5181.4,7
2007-07-23 12:00:00,5354.7,10
2007-07-23 12:00:00,5516.2,9
2007-07-23 12:00:00,5174.8,11
2007-07-23 12:00:00,4608.9,12
2007-07-23 15:00:00,4814.3,5
2007-07-23 15:00:00,4507.7,4
2007-07-23 15:00:00,4596.7,3
2007-07-23 15:00:00,5313.3,6
2007-07-23 15:00:00,5170.1,2
2007-07-23 15:00:00,4020.9,1
2007-08-03 04:00:00,4947.2,23
2007-08-03 04:00:00,5658.0,22
2007-08-03 04:00:00,6242.6,19
2007-08-03 04:00:00,5816.7,21
2007-08-03 04:00:00,6394.9,20
2007-08-03 04:00:00,4690.6,24
2007-08-03 06:00:00,4084.3,14
2007-08-03 06:00:00,,18
2007-08-03 06:00:00,5216.9,15
2007-08-03 06:00:00,5449.1,16
2007-08-03 06:00:00,4496.1,13
2007-08-03 06:00:00,5251.0,17
2007-08-03 13:00:00,5513.8,9
2007-08-03 13:00:00,4608.9,12
2007-08-03 13:00:00,5188.3,7
2007-08-03 13:00:00,5990.6,8
2007-08-03 13:00:00,5173.5,11
2007-08-03 13:00:00,5354.5,10
2007-08-03 16:00:00,4803.8,5
2007-08-03 16:00:00,5311.6,6
2007-08-03 16:00:00,4595.0,3
2007-08-03 16:00:00,4507.3,4
2007-08-03 16:00:00,4020.2,1
2007-08-03 16:00:00,5172.2,2
2007-08-10 05:00:00,5825.1,21
2007-08-10 05:00:00,4948.8,23
2007-08-10 05:00:00,5660.9,22
2007-08-10 05:00:00,6242.7,19
2007-08-10 05:00:00,6394.5,20
2007-08-10 05:00:00,4690.9,24
2007-08-10 07:00:00,5451.1,16
2007-08-10 07:00:00,4497.1,13
2007-08-10 07:00:00,,18
2007-08-10 07:00:00,5250.4,17
2007-08-10 07:00:00,4088.4,14
2007-08-10 07:00:00,5217.8,15
2007-08-10 14:00:00,5347.5,10
2007-08-10 14:00:00,5980.2,8
2007-08-10 14:00:00,5188.1,7
2007-08-10 14:00:00,4606.3,12
2007-08-10 14:00:00,5169.8,11
2007-08-10 14:00:00,5510.8,9
2007-08-10 17:00:00,5168.2,2
2007-08-10 17:00:00,4018.4,1
2007-08-10 17:00:00,4502.2,4
2007-08-10 17:00:00,4792.7,5
2007-08-10 17:00:00,4591.7,3
2007-08-10 17:00:00,5307.2,6
2007-08-17 06:00:00,4949.7,23
2007-08-17 06:00:00,5825.2,21
2007-08-17 06:00:00,5661.1,22
2007-08-17 06:00:00,4691.8,24
2007-08-17 06:00:00,6242.7,19
2007-08-17 06:00:00,6394.7,20
2007-08-17 08:00:00,5251.2,17
2007-08-17 08:00:00,4495.7,13
2007-08-17 08:00:00,4081.9,14
2007-08-17 08:00:00,5453.7,16
2007-08-17 08:00:00,,18
2007-08-17 08:00:00,5220.3,15
2007-08-17 15:00:00,5172.9,11
2007-08-17 15:00:00,5512.1,9
2007-08-17 15:00:00,5985.6,8
2007-08-17 15:00:00,5188.8,7
2007-08-17 15:00:00,5350.1,10
2007-08-17 15:00:00,4606.9,12
2007-08-17 18:00:00,4589.6,3
2007-08-17 18:00:00,4499.4,4
2007-08-17 18:00:00,4017.4,1
2007-08-17 18:00:00,5305.4,6
2007-08-17 18:00:00,4801.4,5
2007-08-17 18:00:00,5159.5,2
2007-08-24 07:00:00,5660.5,22
2007-08-24 07:00:00,6394.1,20
2007-08-24 07:00:00,6241.2,19
2007-08-24 07:00:00,4949.7,23
2007-08-24 07:00:00,4691.6,24
2007-08-24 07:00:00,5825.5,21
2007-08-24 09:00:00,5454.2,16
2007-08-24 09:00:00,4092.4,14
2007-08-24 09:00:00,5253.2,17
2007-08-24 09:00:00,,18
2007-08-24 09:00:00,4502.6,13
2007-08-24 09:00:00,5223.7,15
2007-08-24 16:00:00,4607.5,12
2007-08-24 16:00:00,5192.5,7
2007-08-24 16:00:00,5982.1,8
2007-08-24 16:00:00,5514.3,9
2007-08-24 16:00:00,5173.5,11
2007-08-24 16:00:00,5350.6,10
2007-08-24 19:00:00,4501.0,4
2007-08-24 19:00:00,4792.7,5
2007-08-24 19:00:00,4589.3,3
2007-08-24 19:00:00,4016.4,1
2007-08-24 19:00:00,5304.3,6
2007-08-24 19:00:00,5158.9,2
2007-09-04 08:00:00,5827.8,21
2007-09-04 08:00:00,6395.0,20
2007-09-04 08:00:00,5660.8,22
2007-09-04 08:00:00,6243.2,19
2007-09-04 08:00:00,4691.7,24
2007-09-04 08:00:00,4950.8,23
2007-09-04 10:00:00,4502.5,13
2007-09-04 10:00:00,5457.1,16
2007-09-04 10:00:00,4092.6,14
2007-09-04 10:00:00,5226.3,15
2007-09-04 10:00:00,5256.3,17
2007-09-04 10:00:00,,18
2007-09-04 17:00:00,5172.4,11
2007-09-04 17:00:00,5514.0,9
2007-09-04 17:00:00,4607.1,12
2007-09-04 17:00:00,5195.1,7
2007-09-04 17:00:00,5351.2,10
2007-09-04 17:00:00,5993.0,8
2007-09-04 20:00:00,4016.4,1
2007-09-04 20:00:00,5288.5,6
2007-09-04 20:00:00,4588.4,3
2007-09-04 20:00:00,4768.6,5
2007-09-04 20:00:00,5161.2,2
2007-09-04 20:00:00,4498.1,4
2007-09-14 09:00:00,6391.8,20
2007-09-14 09:00:00,5658.9,22
2007-09-14 09:00:00,4691.9,24
2007-09-14 09:00:00,4950.3,23
2007-09-14 09:00:00,5827.0,21
2007-09-14 09:00:00,6239.9,19
2007-09-14 11:00:00,4084.9,14
2007-09-14 11:00:00,4494.8,13
2007-09-14 11:00:00,5255.2,17
2007-09-14 11:00:00,,18
2007-09-14 11:00:00,5455.3,16
2007-09-14 11:00:00,5224.9,15
2007-09-14 18:00:00,5985.0,8
2007-09-14 18:00:00,4605.9,12
2007-09-14 18:00:00,5511.6,9
2007-09-14 18:00:00,5347.5,10
2007-09-14 18:00:00,5170.8,11
2007-09-14 18:00:00,5194.3,7
2007-09-14 21:00:00,4012.7,1
2007-09-14 21:00:00,4483.7,4
2007-09-14 21:00:00,5275.5,6
2007-09-14 21:00:00,4579.8,3
2007-09-14 21:00:00,5142.9,2
2007-09-14 21:00:00,4757.2,5
2007-09-19 10:00:00,6392.5,20
2007-09-19 10:00:00,5659.1,22
2007-09-19 10:00:00,4692.3,24
2007-09-19 10:00:00,5827.2,21
2007-09-19 10:00:00,4951.0,23
2007-09-19 10:00:00,6240.7,19
2007-09-19 12:00:00,,18
2007-09-19 12:00:00,5255.6,17
2007-09-19 12:00:00,5225.5,15
2007-09-19 12:00:00,5455.8,16
2007-09-19 12:00:00,4494.7,13
2007-09-19 12:00:00,4085.3,14
2007-09-19 19:00:00,5194.1,7
2007-09-19 19:00:00,5348.6,10
2007-09-19 19:00:00,5171.3,11
2007-09-19 19:00:00,5511.9,9
2007-09-19 19:00:00,4606.4,12
2007-09-19 19:00:00,5988.2,8
2007-09-19 22:00:00,5282.0,6
2007-09-19 22:00:00,4583.7,3
2007-09-19 22:00:00,5154.3,2
2007-09-19 22:00:00,4777.8,5
2007-09-19 22:00:00,4016.7,1
2007-09-19 22:00:00,4490.3,4
2007-09-24 11:00:00,4951.3,23
2007-09-24 11:00:00,6210.7,19
2007-09-24 11:00:00,4692.7,24
2007-09-24 11:00:00,5826.7,21
2007-09-24 11:00:00,6375.2,20
2007-09-24 11:00:00,5659.2,22
2007-09-24 13:00:00,5256.6,17
2007-09-24 13:00:00,3868.5,14
2007-09-24 13:00:00,5224.6,15
2007-09-24 13:00:00,5434.5,16
2007-09-24 13:00:00,,18
2007-09-24 13:00:00,4260.7,13
2007-09-24 20:00:00,5334.3,10
2007-09-24 20:00:00,4609.2,12
2007-09-24 20:00:00,5001.3,7
2007-09-24 20:00:00,5887.1,8
2007-09-24 20:00:00,5174.7,11
2007-09-24 20:00:00,5495.0,9
2007-09-24 23:00:00,5164.8,2
2007-09-24 23:00:00,4019.9,1
2007-09-24 23:00:00,4588.0,3
2007-09-24 23:00:00,4787.5,5
2007-09-24 23:00:00,5285.6,6
2007-09-24 23:00:00,4498.1,4
2007-10-05 00:00:00,4485.9,4
2007-10-05 00:00:00,5142.3,2
2007-10-05 00:00:00,4013.2,1
2007-10-05 00:00:00,4582.6,3
2007-10-05 00:00:00,5274.8,6
2007-10-05 00:00:00,4755.6,5
2007-10-05 12:00:00,6375.7,20
2007-10-05 12:00:00,5826.2,21
2007-10-05 12:00:00,6211.8,19
2007-10-05 12:00:00,5658.1,22
2007-10-05 12:00:00,4951.3,23
2007-10-05 12:00:00,4692.8,24
2007-10-05 14:00:00,4298.1,13
2007-10-05 14:00:00,3891.4,14
2007-10-05 14:00:00,,18
2007-10-05 14:00:00,5253.3,17
2007-10-05 14:00:00,5427.6,16
2007-10-05 14:00:00,5215.3,15
2007-10-05 21:00:00,5008.9,7
2007-10-05 21:00:00,5905.5,8
2007-10-05 21:00:00,5485.7,9
2007-10-05 21:00:00,5331.0,10
2007-10-05 21:00:00,4605.3,12
2007-10-05 21:00:00,5165.1,11
2007-10-11 01:00:00,4758.7,5
2007-10-11 01:00:00,4488.2,4
2007-10-11 01:00:00,5141.6,2
2007-10-11 01:00:00,4582.8,3
2007-10-11 01:00:00,5275.5,6
2007-10-11 01:00:00,4013.9,1
2007-10-11 13:00:00,6375.7,20
2007-10-11 13:00:00,5657.2,22
2007-10-11 13:00:00,6211.3,19
2007-10-11 13:00:00,4692.8,24
2007-10-11 13:00:00,4951.1,23
2007-10-11 13:00:00,5825.6,21
2007-10-11 15:00:00,5253.0,17
2007-10-11 15:00:00,3898.7,14
2007-10-11 15:00:00,,18
2007-10-11 15:00:00,5427.9,16
2007-10-11 15:00:00,5214.7,15
2007-10-11 15:00:00,4305.9,13
2007-10-11 22:00:00,4604.7,12
2007-10-11 22:00:00,5906.0,8
2007-10-11 22:00:00,5330.5,10
2007-10-11 22:00:00,5485.0,9
2007-10-11 22:00:00,5164.1,11
2007-10-11 22:00:00,5011.1,7
2007-10-18 02:00:00,5149.4,2
2007-10-18 02:00:00,4759.5,5
2007-10-18 02:00:00,5273.2,6
2007-10-18 02:00:00,4015.4,1
2007-10-18 02:00:00,4487.5,4
2007-10-18 02:00:00,4583.4,3
2007-10-18 14:00:00,6213.1,19
2007-10-18 14:00:00,5825.6,21
2007-10-18 14:00:00,5657.2,22
2007-10-18 14:00:00,6376.4,20
2007-10-18 14:00:00,4951.5,23
2007-10-18 14:00:00,4693.2,24
2007-10-18 16:00:00,5427.2,16
2007-10-18 16:00:00,4307.5,13
2007-10-18 16:00:00,5253.0,17
2007-10-18 16:00:00,3900.5,14
2007-10-18 16:00:00,,18
2007-10-18 16:00:00,5214.4,15
2007-10-18 23:00:00,4604.6,12
2007-10-18 23:00:00,5904.7,8
2007-10-18 23:00:00,5012.1,7
2007-10-18 23:00:00,5485.5,9
2007-10-18 23:00:00,5164.9,11
2007-10-18 23:00:00,5330.8,10
2007-10-26 00:00:00,5331.2,10
2007-10-26 00:00:00,5164.1,11
2007-10-26 00:00:00,5907.4,8
2007-10-26 00:00:00,5013.0,7
2007-10-26 00:00:00,4603.5,12
2007-10-26 00:00:00,5484.8,9
2007-10-26 03:00:00,5139.6,2
2007-10-26 03:00:00,4012.9,1
2007-10-26 03:00:00,4747.1,5
2007-10-26 03:00:00,4480.7,4
2007-10-26 03:00:00,4580.3,3
2007-10-26 03:00:00,5266.3,6
2007-10-26 15:00:00,6379.2,20
2007-10-26 15:00:00,5656.4,22
2007-10-26 15:00:00,4951.8,23
2007-10-26 15:00:00,4693.7,24
2007-10-26 15:00:00,5824.6,21
2007-10-26 15:00:00,6216.2,19
2007-10-26 17:00:00,,18
2007-10-26 17:00:00,3902.8,14
2007-10-26 17:00:00,5252.8,17
2007-10-26 17:00:00,5214.0,15
2007-10-26 17:00:00,4309.1,13
2007-10-26 17:00:00,5427.0,16
2007-11-01 01:00:00,5484.1,9
2007-11-01 01:00:00,5330.5,10
2007-11-01 01:00:00,5906.9,8
2007-11-01 01:00:00,5163.4,11
2007-11-01 01:00:00,4603.1,12
2007-11-01 01:00:00,5012.6,7
2007-11-01 04:00:00,5267.9,6
2007-11-01 04:00:00,4013.9,1
2007-11-01 04:00:00,4581.1,3
2007-11-01 04:00:00,4481.5,4
2007-11-01 04:00:00,5140.0,2
2007-11-01 04:00:00,4755.5,5
2007-11-01 16:00:00,6378.6,20
2007-11-01 16:00:00,5824.0,21
2007-11-01 16:00:00,6216.0,19
2007-11-01 16:00:00,5654.9,22
2007-11-01 16:00:00,4693.3,24
2007-11-01 16:00:00,4951.4,23
2007-11-01 18:00:00,,18
2007-11-01 18:00:00,5213.5,15
2007-11-01 18:00:00,4309.2,13
2007-11-01 18:00:00,5252.4,17
2007-11-01 18:00:00,3903.1,14
2007-11-01 18:00:00,5426.7,16
2007-11-06 02:00:00,5016.8,7
2007-11-06 02:00:00,5335.8,10
2007-11-06 02:00:00,5168.6,11
2007-11-06 02:00:00,4605.5,12
2007-11-06 02:00:00,5911.1,8
2007-11-06 02:00:00,5489.4,9
2007-11-06 05:00:00,4587.9,3
2007-11-06 05:00:00,4019.7,1
2007-11-06 05:00:00,5161.0,2
2007-11-06 05:00:00,5274.4,6
2007-11-06 05:00:00,4777.0,5
2007-11-06 05:00:00,4492.9,4
2007-11-06 17:00:00,4694.8,24
2007-11-06 17:00:00,6220.8,19
2007-11-06 17:00:00,5825.3,21
2007-11-06 17:00:00,5655.7,22
2007-11-06 17:00:00,4953.6,23
2007-11-06 17:00:00,6382.8,20
2007-11-06 19:00:00,,18
2007-11-06 19:00:00,5216.9,15
2007-11-06 19:00:00,4315.3,13
2007-11-06 19:00:00,5254.3,17
2007-11-06 19:00:00,5429.1,16
2007-11-06 19:00:00,3909.4,14
2007-11-14 03:00:00,5490.7,9
2007-11-14 03:00:00,5053.8,7
2007-11-14 03:00:00,5340.2,10
2007-11-14 03:00:00,5942.4,8
2007-11-14 03:00:00,5167.6,11
2007-11-14 03:00:00,4603.3,12
2007-11-14 06:00:00,4764.3,5
2007-11-14 06:00:00,4016.7,1
2007-11-14 06:00:00,5153.5,2
2007-11-14 06:00:00,4584.8,3
2007-11-14 06:00:00,5271.0,6
2007-11-14 06:00:00,4487.5,4
2007-11-14 18:00:00,5655.9,22
2007-11-14 18:00:00,5825.2,21
2007-11-14 18:00:00,4953.4,23
2007-11-14 18:00:00,6231.2,19
2007-11-14 18:00:00,4695.2,24
2007-11-14 18:00:00,6391.0,20
2007-11-14 20:00:00,5217.8,15
2007-11-14 20:00:00,5254.8,17
2007-11-14 20:00:00,,18
2007-11-14 20:00:00,3978.9,14
2007-11-14 20:00:00,4388.0,13
2007-11-14 20:00:00,5432.9,16
2007-11-22 04:00:00,5963.4,8
2007-11-22 04:00:00,5164.9,11
2007-11-22 04:00:00,5488.5,9
2007-11-22 04:00:00,4601.6,12
2007-11-22 04:00:00,5094.3,7
2007-11-22 04:00:00,5341.4,10
2007-11-22 07:00:00,4012.8,1
2007-11-22 07:00:00,4477.3,4
2007-11-22 07:00:00,5136.0,2
2007-11-22 07:00:00,4751.5,5
2007-11-22 07:00:00,4579.9,3
2007-11-22 07:00:00,5261.2,6
2007-11-22 19:00:00,5654.0,22
2007-11-22 19:00:00,6392.8,20
2007-11-22 19:00:00,4952.4,23
2007-11-22 19:00:00,6233.9,19
2007-11-22 19:00:00,4694.3,24
2007-11-22 19:00:00,5824.2,21
2007-11-22 21:00:00,5432.3,16
2007-11-22 21:00:00,4432.7,13
2007-11-22 21:00:00,4023.6,14
2007-11-22 21:00:00,5253.7,17
2007-11-22 21:00:00,,18
2007-11-22 21:00:00,5216.9,15
2007-11-30 05:00:00,5342.9,10
2007-11-30 05:00:00,4601.9,12
2007-11-30 05:00:00,5489.7,9
2007-11-30 05:00:00,5107.4,7
2007-11-30 05:00:00,5165.4,11
2007-11-30 05:00:00,5969.7,8
2007-11-30 08:00:00,4474.0,4
2007-11-30 08:00:00,5131.9,2
2007-11-30 08:00:00,5255.6,6
2007-11-30 08:00:00,4011.1,1
2007-11-30 08:00:00,4742.5,5
2007-11-30 08:00:00,4578.5,3
2007-11-30 20:00:00,4693.6,24
2007-11-30 20:00:00,4951.8,23
2007-11-30 20:00:00,5652.5,22
2007-11-30 20:00:00,5823.1,21
2007-11-30 20:00:00,6394.0,20
2007-11-30 20:00:00,6236.1,19
2007-11-30 22:00:00,4432.6,13
2007-11-30 22:00:00,5253.9,17
2007-11-30 22:00:00,,18
2007-11-30 22:00:00,5432.5,16
2007-11-30 22:00:00,5217.1,15
2007-11-30 22:00:00,4023.9,14
2007-12-07 06:00:00,4601.5,12
2007-12-07 06:00:00,5343.8,10
2007-12-07 06:00:00,5975.4,8
2007-12-07 06:00:00,5128.4,7
2007-12-07 06:00:00,5492.4,9
2007-12-07 06:00:00,5165.4,11
2007-12-07 09:00:00,4477.2,4
2007-12-07 09:00:00,5142.5,2
2007-12-07 09:00:00,4581.7,3
2007-12-07 09:00:00,4015.4,1
2007-12-07 09:00:00,5262.2,6
2007-12-07 09:00:00,4769.5,5
2007-12-07 21:00:00,6238.2,19
2007-12-07 21:00:00,4951.7,23
2007-12-07 21:00:00,6395.3,20
2007-12-07 21:00:00,5652.1,22
2007-12-07 21:00:00,4693.8,24
2007-12-07 21:00:00,5823.2,21
2007-12-07 23:00:00,5217.5,15
2007-12-07 23:00:00,5432.9,16
2007-12-07 23:00:00,5254.6,17
2007-12-07 23:00:00,4447.2,13
2007-12-07 23:00:00,4036.0,14
2007-12-07 23:00:00,,18
2007-12-14 00:00:00,,18
2007-12-14 00:00:00,5217.6,15
2007-12-14 00:00:00,5433.9,16
2007-12-14 00:00:00,5254.9,17
2007-12-14 00:00:00,4037.6,14
2007-12-14 00:00:00,4445.4,13
2007-12-14 07:00:00,5495.3,9
2007-12-14 07:00:00,5131.7,7
2007-12-14 07:00:00,5342.5,10
2007-12-14 07:00:00,4600.7,12
2007-12-14 07:00:00,5165.8,11
2007-12-14 07:00:00,5972.5,8
2007-12-14 10:00:00,5255.2,6
2007-12-14 10:00:00,5137.9,2
2007-12-14 10:00:00,4013.4,1
2007-12-14 10:00:00,4472.0,4
2007-12-14 10:00:00,4753.4,5
2007-12-14 10:00:00,4579.4,3
2007-12-14 22:00:00,5822.6,21
2007-12-14 22:00:00,4693.4,24
2007-12-14 22:00:00,5650.9,22
2007-12-14 22:00:00,6239.7,19
2007-12-14 22:00:00,6395.5,20
2007-12-14 22:00:00,4951.3,23
2007-12-21 01:00:00,4446.2,13
2007-12-21 01:00:00,5217.7,15
2007-12-21 01:00:00,4038.1,14
2007-12-21 01:00:00,,18
2007-12-21 01:00:00,5434.0,16
2007-12-21 01:00:00,5254.7,17
2007-12-21 08:00:00,4600.5,12
2007-12-21 08:00:00,5977.8,8
2007-12-21 08:00:00,5165.3,11
2007-12-21 08:00:00,5343.6,10
2007-12-21 08:00:00,5495.2,9
2007-12-21 08:00:00,5138.2,7
2007-12-21 11:00:00,5253.4,6
2007-12-21 11:00:00,4470.4,4
2007-12-21 11:00:00,4752.1,5
2007-12-21 11:00:00,5130.7,2
2007-12-21 11:00:00,4578.7,3
2007-12-21 11:00:00,4012.0,1
2007-12-21 23:00:00,5822.3,21
2007-12-21 23:00:00,6396.2,20
2007-12-21 23:00:00,6241.7,19
2007-12-21 23:00:00,5650.6,22
2007-12-21 23:00:00,4951.1,23
2007-12-21 23:00:00,4693.3,24
2008-01-04 00:00:00,4949.3,23
2008-01-04 00:00:00,6243.5,19
2008-01-04 00:00:00,6395.5,20
2008-01-04 00:00:00,5646.0,22
2008-01-04 00:00:00,5819.1,21
2008-01-04 00:00:00,4692.3,24
2008-01-04 02:00:00,5216.4,15
2008-01-04 02:00:00,5433.6,16
2008-01-04 02:00:00,,18
2008-01-04 02:00:00,5254.1,17
2008-01-04 02:00:00,4447.9,13
2008-01-04 02:00:00,4041.0,14
2008-01-04 09:00:00,5163.0,11
2008-01-04 09:00:00,5152.2,7
2008-01-04 09:00:00,5982.4,8
2008-01-04 09:00:00,5494.4,9
2008-01-04 09:00:00,5341.0,10
2008-01-04 09:00:00,4598.5,12
2008-01-04 12:00:00,5123.2,2
2008-01-04 12:00:00,4759.9,5
2008-01-04 12:00:00,5246.9,6
2008-01-04 12:00:00,4011.0,1
2008-01-04 12:00:00,4576.8,3
2008-01-04 12:00:00,4462.2,4
2008-01-10 01:00:00,4693.0,24
2008-01-10 01:00:00,4950.0,23
2008-01-10 01:00:00,6248.1,19
2008-01-10 01:00:00,5820.2,21
2008-01-10 01:00:00,6398.5,20
2008-01-10 01:00:00,5647.2,22
2008-01-10 03:00:00,5433.8,16
2008-01-10 03:00:00,4449.7,13
2008-01-10 03:00:00,4042.4,14
2008-01-10 03:00:00,5216.5,15
2008-01-10 03:00:00,,18
2008-01-10 03:00:00,5253.9,17
2008-01-10 10:00:00,5166.7,7
2008-01-10 10:00:00,4588.6,12
2008-01-10 10:00:00,5496.5,9
2008-01-10 10:00:00,5343.2,10
2008-01-10 10:00:00,5990.2,8
2008-01-10 10:00:00,5163.6,11
2008-01-10 13:00:00,4009.5,1
2008-01-10 13:00:00,4457.3,4
2008-01-10 13:00:00,5238.0,6
2008-01-10 13:00:00,5117.8,2
2008-01-10 13:00:00,4744.3,5
2008-01-10 13:00:00,4573.9,3
2008-01-19 02:00:00,6252.1,19
2008-01-19 02:00:00,5819.5,21
2008-01-19 02:00:00,5646.5,22
2008-01-19 02:00:00,4693.0,24
2008-01-19 02:00:00,4949.7,23
2008-01-19 02:00:00,6400.2,20
2008-01-19 04:00:00,5435.4,16
2008-01-19 04:00:00,5218.3,15
2008-01-19 04:00:00,4468.4,13
2008-01-19 04:00:00,,18
2008-01-19 04:00:00,4053.6,14
2008-01-19 04:00:00,5254.8,17
2008-01-19 11:00:00,5345.8,10
2008-01-19 11:00:00,5999.0,8
2008-01-19 11:00:00,5499.5,9
2008-01-19 11:00:00,5164.8,11
2008-01-19 11:00:00,5185.9,7
2008-01-19 11:00:00,4600.0,12
2008-01-19 14:00:00,5240.7,6
2008-01-19 14:00:00,4465.3,4
2008-01-19 14:00:00,4013.1,1
2008-01-19 14:00:00,4579.6,3
2008-01-19 14:00:00,4772.9,5
2008-01-19 14:00:00,5129.5,2
2008-01-25 03:00:00,4949.8,23
2008-01-25 03:00:00,6401.1,20
2008-01-25 03:00:00,5646.3,22
2008-01-25 03:00:00,4693.1,24
2008-01-25 03:00:00,6253.7,19
2008-01-25 03:00:00,5819.4,21
2008-01-25 05:00:00,4468.6,13
2008-01-25 05:00:00,5255.1,17
2008-01-25 05:00:00,5436.0,16
2008-01-25 05:00:00,4054.0,14
2008-01-25 05:00:00,5218.8,15
2008-01-25 05:00:00,,18
2008-01-25 12:00:00,5165.4,11
2008-01-25 12:00:00,5346.3,10
2008-01-25 12:00:00,5999.0,8
2008-01-25 12:00:00,5500.5,9
2008-01-25 12:00:00,5186.1,7
2008-01-25 12:00:00,4600.3,12
2008-01-25 15:00:00,5239.6,6
2008-01-25 15:00:00,4012.4,1
2008-01-25 15:00:00,5126.0,2
2008-01-25 15:00:00,4579.9,3
2008-01-25 15:00:00,4763.0,5
2008-01-25 15:00:00,4465.1,4
2008-01-28 04:00:00,6242.9,19
2008-01-28 04:00:00,5647.6,22
2008-01-28 04:00:00,4692.5,24
2008-01-28 04:00:00,6395.7,20
2008-01-28 04:00:00,5820.5,21
2008-01-28 04:00:00,4950.0,23
2008-01-28 06:00:00,5433.1,16
2008-01-28 06:00:00,4446.6,13
2008-01-28 06:00:00,,18
2008-01-28 06:00:00,4038.7,14
2008-01-28 06:00:00,5254.0,17
2008-01-28 06:00:00,5216.5,15
2008-01-28 13:00:00,4598.5,12
2008-01-28 13:00:00,5162.7,11
2008-01-28 13:00:00,5983.7,8
2008-01-28 13:00:00,5493.0,9
2008-01-28 13:00:00,5341.8,10
2008-01-28 13:00:00,5152.3,7
2008-01-28 16:00:00,5246.5,6
2008-01-28 16:00:00,5126.0,2
2008-01-28 16:00:00,4747.4,5
2008-01-28 16:00:00,4576.9,3
2008-01-28 16:00:00,4011.3,1
2008-01-28 16:00:00,4464.3,4
2008-02-10 05:00:00,6254.8,19
2008-02-10 05:00:00,6401.3,20
2008-02-10 05:00:00,5818.9,21
2008-02-10 05:00:00,4692.7,24
2008-02-10 05:00:00,5645.0,22
2008-02-10 05:00:00,4949.1,23
2008-02-10 07:00:00,,18
2008-02-10 07:00:00,5218.3,15
2008-02-10 07:00:00,5254.8,17
2008-02-10 07:00:00,4054.3,14
2008-02-10 07:00:00,5435.5,16
2008-02-10 07:00:00,4468.6,13
2008-02-10 14:00:00,5501.3,9
2008-02-10 14:00:00,5345.7,10
2008-02-10 14:00:00,5998.7,8
2008-02-10 14:00:00,5164.6,11
2008-02-10 14:00:00,4599.9,12
2008-02-10 14:00:00,5186.5,7
2008-02-10 17:00:00,4011.4,1
2008-02-10 17:00:00,4460.2,4
2008-02-10 17:00:00,4757.6,5
2008-02-10 17:00:00,5237.8,6
2008-02-10 17:00:00,5121.3,2
2008-02-10 17:00:00,4577.8,3
2008-02-15 06:00:00,4948.9,23
2008-02-15 06:00:00,6255.3,19
2008-02-15 06:00:00,5818.6,21
2008-02-15 06:00:00,4692.7,24
2008-02-15 06:00:00,5644.8,22
2008-02-15 06:00:00,6401.2,20
2008-02-15 08:00:00,4054.9,14
2008-02-15 08:00:00,5218.8,15
2008-02-15 08:00:00,5255.1,17
2008-02-15 08:00:00,5435.9,16
2008-02-15 08:00:00,,18
2008-02-15 08:00:00,4468.9,13
2008-02-15 15:00:00,5346.6,10
2008-02-15 15:00:00,5999.8,8
2008-02-15 15:00:00,5165.3,11
2008-02-15 15:00:00,5502.2,9
2008-02-15 15:00:00,5186.5,7
2008-02-15 15:00:00,4600.2,12
2008-02-15 18:00:00,5237.4,6
2008-02-15 18:00:00,4580.2,3
2008-02-15 18:00:00,4754.7,5
2008-02-15 18:00:00,4465.8,4
2008-02-15 18:00:00,5132.2,2
2008-02-15 18:00:00,4013.5,1
2008-02-23 07:00:00,6399.7,20
2008-02-23 07:00:00,4947.3,23
2008-02-23 07:00:00,5642.0,22
2008-02-23 07:00:00,6255.1,19
2008-02-23 07:00:00,4691.9,24
2008-02-23 07:00:00,5817.2,21
2008-02-23 09:00:00,5255.1,17
2008-02-23 09:00:00,,18
2008-02-23 09:00:00,4054.9,14
2008-02-23 09:00:00,5435.9,16
2008-02-23 09:00:00,5218.8,15
2008-02-23 09:00:00,4468.8,13
2008-02-23 16:00:00,5186.4,7
2008-02-23 16:00:00,5515.5,9
2008-02-23 16:00:00,5345.5,10
2008-02-23 16:00:00,5165.4,11
2008-02-23 16:00:00,4600.1,12
2008-02-23 16:00:00,5999.7,8
2008-02-23 19:00:00,5129.9,2
2008-02-23 19:00:00,5241.1,6
2008-02-23 19:00:00,4012.6,1
2008-02-23 19:00:00,4758.2,5
2008-02-23 19:00:00,4578.8,3
2008-02-23 19:00:00,4461.8,4
2008-02-28 08:00:00,6401.6,20
2008-02-28 08:00:00,4692.1,24
2008-02-28 08:00:00,4947.4,23
2008-02-28 08:00:00,5817.2,21
2008-02-28 08:00:00,6257.6,19
2008-02-28 08:00:00,5642.1,22
2008-02-28 10:00:00,,18
2008-02-28 10:00:00,5254.7,17
2008-02-28 10:00:00,4062.1,14
2008-02-28 10:00:00,5435.2,16
2008-02-28 10:00:00,4480.4,13
2008-02-28 10:00:00,5218.0,15
2008-02-28 17:00:00,5514.5,9
2008-02-28 17:00:00,5345.2,10
2008-02-28 17:00:00,5164.5,11
2008-02-28 17:00:00,6007.9,8
2008-02-28 17:00:00,5202.3,7
2008-02-28 17:00:00,4599.4,12
2008-02-28 20:00:00,5234.7,6
2008-02-28 20:00:00,4745.0,5
2008-02-28 20:00:00,4576.1,3
2008-02-28 20:00:00,4010.1,1
2008-02-28 20:00:00,5119.5,2
2008-02-28 20:00:00,4456.3,4
2008-03-06 09:00:00,4692.7,24
2008-03-06 09:00:00,5642.7,22
2008-03-06 09:00:00,5817.5,21
2008-03-06 09:00:00,4947.6,23
2008-03-06 09:00:00,6258.3,19
2008-03-06 09:00:00,6402.1,20
2008-03-06 11:00:00,4062.3,14
2008-03-06 11:00:00,5435.3,16
2008-03-06 11:00:00,5254.7,17
2008-03-06 11:00:00,5218.2,15
2008-03-06 11:00:00,,18
2008-03-06 11:00:00,4480.3,13
2008-03-06 18:00:00,6005.5,8
2008-03-06 18:00:00,4599.6,12
2008-03-06 18:00:00,5201.5,7
2008-03-06 18:00:00,5344.7,10
2008-03-06 18:00:00,5514.7,9
2008-03-06 18:00:00,5164.7,11
2008-03-06 21:00:00,5241.9,6
2008-03-06 21:00:00,4730.8,5
2008-03-06 21:00:00,4580.0,3
2008-03-06 21:00:00,5131.6,2
2008-03-06 21:00:00,4463.4,4
2008-03-06 21:00:00,4013.6,1
2008-03-14 10:00:00,6403.1,20
2008-03-14 10:00:00,5817.1,21
2008-03-14 10:00:00,4947.3,23
2008-03-14 10:00:00,4692.4,24
2008-03-14 10:00:00,5642.2,22
2008-03-14 10:00:00,6258.9,19
2008-03-14 12:00:00,4063.1,14
2008-03-14 12:00:00,5218.7,15
2008-03-14 12:00:00,5435.7,16
2008-03-14 12:00:00,4480.9,13
2008-03-14 12:00:00,5254.9,17
2008-03-14 12:00:00,,18
2008-03-14 19:00:00,5202.4,7
2008-03-14 19:00:00,6007.3,8
2008-03-14 19:00:00,5165.3,11
2008-03-14 19:00:00,5346.3,10
2008-03-14 19:00:00,5515.7,9
2008-03-14 19:00:00,4600.1,12
2008-03-14 22:00:00,4466.2,4
2008-03-14 22:00:00,5136.6,2
2008-03-14 22:00:00,4014.6,1
2008-03-14 22:00:00,4765.4,5
2008-03-14 22:00:00,5239.3,6
2008-03-14 22:00:00,4580.8,3
2008-03-19 11:00:00,6402.5,20
2008-03-19 11:00:00,4946.8,23
2008-03-19 11:00:00,4692.1,24
2008-03-19 11:00:00,6259.6,19
2008-03-19 11:00:00,5641.5,22
2008-03-19 11:00:00,5816.7,21
2008-03-19 13:00:00,5218.5,15
2008-03-19 13:00:00,,18
2008-03-19 13:00:00,4062.9,14
2008-03-19 13:00:00,4480.8,13
2008-03-19 13:00:00,5254.7,17
2008-03-19 13:00:00,5435.6,16
2008-03-19 20:00:00,5165.2,11
2008-03-19 20:00:00,6007.6,8
2008-03-19 20:00:00,4600.0,12
2008-03-19 20:00:00,5202.3,7
2008-03-19 20:00:00,5346.0,10
2008-03-19 20:00:00,5515.5,9
2008-03-19 23:00:00,4763.0,5
2008-03-19 23:00:00,4581.4,3
2008-03-19 23:00:00,4013.1,1
2008-03-19 23:00:00,4466.1,4
2008-03-19 23:00:00,5239.8,6
2008-03-19 23:00:00,5129.6,2
2008-03-28 00:00:00,4013.1,1
2008-03-28 00:00:00,4756.0,5
2008-03-28 00:00:00,4464.9,4
2008-03-28 00:00:00,4581.1,3
2008-03-28 00:00:00,5237.5,6
2008-03-28 00:00:00,5131.9,2
2008-03-28 12:00:00,6258.8,19
2008-03-28 12:00:00,4691.7,24
2008-03-28 12:00:00,5640.3,22
2008-03-28 12:00:00,4945.7,23
2008-03-28 12:00:00,5815.6,21
2008-03-28 12:00:00,6401.6,20
2008-03-28 14:00:00,5218.4,15
2008-03-28 14:00:00,5435.3,16
2008-03-28 14:00:00,4075.4,14
2008-03-28 14:00:00,5254.7,17
2008-03-28 14:00:00,4495.3,13
2008-03-28 14:00:00,,18
2008-03-28 21:00:00,5164.7,11
2008-03-28 21:00:00,6007.6,8
2008-03-28 21:00:00,5514.9,9
2008-03-28 21:00:00,5208.6,7
2008-03-28 21:00:00,4599.7,12
2008-03-28 21:00:00,5345.5,10
2008-04-04 01:00:00,5148.6,2
2008-04-04 01:00:00,4585.3,3
2008-04-04 01:00:00,4017.5,1
2008-04-04 01:00:00,4474.3,4
2008-04-04 01:00:00,4773.1,5
2008-04-04 01:00:00,5246.6,6
2008-04-04 13:00:00,5643.5,22
2008-04-04 13:00:00,6262.0,19
2008-04-04 13:00:00,4693.3,24
2008-04-04 13:00:00,6405.6,20
2008-04-04 13:00:00,5817.9,21
2008-04-04 13:00:00,4948.1,23
2008-04-04 15:00:00,5436.2,16
2008-04-04 15:00:00,5219.6,15
2008-04-04 15:00:00,4489.5,13
2008-04-04 15:00:00,5254.9,17
2008-04-04 15:00:00,,18
2008-04-04 15:00:00,4073.3,14
2008-04-04 22:00:00,5344.9,10
2008-04-04 22:00:00,5517.0,9
2008-04-04 22:00:00,5263.2,7
2008-04-04 22:00:00,4600.3,12
2008-04-04 22:00:00,5997.9,8
2008-04-04 22:00:00,5166.7,11
2008-04-10 02:00:00,4015.1,1
2008-04-10 02:00:00,4584.6,3
2008-04-10 02:00:00,5249.1,6
2008-04-10 02:00:00,4767.9,5
2008-04-10 02:00:00,4472.2,4
2008-04-10 02:00:00,5137.2,2
2008-04-10 14:00:00,5641.0,22
2008-04-10 14:00:00,6258.6,19
2008-04-10 14:00:00,5816.6,21
2008-04-10 14:00:00,4945.8,23
2008-04-10 14:00:00,4691.7,24
2008-04-10 14:00:00,6401.7,20
2008-04-10 16:00:00,5254.4,17
2008-04-10 16:00:00,5218.3,15
2008-04-10 16:00:00,,18
2008-04-10 16:00:00,5435.8,16
2008-04-10 16:00:00,4066.0,14
2008-04-10 16:00:00,4479.3,13
2008-04-10 23:00:00,4599.4,12
2008-04-10 23:00:00,5342.0,10
2008-04-10 23:00:00,5515.1,9
2008-04-10 23:00:00,5993.2,8
2008-04-10 23:00:00,5164.7,11
2008-04-10 23:00:00,5199.6,7
2008-04-18 00:00:00,5517.9,9
2008-04-18 00:00:00,5345.9,10
2008-04-18 00:00:00,5997.4,8
2008-04-18 00:00:00,5167.5,11
2008-04-18 00:00:00,5202.6,7
2008-04-18 00:00:00,4600.6,12
2008-04-18 03:00:00,4479.1,4
2008-04-18 03:00:00,4586.9,3
2008-04-18 03:00:00,4767.8,5
2008-04-18 03:00:00,5257.9,6
2008-04-18 03:00:00,5146.7,2
2008-04-18 03:00:00,4016.8,1
2008-04-18 15:00:00,6404.4,20
2008-04-18 15:00:00,5818.1,21
2008-04-18 15:00:00,4690.8,24
2008-04-18 15:00:00,4944.8,23
2008-04-18 15:00:00,5644.0,22
2008-04-18 15:00:00,6261.7,19
2008-04-18 17:00:00,4486.0,13
2008-04-18 17:00:00,5220.4,15
2008-04-18 17:00:00,5438.1,16
2008-04-18 17:00:00,,18
2008-04-18 17:00:00,4069.7,14
2008-04-18 17:00:00,5256.0,17
2008-04-25 01:00:00,5343.8,10
2008-04-25 01:00:00,5200.1,7
2008-04-25 01:00:00,5166.8,11
2008-04-25 01:00:00,5993.3,8
2008-04-25 01:00:00,4600.4,12
2008-04-25 01:00:00,5517.1,9
2008-04-25 04:00:00,4015.6,1
2008-04-25 04:00:00,4763.2,5
2008-04-25 04:00:00,5255.5,6
2008-04-25 04:00:00,4586.5,3
2008-04-25 04:00:00,4477.6,4
2008-04-25 04:00:00,5142.8,2
2008-04-25 16:00:00,4690.4,24
2008-04-25 16:00:00,4944.3,23
2008-04-25 16:00:00,5642.6,22
2008-04-25 16:00:00,5817.2,21
2008-04-25 16:00:00,6402.2,20
2008-04-25 16:00:00,6258.5,19
2008-04-25 18:00:00,4479.5,13
2008-04-25 18:00:00,5220.3,15
2008-04-25 18:00:00,,18
2008-04-25 18:00:00,4066.6,14
2008-04-25 18:00:00,5437.9,16
2008-04-25 18:00:00,5255.7,17
2008-04-28 02:00:00,5343.2,10
2008-04-28 02:00:00,5516.2,9
2008-04-28 02:00:00,5199.3,7
2008-04-28 02:00:00,5165.9,11
2008-04-28 02:00:00,5995.1,8
2008-04-28 02:00:00,4600.0,12
2008-04-28 05:00:00,5144.4,2
2008-04-28 05:00:00,5260.6,6
2008-04-28 05:00:00,4772.7,5
2008-04-28 05:00:00,4586.9,3
2008-04-28 05:00:00,4016.6,1
2008-04-28 05:00:00,4478.0,4
2008-04-28 17:00:00,4944.1,23
2008-04-28 17:00:00,5641.6,22
2008-04-28 17:00:00,6257.9,19
2008-04-28 17:00:00,5816.9,21
2008-04-28 17:00:00,6401.4,20
2008-04-28 17:00:00,4690.1,24
2008-04-28 19:00:00,5219.5,15
2008-04-28 19:00:00,5437.4,16
2008-04-28 19:00:00,,18
2008-04-28 19:00:00,5255.3,17
2008-04-28 19:00:00,4065.8,14
2008-04-28 19:00:00,4478.7,13
2008-05-09 03:00:00,5348.3,10
2008-05-09 03:00:00,5170.8,11
2008-05-09 03:00:00,4603.4,12
2008-05-09 03:00:00,5987.5,8
2008-05-09 03:00:00,5192.6,7
2008-05-09 03:00:00,5521.1,9
2008-05-09 18:00:00,6408.6,20
2008-05-09 18:00:00,4948.8,23
2008-05-09 18:00:00,6263.2,19
2008-05-09 18:00:00,5822.1,21
2008-05-09 18:00:00,4694.2,24
2008-05-09 18:00:00,5650.1,22
2008-05-09 20:00:00,4057.8,14
2008-05-09 20:00:00,5257.5,17
2008-05-09 20:00:00,,18
2008-05-09 20:00:00,4468.5,13
2008-05-09 20:00:00,5223.6,15
2008-05-09 20:00:00,5440.9,16
2008-05-16 04:00:00,5198.9,7
2008-05-16 04:00:00,4604.3,12
2008-05-16 04:00:00,5349.5,10
2008-05-16 04:00:00,5521.7,9
2008-05-16 04:00:00,5171.9,11
2008-05-16 04:00:00,5986.3,8
2008-05-16 19:00:00,4692.3,24
2008-05-16 19:00:00,5821.4,21
2008-05-16 19:00:00,6257.1,19
2008-05-16 19:00:00,6404.9,20
2008-05-16 19:00:00,4948.0,23
2008-05-16 19:00:00,5649.3,22
2008-05-16 21:00:00,5441.6,16
2008-05-16 21:00:00,4463.5,13
2008-05-16 21:00:00,5258.3,17
2008-05-16 21:00:00,4052.8,14
2008-05-16 21:00:00,5225.0,15
2008-05-16 21:00:00,,18
2008-05-21 05:00:00,5983.9,8
2008-05-21 05:00:00,5165.1,11
2008-05-21 05:00:00,5185.8,7
2008-05-21 05:00:00,4600.3,12
2008-05-21 05:00:00,5514.5,9
2008-05-21 05:00:00,5341.9,10
2008-05-21 20:00:00,5646.0,22
2008-05-21 20:00:00,6252.1,19
2008-05-21 20:00:00,5819.0,21
2008-05-21 20:00:00,6399.6,20
2008-05-21 20:00:00,4690.3,24
2008-05-21 20:00:00,4945.9,23
2008-05-21 22:00:00,5458.8,16
2008-05-21 22:00:00,5255.7,17
2008-05-21 22:00:00,4047.2,14
2008-05-21 22:00:00,,18
2008-05-21 22:00:00,5220.1,15
2008-05-21 22:00:00,4458.4,13
2008-05-28 06:00:00,5514.5,9
2008-05-28 06:00:00,5186.0,7
2008-05-28 06:00:00,5165.3,11
2008-05-28 06:00:00,4600.5,12
2008-05-28 06:00:00,5342.4,10
2008-05-28 06:00:00,5984.1,8
2008-05-28 21:00:00,5647.0,22
2008-05-28 21:00:00,4691.2,24
2008-05-28 21:00:00,5820.2,21
2008-05-28 21:00:00,6400.4,20
2008-05-28 21:00:00,4948.1,23
2008-05-28 21:00:00,6251.8,19
2008-05-28 23:00:00,5255.8,17
2008-05-28 23:00:00,4458.3,13
2008-05-28 23:00:00,5438.6,16
2008-05-28 23:00:00,,18
2008-05-28 23:00:00,4046.9,14
2008-05-28 23:00:00,5220.2,15
2008-06-06 00:00:00,4448.5,13
2008-06-06 00:00:00,,18
2008-06-06 00:00:00,4038.5,14
2008-06-06 00:00:00,5286.6,17
2008-06-06 00:00:00,5438.4,16
2008-06-06 00:00:00,5220.3,15
2008-06-06 06:00:00,4774.0,5
2008-06-06 06:00:00,4019.7,1
2008-06-06 06:00:00,5278.8,6
2008-06-06 06:00:00,4593.4,3
2008-06-06 06:00:00,4496.9,4
2008-06-06 06:00:00,5165.2,2
2008-06-06 07:00:00,5514.6,9
2008-06-06 07:00:00,5342.4,10
2008-06-06 07:00:00,4601.9,12
2008-06-06 07:00:00,5976.5,8
2008-06-06 07:00:00,5166.2,11
2008-06-06 07:00:00,5176.8,7
2008-06-06 22:00:00,5822.0,21
2008-06-06 22:00:00,4693.4,24
2008-06-06 22:00:00,5648.8,22
2008-06-06 22:00:00,6400.2,20
2008-06-06 22:00:00,6250.2,19
2008-06-06 22:00:00,4949.6,23
2008-06-11 01:00:00,5439.9,16
2008-06-11 01:00:00,5223.5,15
2008-06-11 01:00:00,,18
2008-06-11 01:00:00,5259.3,17
2008-06-11 01:00:00,4435.1,13
2008-06-11 01:00:00,4027.2,14
2008-06-11 07:00:00,4597.3,3
2008-06-11 07:00:00,4504.6,4
2008-06-11 07:00:00,5173.9,2
2008-06-11 07:00:00,5284.6,6
2008-06-11 07:00:00,4022.6,1
2008-06-11 07:00:00,4795.5,5
2008-06-11 08:00:00,5167.1,7
2008-06-11 08:00:00,5518.2,9
2008-06-11 08:00:00,5972.6,8
2008-06-11 08:00:00,5349.2,10
2008-06-11 08:00:00,5173.2,11
2008-06-11 08:00:00,4605.5,12
2008-06-11 23:00:00,6399.0,20
2008-06-11 23:00:00,4951.2,23
2008-06-11 23:00:00,4694.6,24
2008-06-11 23:00:00,5650.6,22
2008-06-11 23:00:00,6247.3,19
2008-06-11 23:00:00,5823.1,21
2008-06-20 00:00:00,6243.7,19
2008-06-20 00:00:00,4694.3,24
2008-06-20 00:00:00,4951.9,23
2008-06-20 00:00:00,5823.9,21
2008-06-20 00:00:00,6397.8,20
2008-06-20 00:00:00,5651.4,22
2008-06-20 02:00:00,,18
2008-06-20 02:00:00,4024.1,14
2008-06-20 02:00:00,5439.2,16
2008-06-20 02:00:00,5222.0,15
2008-06-20 02:00:00,5258.7,17
2008-06-20 02:00:00,4435.5,13
2008-06-20 08:00:00,5167.7,2
2008-06-20 08:00:00,4019.9,1
2008-06-20 08:00:00,4779.4,5
2008-06-20 08:00:00,4595.2,3
2008-06-20 08:00:00,4504.1,4
2008-06-20 08:00:00,5290.7,6
2008-06-20 09:00:00,5346.5,10
2008-06-20 09:00:00,5513.4,9
2008-06-20 09:00:00,5166.3,7
2008-06-20 09:00:00,5169.8,11
2008-06-20 09:00:00,5973.9,8
2008-06-20 09:00:00,4603.7,12
2008-06-27 01:00:00,4695.0,24
2008-06-27 01:00:00,4952.0,23
2008-06-27 01:00:00,6394.2,20
2008-06-27 01:00:00,5824.6,21
2008-06-27 01:00:00,5651.4,22
2008-06-27 01:00:00,6239.3,19
2008-06-27 03:00:00,5258.4,17
2008-06-27 03:00:00,4021.6,14
2008-06-27 03:00:00,5438.6,16
2008-06-27 03:00:00,,18
2008-06-27 03:00:00,5220.7,15
2008-06-27 03:00:00,4432.6,13
2008-06-27 09:00:00,4594.8,3
2008-06-27 09:00:00,5170.5,2
2008-06-27 09:00:00,4020.5,1
2008-06-27 09:00:00,5287.3,6
2008-06-27 09:00:00,4770.3,5
2008-06-27 09:00:00,4503.4,4
2008-06-27 10:00:00,5168.7,11
2008-06-27 10:00:00,5511.2,9
2008-06-27 10:00:00,5967.9,8
2008-06-27 10:00:00,4603.0,12
2008-06-27 10:00:00,5162.9,7
2008-06-27 10:00:00,5343.6,10
2008-07-04 02:00:00,6235.7,19
2008-07-04 02:00:00,5651.7,22
2008-07-04 02:00:00,5825.0,21
2008-07-04 02:00:00,6392.5,20
2008-07-04 02:00:00,4695.2,24
2008-07-04 02:00:00,4952.6,23
2008-07-04 04:00:00,5257.9,17
2008-07-04 04:00:00,,18
2008-07-04 04:00:00,5219.8,15
2008-07-04 04:00:00,4421.2,13
2008-07-04 04:00:00,5437.5,16
2008-07-04 04:00:00,4014.0,14
2008-07-04 10:00:00,4593.8,3
2008-07-04 10:00:00,5256.3,6
2008-07-04 10:00:00,4501.0,4
2008-07-04 10:00:00,4769.6,5
2008-07-04 10:00:00,4019.4,1
2008-07-04 10:00:00,5165.8,2
2008-07-04 11:00:00,5155.8,7
2008-07-04 11:00:00,4602.3,12
2008-07-04 11:00:00,5509.6,9
2008-07-04 11:00:00,5167.9,11
2008-07-04 11:00:00,5962.4,8
2008-07-04 11:00:00,5342.2,10
2008-07-11 03:00:00,6391.8,20
2008-07-11 03:00:00,4695.4,24
2008-07-11 03:00:00,6235.0,19
2008-07-11 03:00:00,5824.7,21
2008-07-11 03:00:00,4952.4,23
2008-07-11 03:00:00,5651.2,22
2008-07-11 05:00:00,5257.4,17
2008-07-11 05:00:00,4421.1,13
2008-07-11 05:00:00,5437.1,16
2008-07-11 05:00:00,5219.0,15
2008-07-11 05:00:00,,18
2008-07-11 05:00:00,4013.6,14
2008-07-11 11:00:00,5158.9,2
2008-07-11 11:00:00,4757.9,5
2008-07-11 11:00:00,4591.4,3
2008-07-11 11:00:00,4017.1,1
2008-07-11 11:00:00,5273.3,6
2008-07-11 11:00:00,4495.7,4
2008-07-11 12:00:00,5969.4,8
2008-07-11 12:00:00,5507.4,9
2008-07-11 12:00:00,4601.4,12
2008-07-11 12:00:00,5166.7,11
2008-07-11 12:00:00,5341.9,10
2008-07-11 12:00:00,5156.4,7
2008-07-18 04:00:00,4953.7,23
2008-07-18 04:00:00,6236.2,19
2008-07-18 04:00:00,5825.3,21
2008-07-18 04:00:00,5651.8,22
2008-07-18 04:00:00,6392.7,20
2008-07-18 04:00:00,4695.6,24
2008-07-18 06:00:00,5219.5,15
2008-07-18 06:00:00,4013.9,14
2008-07-18 06:00:00,5437.4,16
2008-07-18 06:00:00,4421.5,13
2008-07-18 06:00:00,,18
2008-07-18 06:00:00,5257.7,17
2008-07-18 12:00:00,4767.4,5
2008-07-18 12:00:00,5276.1,6
2008-07-18 12:00:00,5157.2,2
2008-07-18 12:00:00,4495.7,4
2008-07-18 12:00:00,4017.2,1
2008-07-18 12:00:00,4591.7,3
2008-07-18 13:00:00,5157.5,7
2008-07-18 13:00:00,4601.8,12
2008-07-18 13:00:00,5969.7,8
2008-07-18 13:00:00,5167.7,11
2008-07-18 13:00:00,5507.7,9
2008-07-18 13:00:00,5342.8,10
2008-07-25 05:00:00,4699.4,24
2008-07-25 05:00:00,5659.4,22
2008-07-25 05:00:00,4959.4,23
2008-07-25 05:00:00,6401.2,20
2008-07-25 05:00:00,6243.8,19
2008-07-25 05:00:00,5830.5,21
2008-07-25 07:00:00,4424.2,13
2008-07-25 07:00:00,5221.0,15
2008-07-25 07:00:00,5259.3,17
2008-07-25 07:00:00,,18
2008-07-25 07:00:00,4016.4,14
2008-07-25 07:00:00,5439.3,16
2008-07-25 13:00:00,4596.5,3
2008-07-25 13:00:00,4506.4,4
2008-07-25 13:00:00,4786.7,5
2008-07-25 13:00:00,5284.5,6
2008-07-25 13:00:00,4023.3,1
2008-07-25 13:00:00,5176.7,2
2008-07-25 14:00:00,5161.0,7
2008-07-25 14:00:00,5346.2,10
2008-07-25 14:00:00,5971.4,8
2008-07-25 14:00:00,4603.6,12
2008-07-25 14:00:00,5172.1,11
2008-07-25 14:00:00,5511.0,9
2008-08-08 06:00:00,5829.5,21
2008-08-08 06:00:00,4696.9,24
2008-08-08 06:00:00,4957.8,23
2008-08-08 06:00:00,5657.2,22
2008-08-08 06:00:00,6240.2,19
2008-08-08 06:00:00,6397.8,20
2008-08-08 08:00:00,,18
2008-08-08 08:00:00,5260.8,17
2008-08-08 08:00:00,5440.4,16
2008-08-08 08:00:00,4418.5,13
2008-08-08 08:00:00,5221.5,15
2008-08-08 08:00:00,4008.2,14
2008-08-08 14:00:00,4594.2,3
2008-08-08 14:00:00,4504.3,4
2008-08-08 14:00:00,4019.6,1
2008-08-08 14:00:00,4774.8,5
2008-08-08 14:00:00,5167.1,2
2008-08-08 14:00:00,5282.2,6
2008-08-08 15:00:00,5510.5,9
2008-08-08 15:00:00,5172.2,11
2008-08-08 15:00:00,5157.3,7
2008-08-08 15:00:00,5969.6,8
2008-08-08 15:00:00,5346.0,10
2008-08-08 15:00:00,4604.4,12
2008-08-15 07:00:00,6397.4,20
2008-08-15 07:00:00,5828.5,21
2008-08-15 07:00:00,6240.7,19
2008-08-15 07:00:00,4956.3,23
2008-08-15 07:00:00,4695.3,24
2008-08-15 07:00:00,5656.1,22
2008-08-15 09:00:00,,18
2008-08-15 09:00:00,5223.3,15
2008-08-15 09:00:00,4462.5,13
2008-08-15 09:00:00,5262.6,17
2008-08-15 09:00:00,4044.8,14
2008-08-15 09:00:00,5443.8,16
2008-08-15 15:00:00,5279.4,6
2008-08-15 15:00:00,4500.4,4
2008-08-15 15:00:00,4768.3,5
2008-08-15 15:00:00,5165.4,2
2008-08-15 15:00:00,4018.8,1
2008-08-15 15:00:00,4592.1,3
2008-08-15 16:00:00,5985.0,8
2008-08-15 16:00:00,5176.6,7
2008-08-15 16:00:00,5517.7,9
2008-08-15 16:00:00,5172.9,11
2008-08-15 16:00:00,5348.7,10
2008-08-15 16:00:00,4604.4,12
2008-08-22 08:00:00,4958.1,23
2008-08-22 08:00:00,6242.1,19
2008-08-22 08:00:00,5829.7,21
2008-08-22 08:00:00,4696.8,24
2008-08-22 08:00:00,5657.7,22
2008-08-22 08:00:00,6399.0,20
2008-08-22 10:00:00,,18
2008-08-22 10:00:00,4461.8,13
2008-08-22 10:00:00,5263.6,17
2008-08-22 10:00:00,5444.7,16
2008-08-22 10:00:00,4046.0,14
2008-08-22 10:00:00,5223.5,15
2008-08-22 16:00:00,4018.5,1
2008-08-22 16:00:00,4777.5,5
2008-08-22 16:00:00,4593.5,3
2008-08-22 16:00:00,4500.8,4
2008-08-22 16:00:00,5162.8,2
2008-08-22 16:00:00,5279.3,6
2008-08-22 17:00:00,5978.4,8
2008-08-22 17:00:00,5173.7,11
2008-08-22 17:00:00,5512.3,9
2008-08-22 17:00:00,5175.1,7
2008-08-22 17:00:00,5346.6,10
2008-08-22 17:00:00,4603.8,12
2008-08-28 09:00:00,6394.4,20
2008-08-28 09:00:00,4956.0,23
2008-08-28 09:00:00,5828.5,21
2008-08-28 09:00:00,5655.5,22
2008-08-28 09:00:00,4694.8,24
2008-08-28 09:00:00,6237.6,19
2008-08-28 11:00:00,4048.2,14
2008-08-28 11:00:00,,18
2008-08-28 11:00:00,5266.4,17
2008-08-28 11:00:00,5224.8,15
2008-08-28 11:00:00,5447.3,16
2008-08-28 11:00:00,4463.6,13
2008-08-28 17:00:00,4590.4,3
2008-08-28 17:00:00,4497.0,4
2008-08-28 17:00:00,4760.8,5
2008-08-28 17:00:00,5162.6,2
2008-08-28 17:00:00,4017.8,1
2008-08-28 17:00:00,5275.6,6
2008-08-28 18:00:00,5345.8,10
2008-08-28 18:00:00,5977.7,8
2008-08-28 18:00:00,4604.0,12
2008-08-28 18:00:00,5512.7,9
2008-08-28 18:00:00,5176.0,7
2008-08-28 18:00:00,5173.4,11
2008-09-05 10:00:00,5658.1,22
2008-09-05 10:00:00,6398.7,20
2008-09-05 10:00:00,6241.4,19
2008-09-05 10:00:00,4958.7,23
2008-09-05 10:00:00,4697.1,24
2008-09-05 10:00:00,5830.9,21
2008-09-05 12:00:00,,18
2008-09-05 12:00:00,4038.8,14
2008-09-05 12:00:00,5449.5,16
2008-09-05 12:00:00,5270.0,17
2008-09-05 12:00:00,4452.2,13
2008-09-05 12:00:00,5228.5,15
2008-09-05 18:00:00,4791.7,5
2008-09-05 18:00:00,5283.7,6
2008-09-05 18:00:00,4506.1,4
2008-09-05 18:00:00,4595.8,3
2008-09-05 18:00:00,4020.9,1
2008-09-05 18:00:00,5170.7,2
2008-09-05 19:00:00,5352.5,10
2008-09-05 19:00:00,4611.6,12
2008-09-05 19:00:00,5180.0,11
2008-09-05 19:00:00,5169.3,7
2008-09-05 19:00:00,5519.7,9
2008-09-05 19:00:00,5974.9,8
2008-09-12 11:00:00,4695.5,24
2008-09-12 11:00:00,6395.4,20
2008-09-12 11:00:00,5656.0,22
2008-09-12 11:00:00,5829.0,21
2008-09-12 11:00:00,4956.8,23
2008-09-12 11:00:00,6238.2,19
2008-09-12 13:00:00,5226.3,15
2008-09-12 13:00:00,5448.9,16
2008-09-12 13:00:00,,18
2008-09-12 13:00:00,5269.9,17
2008-09-12 13:00:00,4039.1,14
2008-09-12 13:00:00,4452.7,13
2008-09-12 19:00:00,5167.5,2
2008-09-12 19:00:00,5280.0,6
2008-09-12 19:00:00,4768.8,5
2008-09-12 19:00:00,4592.1,3
2008-09-12 19:00:00,4019.2,1
2008-09-12 19:00:00,4500.2,4
2008-09-12 20:00:00,5346.2,10
2008-09-12 20:00:00,5173.5,11
2008-09-12 20:00:00,5513.2,9
2008-09-12 20:00:00,4608.7,12
2008-09-12 20:00:00,5972.9,8
2008-09-12 20:00:00,5168.5,7
2008-09-19 12:00:00,5830.4,21
2008-09-19 12:00:00,4695.8,24
2008-09-19 12:00:00,4957.4,23
2008-09-19 12:00:00,6236.9,19
2008-09-19 12:00:00,6394.4,20
2008-09-19 12:00:00,5657.1,22
2008-09-19 14:00:00,5272.1,17
2008-09-19 14:00:00,5449.5,16
2008-09-19 14:00:00,5227.8,15
2008-09-19 14:00:00,,18
2008-09-19 14:00:00,4029.4,14
2008-09-19 14:00:00,4441.8,13
2008-09-19 20:00:00,5280.1,6
2008-09-19 20:00:00,4592.6,3
2008-09-19 20:00:00,4503.1,4
2008-09-19 20:00:00,5170.7,2
2008-09-19 20:00:00,4020.0,1
2008-09-19 20:00:00,4771.9,5
2008-09-19 21:00:00,5965.5,8
2008-09-19 21:00:00,5347.2,10
2008-09-19 21:00:00,5176.5,11
2008-09-19 21:00:00,5515.9,9
2008-09-19 21:00:00,5162.4,7
2008-09-19 21:00:00,4610.5,12
2008-09-26 13:00:00,6393.7,20
2008-09-26 13:00:00,6235.7,19
2008-09-26 13:00:00,4956.8,23
2008-09-26 13:00:00,5830.0,21
2008-09-26 13:00:00,5656.3,22
2008-09-26 13:00:00,4695.6,24
2008-09-26 15:00:00,4025.0,14
2008-09-26 15:00:00,5270.9,17
2008-09-26 15:00:00,4437.1,13
2008-09-26 15:00:00,5447.5,16
2008-09-26 15:00:00,,18
2008-09-26 15:00:00,5226.0,15
2008-09-26 21:00:00,4018.1,1
2008-09-26 21:00:00,4758.8,5
2008-09-26 21:00:00,4499.1,4
2008-09-26 21:00:00,5164.1,2
2008-09-26 21:00:00,4590.7,3
2008-09-26 21:00:00,5271.5,6
2008-09-26 22:00:00,5174.6,11
2008-09-26 22:00:00,5513.5,9
2008-09-26 22:00:00,5962.3,8
2008-09-26 22:00:00,4609.2,12
2008-09-26 22:00:00,5344.6,10
2008-09-26 22:00:00,5159.1,7
2008-10-02 14:00:00,6391.0,20
2008-10-02 14:00:00,5828.7,21
2008-10-02 14:00:00,4695.2,24
2008-10-02 14:00:00,4955.8,23
2008-10-02 14:00:00,6233.4,19
2008-10-02 14:00:00,5654.1,22
2008-10-02 16:00:00,4435.0,13
2008-10-02 16:00:00,5270.0,17
2008-10-02 16:00:00,5224.1,15
2008-10-02 16:00:00,5445.8,16
2008-10-02 16:00:00,,18
2008-10-02 16:00:00,4023.3,14
2008-10-02 22:00:00,4491.5,4
2008-10-02 22:00:00,5152.6,2
2008-10-02 22:00:00,4587.0,3
2008-10-02 22:00:00,4752.5,5
2008-10-02 22:00:00,5266.2,6
2008-10-02 22:00:00,4015.1,1
2008-10-02 23:00:00,5963.5,8
2008-10-02 23:00:00,4607.7,12
2008-10-02 23:00:00,5510.7,9
2008-10-02 23:00:00,5158.8,7
2008-10-02 23:00:00,5342.3,10
2008-10-02 23:00:00,5172.2,11
2008-10-11 00:00:00,5972.4,8
2008-10-11 00:00:00,5513.3,9
2008-10-11 00:00:00,4609.2,12
2008-10-11 00:00:00,5346.6,10
2008-10-11 00:00:00,5161.1,7
2008-10-11 00:00:00,5174.1,11
2008-10-11 15:00:00,5829.0,21
2008-10-11 15:00:00,6392.7,20
2008-10-11 15:00:00,5655.0,22
2008-10-11 15:00:00,6235.2,19
2008-10-11 15:00:00,4695.6,24
2008-10-11 15:00:00,4956.7,23
2008-10-11 17:00:00,5225.6,15
2008-10-11 17:00:00,5270.9,17
2008-10-11 17:00:00,5446.6,16
2008-10-11 17:00:00,4434.6,13
2008-10-11 17:00:00,4022.6,14
2008-10-11 17:00:00,,18
2008-10-11 23:00:00,4018.3,1
2008-10-11 23:00:00,4495.0,4
2008-10-11 23:00:00,4588.6,3
2008-10-11 23:00:00,4757.9,5
2008-10-11 23:00:00,5164.0,2
2008-10-11 23:00:00,5268.9,6
2008-10-16 00:00:00,4759.8,5
2008-10-16 00:00:00,4586.7,3
2008-10-16 00:00:00,4015.6,1
2008-10-16 00:00:00,5153.4,2
2008-10-16 00:00:00,5269.3,6
2008-10-16 00:00:00,4489.3,4
2008-10-16 01:00:00,5951.5,8
2008-10-16 01:00:00,5340.1,10
2008-10-16 01:00:00,4607.4,12
2008-10-16 01:00:00,5150.4,7
2008-10-16 01:00:00,5172.1,11
2008-10-16 01:00:00,5510.0,9
2008-10-16 16:00:00,6392.8,20
2008-10-16 16:00:00,4955.7,23
2008-10-16 16:00:00,5828.3,21
2008-10-16 16:00:00,5653.2,22
2008-10-16 16:00:00,4694.9,24
2008-10-16 16:00:00,6235.9,19
2008-10-16 18:00:00,4415.6,13
2008-10-16 18:00:00,4007.0,14
2008-10-16 18:00:00,5224.2,15
2008-10-16 18:00:00,,18
2008-10-16 18:00:00,5446.3,16
2008-10-16 18:00:00,5278.3,17
2008-10-24 01:00:00,4584.2,3
2008-10-24 01:00:00,5261.5,6
2008-10-24 01:00:00,4014.1,1
2008-10-24 01:00:00,4759.9,5
2008-10-24 01:00:00,5146.9,2
2008-10-24 01:00:00,4485.4,4
2008-10-24 02:00:00,5167.2,7
2008-10-24 02:00:00,5171.4,11
2008-10-24 02:00:00,5342.8,10
2008-10-24 02:00:00,5975.3,8
2008-10-24 02:00:00,4606.1,12
2008-10-24 02:00:00,5508.7,9
2008-10-24 17:00:00,6236.9,19
2008-10-24 17:00:00,4694.6,24
2008-10-24 17:00:00,4955.0,23
2008-10-24 17:00:00,6393.6,20
2008-10-24 17:00:00,5827.4,21
2008-10-24 17:00:00,5652.0,22
2008-10-24 19:00:00,4030.6,14
2008-10-24 19:00:00,5223.6,15
2008-10-24 19:00:00,4449.1,13
2008-10-24 19:00:00,5269.6,17
2008-10-24 19:00:00,5445.9,16
2008-10-24 19:00:00,,18
2008-10-27 02:00:00,5148.6,2
2008-10-27 02:00:00,4015.1,1
2008-10-27 02:00:00,5263.9,6
2008-10-27 02:00:00,4763.0,5
2008-10-27 02:00:00,4584.5,3
2008-10-27 02:00:00,4485.4,4
2008-10-27 03:00:00,5506.1,9
2008-10-27 03:00:00,5920.8,8
2008-10-27 03:00:00,5333.3,10
2008-10-27 03:00:00,4605.6,12
2008-10-27 03:00:00,5099.0,7
2008-10-27 03:00:00,5169.5,11
2008-10-27 18:00:00,6231.8,19
2008-10-27 18:00:00,4695.1,24
2008-10-27 18:00:00,5827.7,21
2008-10-27 18:00:00,4955.5,23
2008-10-27 18:00:00,6390.8,20
2008-10-27 18:00:00,5651.9,22
2008-10-27 20:00:00,5268.6,17
2008-10-27 20:00:00,5443.4,16
2008-10-27 20:00:00,,18
2008-10-27 20:00:00,5221.6,15
2008-10-27 20:00:00,3937.7,14
2008-10-27 20:00:00,4341.9,13
2008-11-06 03:00:00,4582.9,3
2008-11-06 03:00:00,4481.9,4
2008-11-06 03:00:00,5257.1,6
2008-11-06 03:00:00,4013.1,1
2008-11-06 03:00:00,5140.8,2
2008-11-06 03:00:00,4754.3,5
2008-11-06 04:00:00,5167.9,11
2008-11-06 04:00:00,5917.0,8
2008-11-06 04:00:00,5084.4,7
2008-11-06 04:00:00,4604.6,12
2008-11-06 04:00:00,5499.9,9
2008-11-06 04:00:00,5331.3,10
2008-11-06 19:00:00,5826.8,21
2008-11-06 19:00:00,4694.9,24
2008-11-06 19:00:00,6389.2,20
2008-11-06 19:00:00,6230.5,19
2008-11-06 19:00:00,4955.3,23
2008-11-06 19:00:00,5651.0,22
2008-11-06 21:00:00,4333.4,13
2008-11-06 21:00:00,5267.5,17
2008-11-06 21:00:00,5438.6,16
2008-11-06 21:00:00,5218.1,15
2008-11-06 21:00:00,,18
2008-11-06 21:00:00,3926.8,14
2008-11-13 04:00:00,5143.1,2
2008-11-13 04:00:00,4581.5,3
2008-11-13 04:00:00,5247.6,6
2008-11-13 04:00:00,4750.4,5
2008-11-13 04:00:00,4478.9,4
2008-11-13 04:00:00,4013.6,1
2008-11-13 05:00:00,5333.3,10
2008-11-13 05:00:00,5929.6,8
2008-11-13 05:00:00,5088.1,7
2008-11-13 05:00:00,5168.6,11
2008-11-13 05:00:00,4605.0,12
2008-11-13 05:00:00,5500.7,9
2008-11-13 20:00:00,6390.9,20
2008-11-13 20:00:00,4955.1,23
2008-11-13 20:00:00,6232.4,19
2008-11-13 20:00:00,5649.8,22
2008-11-13 20:00:00,4695.4,24
2008-11-13 20:00:00,5825.8,21
2008-11-13 22:00:00,,18
2008-11-13 22:00:00,4345.3,13
2008-11-13 22:00:00,5219.1,15
2008-11-13 22:00:00,3932.7,14
2008-11-13 22:00:00,5439.6,16
2008-11-13 22:00:00,5268.2,17
2008-11-21 05:00:00,4583.4,3
2008-11-21 05:00:00,5250.7,6
2008-11-21 05:00:00,4014.3,1
2008-11-21 05:00:00,4482.1,4
2008-11-21 05:00:00,4751.8,5
2008-11-21 05:00:00,5146.4,2
2008-11-21 06:00:00,5168.3,11
2008-11-21 06:00:00,5939.0,8
2008-11-21 06:00:00,4605.0,12
2008-11-21 06:00:00,5334.4,10
2008-11-21 06:00:00,5095.7,7
2008-11-21 06:00:00,5501.4,9
2008-11-21 21:00:00,6394.0,20
2008-11-21 21:00:00,4695.4,24
2008-11-21 21:00:00,5826.5,21
2008-11-21 21:00:00,6237.0,19
2008-11-21 21:00:00,4955.7,23
2008-11-21 21:00:00,5650.2,22
2008-11-21 23:00:00,,18
2008-11-21 23:00:00,3953.8,14
2008-11-21 23:00:00,5219.4,15
2008-11-21 23:00:00,5268.3,17
2008-11-21 23:00:00,4369.9,13
2008-11-21 23:00:00,5439.1,16
2008-11-28 00:00:00,5218.8,15
2008-11-28 00:00:00,,18
2008-11-28 00:00:00,5439.1,16
2008-11-28 00:00:00,4408.3,13
2008-11-28 00:00:00,5267.6,17
2008-11-28 00:00:00,3994.0,14
2008-11-28 06:00:00,4736.5,5
2008-11-28 06:00:00,4009.1,1
2008-11-28 06:00:00,5123.5,2
2008-11-28 06:00:00,5233.2,6
2008-11-28 06:00:00,4576.9,3
2008-11-28 06:00:00,4468.0,4
2008-11-28 07:00:00,5338.7,10
2008-11-28 07:00:00,5127.7,7
2008-11-28 07:00:00,5963.1,8
2008-11-28 07:00:00,5165.7,11
2008-11-28 07:00:00,5502.5,9
2008-11-28 07:00:00,4603.8,12
2008-11-28 22:00:00,5648.5,22
2008-11-28 22:00:00,4694.5,24
2008-11-28 22:00:00,5825.0,21
2008-11-28 22:00:00,4955.2,23
2008-11-28 22:00:00,6240.3,19
2008-11-28 22:00:00,6395.0,20
2008-12-05 01:00:00,5267.9,17
2008-12-05 01:00:00,5219.6,15
2008-12-05 01:00:00,,18
2008-12-05 01:00:00,5439.9,16
2008-12-05 01:00:00,4010.3,14
2008-12-05 01:00:00,4427.1,13
2008-12-05 07:00:00,5154.9,2
2008-12-05 07:00:00,4016.9,1
2008-12-05 07:00:00,4482.9,4
2008-12-05 07:00:00,4586.7,3
2008-12-05 07:00:00,5255.6,6
2008-12-05 07:00:00,4771.5,5
2008-12-05 08:00:00,5135.4,7
2008-12-05 08:00:00,5504.7,9
2008-12-05 08:00:00,5341.1,10
2008-12-05 08:00:00,5167.4,11
2008-12-05 08:00:00,5969.2,8
2008-12-05 08:00:00,4604.3,12
2008-12-05 23:00:00,6246.7,19
2008-12-05 23:00:00,5826.9,21
2008-12-05 23:00:00,6401.0,20
2008-12-05 23:00:00,4956.3,23
2008-12-05 23:00:00,5651.0,22
2008-12-05 23:00:00,4697.1,24
2008-12-12 00:00:00,4954.5,23
2008-12-12 00:00:00,5646.6,22
2008-12-12 00:00:00,6245.1,19
2008-12-12 00:00:00,6398.0,20
2008-12-12 00:00:00,4694.9,24
2008-12-12 00:00:00,5824.3,21
2008-12-12 02:00:00,5267.7,17
2008-12-12 02:00:00,,18
2008-12-12 02:00:00,5439.5,16
2008-12-12 02:00:00,4084.2,14
2008-12-12 02:00:00,4437.7,13
2008-12-12 02:00:00,5219.3,15
2008-12-12 08:00:00,4472.2,4
2008-12-12 08:00:00,5239.7,6
2008-12-12 08:00:00,4012.2,1
2008-12-12 08:00:00,4746.6,5
2008-12-12 08:00:00,5132.8,2
2008-12-12 08:00:00,4580.7,3
2008-12-12 09:00:00,5979.0,8
2008-12-12 09:00:00,4603.7,12
2008-12-12 09:00:00,5152.8,7
2008-12-12 09:00:00,5341.5,10
2008-12-12 09:00:00,5503.7,9
2008-12-12 09:00:00,5165.9,11
2008-12-24 01:00:00,6243.8,19
2008-12-24 01:00:00,5643.2,22
2008-12-24 01:00:00,6395.7,20
2008-12-24 01:00:00,4953.2,23
2008-12-24 01:00:00,4693.8,24
2008-12-24 01:00:00,5821.6,21
2008-12-24 03:00:00,5267.0,17
2008-12-24 03:00:00,4019.6,14
2008-12-24 03:00:00,4437.1,13
2008-12-24 03:00:00,,18
2008-12-24 03:00:00,5218.0,15
2008-12-24 03:00:00,5438.0,16
2008-12-24 09:00:00,4464.5,4
2008-12-24 09:00:00,4010.2,1
2008-12-24 09:00:00,4577.8,3
2008-12-24 09:00:00,4744.5,5
2008-12-24 09:00:00,5234.1,6
2008-12-24 09:00:00,5121.8,2
2008-12-24 10:00:00,5153.2,7
2008-12-24 10:00:00,5164.8,11
2008-12-24 10:00:00,5515.4,9
2008-12-24 10:00:00,4602.2,12
2008-12-24 10:00:00,5977.5,8
2008-12-24 10:00:00,5339.3,10
2008-12-30 02:00:00,6397.7,20
2008-12-30 02:00:00,5643.9,22
2008-12-30 02:00:00,4698.0,24
2008-12-30 02:00:00,4953.7,23
2008-12-30 02:00:00,5822.0,21
2008-12-30 02:00:00,6245.9,19
2008-12-30 04:00:00,4019.7,14
2008-12-30 04:00:00,4437.3,13
2008-12-30 04:00:00,,18
2008-12-30 04:00:00,5217.9,15
2008-12-30 04:00:00,5267.0,17
2008-12-30 04:00:00,5438.0,16
2008-12-30 10:00:00,4468.0,4
2008-12-30 10:00:00,4013.1,1
2008-12-30 10:00:00,5239.0,6
2008-12-30 10:00:00,5133.0,2
2008-12-30 10:00:00,4752.9,5
2008-12-30 10:00:00,4579.8,3
2008-12-30 11:00:00,5340.3,10
2008-12-30 11:00:00,5165.3,11
2008-12-30 11:00:00,4602.4,12
2008-12-30 11:00:00,5978.7,8
2008-12-30 11:00:00,5153.0,7
2008-12-30 11:00:00,5516.1,9
2009-01-04 05:00:00,5820.1,21
2009-01-04 05:00:00,6249.7,19
2009-01-04 05:00:00,4951.5,23
2009-01-04 05:00:00,5640.3,22
2009-01-04 05:00:00,6398.7,20
2009-01-04 05:00:00,4688.3,24
2009-01-04 07:00:00,,18
2009-01-04 07:00:00,5266.0,17
2009-01-04 07:00:00,5217.1,15
2009-01-04 07:00:00,5436.8,16
2009-01-04 07:00:00,4037.1,14
2009-01-04 07:00:00,4453.6,13
2009-01-04 13:00:00,5127.4,2
2009-01-04 13:00:00,4578.2,3
2009-01-04 13:00:00,4743.4,5
2009-01-04 13:00:00,4011.2,1
2009-01-04 13:00:00,4462.4,4
2009-01-04 13:00:00,5235.1,6
2009-01-04 14:00:00,5179.0,7
2009-01-04 14:00:00,5163.1,11
2009-01-04 14:00:00,5340.7,10
2009-01-04 14:00:00,4599.4,12
2009-01-04 14:00:00,5514.3,9
2009-01-04 14:00:00,5993.4,8
2009-01-13 03:00:00,4953.2,23
2009-01-13 03:00:00,5821.6,21
2009-01-13 03:00:00,6247.3,19
2009-01-13 03:00:00,5643.0,22
2009-01-13 03:00:00,6398.1,20
2009-01-13 03:00:00,4693.2,24
2009-01-13 05:00:00,4022.3,14
2009-01-13 05:00:00,,18
2009-01-13 05:00:00,5266.0,17
2009-01-13 05:00:00,5216.9,15
2009-01-13 05:00:00,4438.7,13
2009-01-13 05:00:00,5437.0,16
2009-01-13 11:00:00,4012.0,1
2009-01-13 11:00:00,5129.0,2
2009-01-13 11:00:00,5238.9,6
2009-01-13 11:00:00,4580.7,3
2009-01-13 11:00:00,4468.2,4
2009-01-13 11:00:00,4747.9,5
2009-01-13 12:00:00,5980.6,8
2009-01-13 12:00:00,5162.6,11
2009-01-13 12:00:00,5513.5,9
2009-01-13 12:00:00,5159.9,7
2009-01-13 12:00:00,4600.1,12
2009-01-13 12:00:00,5337.7,10
2009-01-22 04:00:00,6249.0,19
2009-01-22 04:00:00,5821.3,21
2009-01-22 04:00:00,5642.5,22
2009-01-22 04:00:00,4953.1,23
2009-01-22 04:00:00,6398.8,20
2009-01-22 04:00:00,4690.7,24
2009-01-22 06:00:00,5267.1,17
2009-01-22 06:00:00,5437.8,16
2009-01-22 06:00:00,5218.0,15
2009-01-22 06:00:00,,18
2009-01-22 06:00:00,4445.0,13
2009-01-22 06:00:00,4029.0,14
2009-01-22 12:00:00,5132.4,2
2009-01-22 12:00:00,4581.0,3
2009-01-22 12:00:00,5237.5,6
2009-01-22 12:00:00,4735.8,5
2009-01-22 12:00:00,4012.0,1
2009-01-22 12:00:00,4469.3,4
2009-01-22 13:00:00,4601.0,12
2009-01-22 13:00:00,5515.8,9
2009-01-22 13:00:00,5341.0,10
2009-01-22 13:00:00,5987.4,8
2009-01-22 13:00:00,5164.5,11
2009-01-22 13:00:00,5166.2,7
2009-02-13 06:00:00,6402.2,20
2009-02-13 06:00:00,5821.6,21
2009-02-13 06:00:00,6252.7,19
2009-02-13 06:00:00,4954.1,23
2009-02-13 06:00:00,4696.1,24
2009-02-13 06:00:00,5643.4,22
2009-02-13 08:00:00,,18
2009-02-13 08:00:00,5216.9,15
2009-02-13 08:00:00,5436.4,16
2009-02-13 08:00:00,4450.9,13
2009-02-13 08:00:00,4036.4,14
2009-02-13 08:00:00,5265.2,17
2009-02-13 14:00:00,5134.4,2
2009-02-13 14:00:00,4584.5,3
2009-02-13 14:00:00,4014.2,1
2009-02-13 14:00:00,5234.7,6
2009-02-13 14:00:00,4470.2,4
2009-02-13 14:00:00,4754.9,5
2009-02-13 15:00:00,5514.5,9
2009-02-13 15:00:00,5163.4,11
2009-02-13 15:00:00,5339.2,10
2009-02-13 15:00:00,5174.8,7
2009-02-13 15:00:00,4598.6,12
2009-02-13 15:00:00,5987.3,8
2009-02-19 07:00:00,6398.8,20
2009-02-19 07:00:00,4951.2,23
2009-02-19 07:00:00,4694.7,24
2009-02-19 07:00:00,5818.9,21
2009-02-19 07:00:00,5638.6,22
2009-02-19 07:00:00,6250.2,19
2009-02-19 09:00:00,4451.5,13
2009-02-19 09:00:00,,18
2009-02-19 09:00:00,5216.5,15
2009-02-19 09:00:00,4036.8,14
2009-02-19 09:00:00,5436.0,16
2009-02-19 09:00:00,5265.1,17
2009-02-19 15:00:00,5120.5,2
2009-02-19 15:00:00,4016.1,1
2009-02-19 15:00:00,4736.3,5
2009-02-19 15:00:00,5228.2,6
2009-02-19 15:00:00,4458.2,4
2009-02-19 15:00:00,4577.5,3
2009-02-19 16:00:00,5993.0,8
2009-02-19 16:00:00,5162.7,11
2009-02-19 16:00:00,5340.0,10
2009-02-19 16:00:00,5178.4,7
2009-02-19 16:00:00,5513.9,9
2009-02-19 16:00:00,4598.2,12
2009-02-27 08:00:00,5639.2,22
2009-02-27 08:00:00,6252.8,19
2009-02-27 08:00:00,6400.5,20
2009-02-27 08:00:00,4694.5,24
2009-02-27 08:00:00,4951.7,23
2009-02-27 08:00:00,5819.4,21
2009-02-27 10:00:00,5265.0,17
2009-02-27 10:00:00,,18
2009-02-27 10:00:00,5216.6,15
2009-02-27 10:00:00,4038.5,14
2009-02-27 10:00:00,4453.4,13
2009-02-27 10:00:00,5436.1,16
2009-02-27 16:00:00,4755.5,5
2009-02-27 16:00:00,5139.3,2
2009-02-27 16:00:00,4582.6,3
2009-02-27 16:00:00,5234.3,6
2009-02-27 16:00:00,4467.3,4
2009-02-27 16:00:00,4014.9,1
2009-02-27 17:00:00,5162.7,11
2009-02-27 17:00:00,5992.8,8
2009-02-27 17:00:00,5514.0,9
2009-02-27 17:00:00,5340.2,10
2009-02-27 17:00:00,4598.4,12
2009-02-27 17:00:00,5179.1,7
2009-03-06 09:00:00,6398.0,20
2009-03-06 09:00:00,6251.2,19
2009-03-06 09:00:00,5818.1,21
2009-03-06 09:00:00,5636.7,22
2009-03-06 09:00:00,4950.8,23
2009-03-06 09:00:00,4694.0,24
2009-03-06 11:00:00,5435.6,16
2009-03-06 11:00:00,5216.2,15
2009-03-06 11:00:00,4453.5,13
2009-03-06 11:00:00,5264.7,17
2009-03-06 11:00:00,,18
2009-03-06 11:00:00,4038.4,14
2009-03-06 17:00:00,4580.4,3
2009-03-06 17:00:00,5127.4,2
2009-03-06 17:00:00,5231.7,6
2009-03-06 17:00:00,4462.4,4
2009-03-06 17:00:00,4012.2,1
2009-03-06 17:00:00,4716.2,5
2009-03-06 18:00:00,5339.9,10
2009-03-06 18:00:00,4598.2,12
2009-03-06 18:00:00,5162.2,11
2009-03-06 18:00:00,5992.8,8
2009-03-06 18:00:00,5178.5,7
2009-03-06 18:00:00,5513.5,9
2009-03-12 10:00:00,6398.5,20
2009-03-12 10:00:00,4694.4,24
2009-03-12 10:00:00,4950.9,23
2009-03-12 10:00:00,6251.7,19
2009-03-12 10:00:00,5817.9,21
2009-03-12 10:00:00,5637.5,22
2009-03-12 12:00:00,,18
2009-03-12 12:00:00,5434.9,16
2009-03-12 12:00:00,5264.5,17
2009-03-12 12:00:00,5215.3,15
2009-03-12 12:00:00,4038.6,14
2009-03-12 12:00:00,4453.3,13
2009-03-12 18:00:00,4012.8,1
2009-03-12 18:00:00,5131.5,2
2009-03-12 18:00:00,5234.9,6
2009-03-12 18:00:00,4749.0,5
2009-03-12 18:00:00,4464.2,4
2009-03-12 18:00:00,4581.2,3
2009-03-12 19:00:00,5532.6,9
2009-03-12 19:00:00,4597.5,12
2009-03-12 19:00:00,5180.3,7
2009-03-12 19:00:00,5994.0,8
2009-03-12 19:00:00,5161.6,11
2009-03-12 19:00:00,5339.1,10
2009-03-20 11:00:00,5638.6,22
2009-03-20 11:00:00,4694.6,24
2009-03-20 11:00:00,4950.9,23
2009-03-20 11:00:00,6252.7,19
2009-03-20 11:00:00,5818.9,21
2009-03-20 11:00:00,6400.4,20
2009-03-20 13:00:00,5435.9,16
2009-03-20 13:00:00,,18
2009-03-20 13:00:00,4472.8,13
2009-03-20 13:00:00,5264.6,17
2009-03-20 13:00:00,5216.7,15
2009-03-20 13:00:00,4055.9,14
2009-03-20 19:00:00,4752.7,5
2009-03-20 19:00:00,4470.6,4
2009-03-20 19:00:00,4583.9,3
2009-03-20 19:00:00,5135.7,2
2009-03-20 19:00:00,4014.1,1
2009-03-20 19:00:00,5242.4,6
2009-03-20 20:00:00,5163.7,11
2009-03-20 20:00:00,5192.8,7
2009-03-20 20:00:00,5515.5,9
2009-03-20 20:00:00,5342.8,10
2009-03-20 20:00:00,4598.7,12
2009-03-20 20:00:00,6001.2,8
2009-03-27 12:00:00,4694.8,24
2009-03-27 12:00:00,5636.6,22
2009-03-27 12:00:00,6253.1,19
2009-03-27 12:00:00,4950.4,23
2009-03-27 12:00:00,6399.7,20
2009-03-27 12:00:00,5817.8,21
2009-03-27 14:00:00,5215.4,15
2009-03-27 14:00:00,4056.4,14
2009-03-27 14:00:00,5263.8,17
2009-03-27 14:00:00,5434.5,16
2009-03-27 14:00:00,,18
2009-03-27 14:00:00,4472.4,13
2009-03-27 20:00:00,5237.5,6
2009-03-27 20:00:00,5132.3,2
2009-03-27 20:00:00,4744.3,5
2009-03-27 20:00:00,4012.6,1
2009-03-27 20:00:00,4582.6,3
2009-03-27 20:00:00,4467.8,4
2009-03-27 21:00:00,5193.5,7
2009-03-27 21:00:00,5341.0,10
2009-03-27 21:00:00,6000.8,8
2009-03-27 21:00:00,5513.5,9
2009-03-27 21:00:00,4597.7,12
2009-03-27 21:00:00,5161.6,11
2009-04-06 13:00:00,5817.2,21
2009-04-06 13:00:00,6398.2,20
2009-04-06 13:00:00,4950.1,23
2009-04-06 13:00:00,4694.9,24
2009-04-06 13:00:00,6251.6,19
2009-04-06 13:00:00,5635.5,22
2009-04-06 15:00:00,4059.4,14
2009-04-06 15:00:00,5216.4,15
2009-04-06 15:00:00,5264.2,17
2009-04-06 15:00:00,5436.0,16
2009-04-06 15:00:00,4474.5,13
2009-04-06 15:00:00,,18
2009-04-06 21:00:00,5128.9,2
2009-04-06 21:00:00,4011.5,1
2009-04-06 21:00:00,4465.4,4
2009-04-06 21:00:00,5232.3,6
2009-04-06 21:00:00,4581.2,3
2009-04-06 21:00:00,4735.9,5
2009-04-06 22:00:00,5161.6,11
2009-04-06 22:00:00,4597.8,12
2009-04-06 22:00:00,6001.7,8
2009-04-06 22:00:00,5194.7,7
2009-04-06 22:00:00,5513.9,9
2009-04-06 22:00:00,5341.1,10
2009-04-16 14:00:00,6400.9,20
2009-04-16 14:00:00,6254.3,19
2009-04-16 14:00:00,4950.7,23
2009-04-16 14:00:00,5637.0,22
2009-04-16 14:00:00,4695.5,24
2009-04-16 14:00:00,5818.1,21
2009-04-16 16:00:00,5266.0,17
2009-04-16 16:00:00,,18
2009-04-16 16:00:00,4482.2,13
2009-04-16 16:00:00,5220.1,15
2009-04-16 16:00:00,4066.1,14
2009-04-16 16:00:00,5439.7,16
2009-04-16 22:00:00,4476.0,4
2009-04-16 22:00:00,4585.1,3
2009-04-16 22:00:00,5248.0,6
2009-04-16 22:00:00,4014.8,1
2009-04-16 22:00:00,4762.2,5
2009-04-16 22:00:00,5140.9,2
2009-04-16 23:00:00,5200.4,7
2009-04-16 23:00:00,5165.1,11
2009-04-16 23:00:00,6005.4,8
2009-04-16 23:00:00,4599.4,12
2009-04-16 23:00:00,5598.4,9
2009-04-16 23:00:00,5345.2,10
2009-04-24 00:00:00,5346.5,10
2009-04-24 00:00:00,4600.1,12
2009-04-24 00:00:00,5519.9,9
2009-04-24 00:00:00,6006.7,8
2009-04-24 00:00:00,5203.0,7
2009-04-24 00:00:00,5166.4,11
2009-04-24 15:00:00,4950.9,23
2009-04-24 15:00:00,5637.0,22
2009-04-24 15:00:00,4695.8,24
2009-04-24 15:00:00,6254.2,19
2009-04-24 15:00:00,6401.3,20
2009-04-24 15:00:00,5818.4,21
2009-04-24 17:00:00,4489.4,13
2009-04-24 17:00:00,,18
2009-04-24 17:00:00,5266.6,17
2009-04-24 17:00:00,5443.2,16
2009-04-24 17:00:00,4071.5,14
2009-04-24 17:00:00,5222.8,15
2009-04-24 23:00:00,4017.4,1
2009-04-24 23:00:00,5149.8,2
2009-04-24 23:00:00,4766.0,5
2009-04-24 23:00:00,4587.7,3
2009-04-24 23:00:00,4480.5,4
2009-04-24 23:00:00,5255.2,6
2009-05-07 00:00:00,5155.5,2
2009-05-07 00:00:00,4485.1,4
2009-05-07 00:00:00,4767.1,5
2009-05-07 00:00:00,4588.8,3
2009-05-07 00:00:00,5257.5,6
2009-05-07 00:00:00,4018.4,1
2009-05-07 01:00:00,5169.6,11
2009-05-07 01:00:00,5523.3,9
2009-05-07 01:00:00,5349.0,10
2009-05-07 01:00:00,4601.4,12
2009-05-07 01:00:00,5203.8,7
2009-05-07 01:00:00,6006.3,8
2009-05-07 16:00:00,6401.6,20
2009-05-07 16:00:00,4951.3,23
2009-05-07 16:00:00,4695.7,24
2009-05-07 16:00:00,5819.0,21
2009-05-07 16:00:00,5637.8,22
2009-05-07 16:00:00,6254.6,19
2009-05-07 18:00:00,5444.1,16
2009-05-07 18:00:00,5268.0,17
2009-05-07 18:00:00,4493.2,13
2009-05-07 18:00:00,4076.5,14
2009-05-07 18:00:00,5226.2,15
2009-05-07 18:00:00,,18
2009-05-15 01:00:00,4489.4,4
2009-05-15 01:00:00,5265.0,6
2009-05-15 01:00:00,5161.6,2
2009-05-15 01:00:00,4781.6,5
2009-05-15 01:00:00,4591.6,3
2009-05-15 01:00:00,4020.7,1
2009-05-15 02:00:00,5523.8,9
2009-05-15 02:00:00,5349.2,10
2009-05-15 02:00:00,6005.4,8
2009-05-15 02:00:00,5170.1,11
2009-05-15 02:00:00,4602.1,12
2009-05-15 02:00:00,5203.6,7
2009-05-15 17:00:00,6257.6,19
2009-05-15 17:00:00,5821.3,21
2009-05-15 17:00:00,5641.3,22
2009-05-15 17:00:00,6405.1,20
2009-05-15 17:00:00,4696.3,24
2009-05-15 17:00:00,4952.8,23
2009-05-15 19:00:00,5267.7,17
2009-05-15 19:00:00,4075.2,14
2009-05-15 19:00:00,5225.1,15
2009-05-15 19:00:00,5444.8,16
2009-05-15 19:00:00,,18
2009-05-15 19:00:00,4492.2,13
2009-05-22 02:00:00,4487.8,4
2009-05-22 02:00:00,5151.6,2
2009-05-22 02:00:00,4765.8,5
2009-05-22 02:00:00,4590.6,3
2009-05-22 02:00:00,4017.7,1
2009-05-22 02:00:00,5263.9,6
2009-05-22 03:00:00,6005.2,8
2009-05-22 03:00:00,5203.9,7
2009-05-22 03:00:00,5520.6,9
2009-05-22 03:00:00,5346.5,10
2009-05-22 03:00:00,4600.1,12
2009-05-22 03:00:00,5163.9,11
2009-05-22 18:00:00,5819.4,21
2009-05-22 18:00:00,4693.8,24
2009-05-22 18:00:00,5638.5,22
2009-05-22 18:00:00,4950.3,23
2009-05-22 18:00:00,6253.5,19
2009-05-22 18:00:00,6401.2,20
2009-05-22 20:00:00,5447.0,16
2009-05-22 20:00:00,4496.2,13
2009-05-22 20:00:00,5267.4,17
2009-05-22 20:00:00,,18
2009-05-22 20:00:00,5225.5,15
2009-05-22 20:00:00,4078.4,14
2009-05-27 03:00:00,4590.7,3
2009-05-27 03:00:00,4757.6,5
2009-05-27 03:00:00,4487.8,4
2009-05-27 03:00:00,4017.8,1
2009-05-27 03:00:00,5152.4,2
2009-05-27 03:00:00,5261.6,6
2009-05-27 04:00:00,5346.0,10
2009-05-27 04:00:00,6006.0,8
2009-05-27 04:00:00,5163.2,11
2009-05-27 04:00:00,5205.3,7
2009-05-27 04:00:00,5519.7,9
2009-05-27 04:00:00,4600.1,12
2009-05-27 19:00:00,6252.6,19
2009-05-27 19:00:00,6400.6,20
2009-05-27 19:00:00,4693.6,24
2009-05-27 19:00:00,5819.3,21
2009-05-27 19:00:00,5638.5,22
2009-05-27 19:00:00,4950.3,23
2009-05-27 21:00:00,5446.4,16
2009-05-27 21:00:00,4079.1,14
2009-05-27 21:00:00,5225.0,15
2009-05-27 21:00:00,4500.1,13
2009-05-27 21:00:00,5266.9,17
2009-05-27 21:00:00,,18
2009-06-05 04:00:00,4505.6,4
2009-06-05 04:00:00,5281.7,6
2009-06-05 04:00:00,4790.5,5
2009-06-05 04:00:00,5176.4,2
2009-06-05 04:00:00,4023.0,1
2009-06-05 04:00:00,4599.0,3
2009-06-05 05:00:00,5533.1,9
2009-06-05 05:00:00,4608.0,12
2009-06-05 05:00:00,6000.3,8
2009-06-05 05:00:00,5173.3,11
2009-06-05 05:00:00,5200.3,7
2009-06-05 05:00:00,5357.5,10
2009-06-05 20:00:00,4951.8,23
2009-06-05 20:00:00,6253.4,19
2009-06-05 20:00:00,5821.7,21
2009-06-05 20:00:00,4694.4,24
2009-06-05 20:00:00,6402.5,20
2009-06-05 20:00:00,5641.3,22
2009-06-05 22:00:00,5272.3,17
2009-06-05 22:00:00,4498.7,13
2009-06-05 22:00:00,5449.7,16
2009-06-05 22:00:00,5232.6,15
2009-06-05 22:00:00,4079.7,14
2009-06-05 22:00:00,,18
2009-06-10 05:00:00,4021.3,1
2009-06-10 05:00:00,4779.0,5
2009-06-10 05:00:00,5282.1,6
2009-06-10 05:00:00,5170.6,2
2009-06-10 05:00:00,4596.6,3
2009-06-10 05:00:00,4502.8,4
2009-06-10 06:00:00,5527.8,9
2009-06-10 06:00:00,5998.2,8
2009-06-10 06:00:00,5199.3,7
2009-06-10 06:00:00,4605.6,12
2009-06-10 06:00:00,5168.7,11
2009-06-10 06:00:00,5351.8,10
2009-06-10 21:00:00,4694.4,24
2009-06-10 21:00:00,6252.3,19
2009-06-10 21:00:00,5641.3,22
2009-06-10 21:00:00,5821.7,21
2009-06-10 21:00:00,6401.3,20
2009-06-10 21:00:00,4951.7,23
2009-06-10 23:00:00,4497.4,13
2009-06-10 23:00:00,5448.5,16
2009-06-10 23:00:00,,18
2009-06-10 23:00:00,5270.6,17
2009-06-10 23:00:00,5230.1,15
2009-06-10 23:00:00,4076.5,14
2009-06-18 00:00:00,4496.5,13
2009-06-18 00:00:00,,18
2009-06-18 00:00:00,5447.8,16
2009-06-18 00:00:00,4076.1,14
2009-06-18 00:00:00,5229.4,15
2009-06-18 00:00:00,5270.4,17
2009-06-18 06:00:00,5280.3,6
2009-06-18 06:00:00,4596.4,3
2009-06-18 06:00:00,5168.7,2
2009-06-18 06:00:00,4020.7,1
2009-06-18 06:00:00,4775.6,5
2009-06-18 06:00:00,4503.1,4
2009-06-18 07:00:00,5350.4,10
2009-06-18 07:00:00,5168.3,11
2009-06-18 07:00:00,5526.6,9
2009-06-18 07:00:00,5198.0,7
2009-06-18 07:00:00,4604.9,12
2009-06-18 07:00:00,5995.9,8
2009-06-18 22:00:00,6400.9,20
2009-06-18 22:00:00,4695.0,24
2009-06-18 22:00:00,5641.6,22
2009-06-18 22:00:00,4952.1,23
2009-06-18 22:00:00,6249.7,19
2009-06-18 22:00:00,5822.6,21
2009-06-26 01:00:00,,18
2009-06-26 01:00:00,4495.6,13
2009-06-26 01:00:00,5448.7,16
2009-06-26 01:00:00,4075.1,14
2009-06-26 01:00:00,5271.9,17
2009-06-26 01:00:00,5231.8,15
2009-06-26 07:00:00,5176.0,2
2009-06-26 07:00:00,4509.2,4
2009-06-26 07:00:00,5285.9,6
2009-06-26 07:00:00,4599.5,3
2009-06-26 07:00:00,4785.7,5
2009-06-26 07:00:00,4022.7,1
2009-06-26 08:00:00,5173.4,11
2009-06-26 08:00:00,4607.1,12
2009-06-26 08:00:00,5181.9,7
2009-06-26 08:00:00,5530.7,9
2009-06-26 08:00:00,5995.0,8
2009-06-26 08:00:00,5354.5,10
2009-06-26 23:00:00,6403.9,20
2009-06-26 23:00:00,4956.4,23
2009-06-26 23:00:00,5828.2,21
2009-06-26 23:00:00,6251.0,19
2009-06-26 23:00:00,4697.8,24
2009-06-26 23:00:00,5649.9,22
2009-07-03 00:00:00,6398.8,20
2009-07-03 00:00:00,4695.0,24
2009-07-03 00:00:00,4953.8,23
2009-07-03 00:00:00,5825.7,21
2009-07-03 00:00:00,5646.8,22
2009-07-03 00:00:00,6244.7,19
2009-07-03 02:00:00,5273.5,17
2009-07-03 02:00:00,5233.9,15
2009-07-03 02:00:00,4493.4,13
2009-07-03 02:00:00,4074.4,14
2009-07-03 02:00:00,5451.9,16
2009-07-03 02:00:00,,18
2009-07-03 08:00:00,4509.6,4
2009-07-03 08:00:00,4599.2,3
2009-07-03 08:00:00,5178.9,2
2009-07-03 08:00:00,4024.0,1
2009-07-03 08:00:00,5288.2,6
2009-07-03 08:00:00,4784.4,5
2009-07-03 09:00:00,5533.0,9
2009-07-03 09:00:00,4610.0,12
2009-07-03 09:00:00,5198.3,7
2009-07-03 09:00:00,5175.7,11
2009-07-03 09:00:00,5358.0,10
2009-07-03 09:00:00,5997.9,8
2009-07-10 01:00:00,5649.2,22
2009-07-10 01:00:00,6246.3,19
2009-07-10 01:00:00,5827.7,21
2009-07-10 01:00:00,4956.3,23
2009-07-10 01:00:00,4696.3,24
2009-07-10 01:00:00,6401.5,20
2009-07-10 03:00:00,4071.7,14
2009-07-10 03:00:00,5230.5,15
2009-07-10 03:00:00,5449.7,16
2009-07-10 03:00:00,4491.9,13
2009-07-10 03:00:00,,18
2009-07-10 03:00:00,5270.4,17
2009-07-10 09:00:00,5278.8,6
2009-07-10 09:00:00,4503.0,4
2009-07-10 09:00:00,4767.4,5
2009-07-10 09:00:00,5172.2,2
2009-07-10 09:00:00,4595.3,3
2009-07-10 09:00:00,4021.8,1
2009-07-10 10:00:00,5196.7,7
2009-07-10 10:00:00,4605.7,12
2009-07-10 10:00:00,5994.8,8
2009-07-10 10:00:00,5524.0,9
2009-07-10 10:00:00,5348.6,10
2009-07-10 10:00:00,5168.4,11
2009-07-17 02:00:00,4695.9,24
2009-07-17 02:00:00,6241.3,19
2009-07-17 02:00:00,5649.7,22
2009-07-17 02:00:00,6397.5,20
2009-07-17 02:00:00,5827.5,21
2009-07-17 02:00:00,4955.5,23
2009-07-17 04:00:00,4071.6,14
2009-07-17 04:00:00,5451.9,16
2009-07-17 04:00:00,,18
2009-07-17 04:00:00,5272.9,17
2009-07-17 04:00:00,4490.4,13
2009-07-17 04:00:00,5236.1,15
2009-07-17 10:00:00,4022.2,1
2009-07-17 10:00:00,4508.7,4
2009-07-17 10:00:00,4597.8,3
2009-07-17 10:00:00,5175.2,2
2009-07-17 10:00:00,5283.6,6
2009-07-17 10:00:00,4774.8,5
2009-07-17 11:00:00,5353.5,10
2009-07-17 11:00:00,5195.0,7
2009-07-17 11:00:00,5991.6,8
2009-07-17 11:00:00,4608.5,12
2009-07-17 11:00:00,5173.3,11
2009-07-17 11:00:00,5529.2,9
2009-07-22 03:00:00,5827.0,21
2009-07-22 03:00:00,4695.4,24
2009-07-22 03:00:00,5649.1,22
2009-07-22 03:00:00,6238.9,19
2009-07-22 03:00:00,4955.1,23
2009-07-22 03:00:00,6396.1,20
2009-07-22 05:00:00,4069.4,14
2009-07-22 05:00:00,5450.1,16
2009-07-22 05:00:00,,18
2009-07-22 05:00:00,4483.5,13
2009-07-22 05:00:00,5231.9,15
2009-07-22 05:00:00,5269.8,17
2009-07-22 11:00:00,5276.8,6
2009-07-22 11:00:00,4019.5,1
2009-07-22 11:00:00,4760.2,5
2009-07-22 11:00:00,5165.5,2
2009-07-22 11:00:00,4594.4,3
2009-07-22 11:00:00,4502.8,4
2009-07-22 12:00:00,5987.7,8
2009-07-22 12:00:00,5346.3,10
2009-07-22 12:00:00,4604.3,12
2009-07-22 12:00:00,5192.5,7
2009-07-22 12:00:00,5167.8,11
2009-07-22 12:00:00,5522.6,9
2009-08-02 04:00:00,5653.6,22
2009-08-02 04:00:00,6236.4,19
2009-08-02 04:00:00,5830.6,21
2009-08-02 04:00:00,4958.6,23
2009-08-02 04:00:00,6395.8,20
2009-08-02 04:00:00,4697.5,24
2009-08-02 06:00:00,5236.9,15
2009-08-02 06:00:00,4047.0,14
2009-08-02 06:00:00,,18
2009-08-02 06:00:00,5273.3,17
2009-08-02 06:00:00,4465.1,13
2009-08-02 06:00:00,5450.4,16
2009-08-02 12:00:00,5289.3,6
2009-08-02 12:00:00,5180.8,2
2009-08-02 12:00:00,4763.4,5
2009-08-02 12:00:00,4510.7,4
2009-08-02 12:00:00,4023.4,1
2009-08-02 12:00:00,4596.2,3
2009-08-02 13:00:00,5351.6,10
2009-08-02 13:00:00,5527.0,9
2009-08-02 13:00:00,4609.6,12
2009-08-02 13:00:00,5183.0,7
2009-08-02 13:00:00,5983.0,8
2009-08-02 13:00:00,5173.3,11
2009-08-07 05:00:00,5651.8,22
2009-08-07 05:00:00,6232.7,19
2009-08-07 05:00:00,5829.2,21
2009-08-07 05:00:00,6392.1,20
2009-08-07 05:00:00,4957.5,23
2009-08-07 05:00:00,4695.9,24
2009-08-07 07:00:00,5274.6,17
2009-08-07 07:00:00,4465.7,13
2009-08-07 07:00:00,4047.8,14
2009-08-07 07:00:00,5238.6,15
2009-08-07 07:00:00,,18
2009-08-07 07:00:00,5452.4,16
2009-08-07 13:00:00,4508.7,4
2009-08-07 13:00:00,5174.5,2
2009-08-07 13:00:00,4763.6,5
2009-08-07 13:00:00,5284.8,6
2009-08-07 13:00:00,4595.5,3
2009-08-07 13:00:00,4021.7,1
2009-08-07 14:00:00,5175.0,11
2009-08-07 14:00:00,5985.3,8
2009-08-07 14:00:00,4610.6,12
2009-08-07 14:00:00,5528.1,9
2009-08-07 14:00:00,5353.8,10
2009-08-07 14:00:00,5185.6,7
2009-08-11 06:00:00,4696.5,24
2009-08-11 06:00:00,6218.7,19
2009-08-11 06:00:00,6382.8,20
2009-08-11 06:00:00,5662.1,22
2009-08-11 06:00:00,5829.3,21
2009-08-11 06:00:00,4957.8,23
2009-08-11 08:00:00,5234.7,15
2009-08-11 08:00:00,,18
2009-08-11 08:00:00,4341.2,13
2009-08-11 08:00:00,5447.5,16
2009-08-11 08:00:00,3929.0,14
2009-08-11 08:00:00,5272.9,17
2009-08-11 14:00:00,4509.3,4
2009-08-11 14:00:00,5182.6,2
2009-08-11 14:00:00,4023.9,1
2009-08-11 14:00:00,4594.5,3
2009-08-11 14:00:00,5279.4,6
2009-08-11 14:00:00,4756.4,5
2009-08-11 15:00:00,5518.8,9
2009-08-11 15:00:00,5107.3,7
2009-08-11 15:00:00,5173.3,11
2009-08-11 15:00:00,5343.2,10
2009-08-11 15:00:00,4609.5,12
2009-08-11 15:00:00,5931.9,8
2009-08-21 07:00:00,4696.5,24
2009-08-21 07:00:00,5651.9,22
2009-08-21 07:00:00,5829.4,21
2009-08-21 07:00:00,6385.6,20
2009-08-21 07:00:00,6222.9,19
2009-08-21 07:00:00,4958.0,23
2009-08-21 09:00:00,5274.8,17
2009-08-21 09:00:00,4013.7,14
2009-08-21 09:00:00,,18
2009-08-21 09:00:00,5235.1,15
2009-08-21 09:00:00,5447.4,16
2009-08-21 09:00:00,4426.0,13
2009-08-21 15:00:00,4762.8,5
2009-08-21 15:00:00,4506.7,4
2009-08-21 15:00:00,4593.2,3
2009-08-21 15:00:00,5276.1,6
2009-08-21 15:00:00,4021.3,1
2009-08-21 15:00:00,5173.5,2
2009-08-21 16:00:00,5963.6,8
2009-08-21 16:00:00,5148.6,7
2009-08-21 16:00:00,4609.8,12
2009-08-21 16:00:00,5349.5,10
2009-08-21 16:00:00,5518.8,9
2009-08-21 16:00:00,5176.1,11
2009-08-27 08:00:00,6222.4,19
2009-08-27 08:00:00,6385.4,20
2009-08-27 08:00:00,4696.1,24
2009-08-27 08:00:00,5828.7,21
2009-08-27 08:00:00,4958.0,23
2009-08-27 08:00:00,5657.1,22
2009-08-27 10:00:00,,18
2009-08-27 10:00:00,5272.6,17
2009-08-27 10:00:00,5232.0,15
2009-08-27 10:00:00,4414.8,13
2009-08-27 10:00:00,5444.5,16
2009-08-27 10:00:00,4003.8,14
2009-08-27 16:00:00,4017.7,1
2009-08-27 16:00:00,4588.2,3
2009-08-27 16:00:00,5161.1,2
2009-08-27 16:00:00,5263.0,6
2009-08-27 16:00:00,4736.2,5
2009-08-27 16:00:00,4597.9,4
2009-08-27 17:00:00,5511.7,9
2009-08-27 17:00:00,5344.8,10
2009-08-27 17:00:00,4606.5,12
2009-08-27 17:00:00,5969.2,8
2009-08-27 17:00:00,5148.0,7
2009-08-27 17:00:00,5171.3,11
2009-09-04 09:00:00,4957.2,23
2009-09-04 09:00:00,6225.1,19
2009-09-04 09:00:00,5828.4,21
2009-09-04 09:00:00,6388.4,20
2009-09-04 09:00:00,4696.1,24
2009-09-04 09:00:00,5650.7,22
2009-09-04 11:00:00,3990.4,14
2009-09-04 11:00:00,5231.9,15
2009-09-04 11:00:00,4396.2,13
2009-09-04 11:00:00,,18
2009-09-04 11:00:00,5444.1,16
2009-09-04 11:00:00,5272.4,17
2009-09-04 17:00:00,4016.7,1
2009-09-04 17:00:00,5261.3,6
2009-09-04 17:00:00,4737.3,5
2009-09-04 17:00:00,4586.3,3
2009-09-04 17:00:00,5153.0,2
2009-09-04 17:00:00,4492.5,4
2009-09-04 18:00:00,5511.2,9
2009-09-04 18:00:00,5170.3,11
2009-09-04 18:00:00,5154.4,7
2009-09-04 18:00:00,4605.4,12
2009-09-04 18:00:00,5339.0,10
2009-09-04 18:00:00,5952.6,8
2009-09-10 10:00:00,5652.0,22
2009-09-10 10:00:00,6387.4,20
2009-09-10 10:00:00,4959.2,23
2009-09-10 10:00:00,5829.3,21
2009-09-10 10:00:00,6223.3,19
2009-09-10 10:00:00,4697.6,24
2009-09-10 12:00:00,3933.8,14
2009-09-10 12:00:00,4338.4,13
2009-09-10 12:00:00,5231.8,15
2009-09-10 12:00:00,5274.4,17
2009-09-10 12:00:00,,18
2009-09-10 12:00:00,5443.3,16
2009-09-10 18:00:00,5274.6,6
2009-09-10 18:00:00,4502.9,4
2009-09-10 18:00:00,5174.0,2
2009-09-10 18:00:00,4022.3,1
2009-09-10 18:00:00,4763.1,5
2009-09-10 18:00:00,4591.7,3
2009-09-10 19:00:00,5342.0,10
2009-09-10 19:00:00,5176.1,11
2009-09-10 19:00:00,5926.3,8
2009-09-10 19:00:00,5514.5,9
2009-09-10 19:00:00,5109.2,7
2009-09-10 19:00:00,4609.5,12
2009-09-17 11:00:00,4697.8,24
2009-09-17 11:00:00,5651.0,22
2009-09-17 11:00:00,6382.7,20
2009-09-17 11:00:00,5829.2,21
2009-09-17 11:00:00,6216.4,19
2009-09-17 11:00:00,4958.8,23
2009-09-17 13:00:00,5226.4,15
2009-09-17 13:00:00,5271.2,17
2009-09-17 13:00:00,4310.5,13
2009-09-17 13:00:00,3909.2,14
2009-09-17 13:00:00,5437.4,16
2009-09-17 13:00:00,,18
2009-09-17 19:00:00,4740.7,5
2009-09-17 19:00:00,5266.6,6
2009-09-17 19:00:00,5158.4,2
2009-09-17 19:00:00,4497.7,4
2009-09-17 19:00:00,4017.1,1
2009-09-17 19:00:00,4588.6,3
2009-09-17 20:00:00,5079.9,7
2009-09-17 20:00:00,5334.3,10
2009-09-17 20:00:00,5169.8,11
2009-09-17 20:00:00,5504.1,9
2009-09-17 20:00:00,5911.7,8
2009-09-17 20:00:00,4605.6,12
2009-09-25 12:00:00,6217.8,19
2009-09-25 12:00:00,6384.9,20
2009-09-25 12:00:00,5652.2,22
2009-09-25 12:00:00,5830.0,21
2009-09-25 12:00:00,4698.7,24
2009-09-25 12:00:00,4959.6,23
2009-09-25 14:00:00,4323.7,13
2009-09-25 14:00:00,5270.0,17
2009-09-25 14:00:00,5223.7,15
2009-09-25 14:00:00,5394.6,16
2009-09-25 14:00:00,3914.8,14
2009-09-25 14:00:00,,18
2009-09-25 20:00:00,5277.8,6
2009-09-25 20:00:00,4591.2,3
2009-09-25 20:00:00,4505.7,4
2009-09-25 20:00:00,4019.7,1
2009-09-25 20:00:00,5165.9,2
2009-09-25 20:00:00,4762.7,5
2009-09-25 21:00:00,4609.7,12
2009-09-25 21:00:00,5084.8,7
2009-09-25 21:00:00,5177.1,11
2009-09-25 21:00:00,5919.7,8
2009-09-25 21:00:00,5509.6,9
2009-09-25 21:00:00,5342.0,10
2009-09-29 13:00:00,5651.0,22
2009-09-29 13:00:00,6216.3,19
2009-09-29 13:00:00,6383.2,20
2009-09-29 13:00:00,4959.0,23
2009-09-29 13:00:00,4698.0,24
2009-09-29 13:00:00,5829.2,21
2009-09-29 15:00:00,5433.6,16
2009-09-29 15:00:00,3893.8,14
2009-09-29 15:00:00,4294.9,13
2009-09-29 15:00:00,,18
2009-09-29 15:00:00,5223.7,15
2009-09-29 15:00:00,5271.6,17
2009-09-29 21:00:00,4589.2,3
2009-09-29 21:00:00,4017.8,1
2009-09-29 21:00:00,4749.8,5
2009-09-29 21:00:00,5158.3,2
2009-09-29 21:00:00,5269.8,6
2009-09-29 21:00:00,4497.3,4
2009-09-29 22:00:00,5042.2,7
2009-09-29 22:00:00,5170.6,11
2009-09-29 22:00:00,5500.4,9
2009-09-29 22:00:00,5332.4,10
2009-09-29 22:00:00,5894.6,8
2009-09-29 22:00:00,4606.5,12
2009-10-08 14:00:00,4698.7,24
2009-10-08 14:00:00,6216.8,19
2009-10-08 14:00:00,6383.9,20
2009-10-08 14:00:00,5829.7,21
2009-10-08 14:00:00,5650.7,22
2009-10-08 14:00:00,4960.5,23
2009-10-08 16:00:00,5220.4,15
2009-10-08 16:00:00,5271.5,17
2009-10-08 16:00:00,,18
2009-10-08 16:00:00,3898.7,14
2009-10-08 16:00:00,5430.3,16
2009-10-08 16:00:00,4306.5,13
2009-10-08 22:00:00,4018.6,1
2009-10-08 22:00:00,4588.5,3
2009-10-08 22:00:00,4497.4,4
2009-10-08 22:00:00,4751.8,5
2009-10-08 22:00:00,5265.0,6
2009-10-08 22:00:00,5160.8,2
2009-10-08 23:00:00,5335.4,10
2009-10-08 23:00:00,5047.1,7
2009-10-08 23:00:00,5909.9,8
2009-10-08 23:00:00,4605.7,12
2009-10-08 23:00:00,5495.2,9
2009-10-08 23:00:00,5171.0,11
2009-10-14 00:00:00,5170.2,11
2009-10-14 00:00:00,5494.5,9
2009-10-14 00:00:00,5916.4,8
2009-10-14 00:00:00,4605.2,12
2009-10-14 00:00:00,5048.8,7
2009-10-14 00:00:00,5335.2,10
2009-10-14 15:00:00,6384.3,20
2009-10-14 15:00:00,5650.8,22
2009-10-14 15:00:00,5828.9,21
2009-10-14 15:00:00,4699.2,24
2009-10-14 15:00:00,4960.6,23
2009-10-14 15:00:00,6217.2,19
2009-10-14 17:00:00,3891.4,14
2009-10-14 17:00:00,,18
2009-10-14 17:00:00,5220.9,15
2009-10-14 17:00:00,4316.3,13
2009-10-14 17:00:00,5271.3,17
2009-10-14 17:00:00,5430.2,16
2009-10-14 23:00:00,5264.6,6
2009-10-14 23:00:00,4588.1,3
2009-10-14 23:00:00,4019.0,1
2009-10-14 23:00:00,5161.5,2
2009-10-14 23:00:00,4494.6,4
2009-10-14 23:00:00,4745.0,5
2009-10-20 00:00:00,5156.8,2
2009-10-20 00:00:00,4016.7,1
2009-10-20 00:00:00,4493.1,4
2009-10-20 00:00:00,4585.9,3
2009-10-20 00:00:00,5255.4,6
2009-10-20 00:00:00,4729.8,5
2009-10-20 01:00:00,4604.7,12
2009-10-20 01:00:00,5169.3,11
2009-10-20 01:00:00,5917.3,8
2009-10-20 01:00:00,5334.0,10
2009-10-20 01:00:00,5049.4,7
2009-10-20 01:00:00,5493.7,9
2009-10-20 16:00:00,5829.5,21
2009-10-20 16:00:00,4960.3,23
2009-10-20 16:00:00,5650.1,22
2009-10-20 16:00:00,6217.5,19
2009-10-20 16:00:00,6384.2,20
2009-10-20 16:00:00,4698.3,24
2009-10-20 18:00:00,4320.9,13
2009-10-20 18:00:00,5270.8,17
2009-10-20 18:00:00,5429.9,16
2009-10-20 18:00:00,3909.8,14
2009-10-20 18:00:00,,18
2009-10-20 18:00:00,5220.4,15
2009-10-27 01:00:00,4753.0,5
2009-10-27 01:00:00,4588.8,3
2009-10-27 01:00:00,5161.0,2
2009-10-27 01:00:00,5266.0,6
2009-10-27 01:00:00,4019.3,1
2009-10-27 01:00:00,4496.5,4
2009-10-27 02:00:00,5922.6,8
2009-10-27 02:00:00,5338.6,10
2009-10-27 02:00:00,5053.5,7
2009-10-27 02:00:00,5172.5,11
2009-10-27 02:00:00,5496.8,9
2009-10-27 02:00:00,4606.6,12
2009-10-27 17:00:00,6218.0,19
2009-10-27 17:00:00,6384.9,20
2009-10-27 17:00:00,4960.4,23
2009-10-27 17:00:00,5829.5,21
2009-10-27 17:00:00,4698.5,24
2009-10-27 17:00:00,5650.0,22
2009-10-27 19:00:00,4332.3,13
2009-10-27 19:00:00,,18
2009-10-27 19:00:00,5272.1,17
2009-10-27 19:00:00,5432.5,16
2009-10-27 19:00:00,3920.8,14
2009-10-27 19:00:00,5223.3,15
2009-11-05 02:00:00,5136.2,2
2009-11-05 02:00:00,4579.1,3
2009-11-05 02:00:00,5246.6,6
2009-11-05 02:00:00,4012.3,1
2009-11-05 02:00:00,4476.9,4
2009-11-05 02:00:00,4732.1,5
2009-11-05 03:00:00,4601.9,12
2009-11-05 03:00:00,5330.6,10
2009-11-05 03:00:00,5060.8,7
2009-11-05 03:00:00,5163.6,11
2009-11-05 03:00:00,5929.3,8
2009-11-05 03:00:00,5487.7,9
2009-11-05 18:00:00,6384.8,20
2009-11-05 18:00:00,4959.2,23
2009-11-05 18:00:00,5645.7,22
2009-11-05 18:00:00,4697.4,24
2009-11-05 18:00:00,6219.1,19
2009-11-05 18:00:00,5827.2,21
2009-11-05 20:00:00,,18
2009-11-05 20:00:00,5429.3,16
2009-11-05 20:00:00,5268.9,17
2009-11-05 20:00:00,3931.2,14
2009-11-05 20:00:00,5219.6,15
2009-11-05 20:00:00,4341.4,13
2009-11-13 03:00:00,5243.5,6
2009-11-13 03:00:00,4479.4,4
2009-11-13 03:00:00,4012.1,1
2009-11-13 03:00:00,5136.3,2
2009-11-13 03:00:00,4724.4,5
2009-11-13 03:00:00,4580.9,3
2009-11-13 04:00:00,5328.9,10
2009-11-13 04:00:00,5487.8,9
2009-11-13 04:00:00,5051.7,7
2009-11-13 04:00:00,5915.6,8
2009-11-13 04:00:00,4601.7,12
2009-11-13 04:00:00,5163.7,11
2009-11-13 19:00:00,4959.1,23
2009-11-13 19:00:00,4698.0,24
2009-11-13 19:00:00,5645.2,22
2009-11-13 19:00:00,5827.1,21
2009-11-13 19:00:00,6218.7,19
2009-11-13 19:00:00,6384.0,20
2009-11-13 21:00:00,,18
2009-11-13 21:00:00,3923.0,14
2009-11-13 21:00:00,5218.8,15
2009-11-13 21:00:00,4329.4,13
2009-11-13 21:00:00,5268.7,17
2009-11-13 21:00:00,5428.8,16
2009-11-19 04:00:00,4012.8,1
2009-11-19 04:00:00,4581.2,3
2009-11-19 04:00:00,4478.7,4
2009-11-19 04:00:00,4728.0,5
2009-11-19 04:00:00,5243.3,6
2009-11-19 04:00:00,5136.4,2
2009-11-19 05:00:00,5326.8,10
2009-11-19 05:00:00,5914.8,8
2009-11-19 05:00:00,5051.6,7
2009-11-19 05:00:00,4599.3,12
2009-11-19 05:00:00,5485.3,9
2009-11-19 05:00:00,5161.2,11
2009-11-19 20:00:00,5826.4,21
2009-11-19 20:00:00,4698.0,24
2009-11-19 20:00:00,5644.5,22
2009-11-19 20:00:00,4959.3,23
2009-11-19 20:00:00,6219.0,19
2009-11-19 20:00:00,6384.7,20
2009-11-19 22:00:00,5426.9,16
2009-11-19 22:00:00,,18
2009-11-19 22:00:00,5267.4,17
2009-11-19 22:00:00,3922.6,14
2009-11-19 22:00:00,5217.0,15
2009-11-19 22:00:00,4329.5,13
2009-11-27 05:00:00,5233.5,6
2009-11-27 05:00:00,4711.7,5
2009-11-27 05:00:00,4578.0,3
2009-11-27 05:00:00,5129.4,2
2009-11-27 05:00:00,4472.8,4
2009-11-27 05:00:00,4010.7,1
2009-11-27 06:00:00,5484.5,9
2009-11-27 06:00:00,5049.9,7
2009-11-27 06:00:00,5160.8,11
2009-11-27 06:00:00,5913.0,8
2009-11-27 06:00:00,4597.9,12
2009-11-27 06:00:00,5325.5,10
2009-11-27 21:00:00,4958.7,23
2009-11-27 21:00:00,4697.6,24
2009-11-27 21:00:00,6218.6,19
2009-11-27 21:00:00,5824.7,21
2009-11-27 21:00:00,5642.6,22
2009-11-27 21:00:00,6384.1,20
2009-11-27 23:00:00,,18
2009-11-27 23:00:00,5426.1,16
2009-11-27 23:00:00,3921.4,14
2009-11-27 23:00:00,5266.4,17
2009-11-27 23:00:00,4329.0,13
2009-11-27 23:00:00,5216.2,15
2009-12-04 00:00:00,,18
2009-12-04 00:00:00,5267.5,17
2009-12-04 00:00:00,4331.8,13
2009-12-04 00:00:00,3924.1,14
2009-12-04 00:00:00,5427.5,16
2009-12-04 00:00:00,5217.5,15
2009-12-04 06:00:00,5241.8,6
2009-12-04 06:00:00,4014.5,1
2009-12-04 06:00:00,4729.6,5
2009-12-04 06:00:00,4581.7,3
2009-12-04 06:00:00,5142.4,2
2009-12-04 06:00:00,4477.3,4
2009-12-04 07:00:00,5487.7,9
2009-12-04 07:00:00,5919.2,8
2009-12-04 07:00:00,5328.8,10
2009-12-04 07:00:00,5052.5,7
2009-12-04 07:00:00,5163.6,11
2009-12-04 07:00:00,4599.1,12
2009-12-04 22:00:00,4698.9,24
2009-12-04 22:00:00,6386.5,20
2009-12-04 22:00:00,4959.0,23
2009-12-04 22:00:00,6220.7,19
2009-12-04 22:00:00,5825.4,21
2009-12-04 22:00:00,5643.5,22
2009-12-11 01:00:00,,18
2009-12-11 01:00:00,4334.6,13
2009-12-11 01:00:00,5215.8,15
2009-12-11 01:00:00,3925.7,14
2009-12-11 01:00:00,5425.1,16
2009-12-11 01:00:00,5266.8,17
2009-12-11 07:00:00,4717.1,5
2009-12-11 07:00:00,5237.5,6
2009-12-11 07:00:00,4473.4,4
2009-12-11 07:00:00,5131.1,2
2009-12-11 07:00:00,4011.6,1
2009-12-11 07:00:00,4579.5,3
2009-12-11 08:00:00,4598.2,12
2009-12-11 08:00:00,5161.5,11
2009-12-11 08:00:00,5326.9,10
2009-12-11 08:00:00,5920.5,8
2009-12-11 08:00:00,5485.5,9
2009-12-11 08:00:00,5054.2,7
2009-12-11 23:00:00,6221.0,19
2009-12-11 23:00:00,5824.2,21
2009-12-11 23:00:00,4697.6,24
2009-12-11 23:00:00,6386.5,20
2009-12-11 23:00:00,4958.1,23
2009-12-11 23:00:00,5641.3,22
2009-12-18 00:00:00,5642.0,22
2009-12-18 00:00:00,4698.3,24
2009-12-18 00:00:00,4958.6,23
2009-12-18 00:00:00,6389.1,20
2009-12-18 00:00:00,5824.8,21
2009-12-18 00:00:00,6223.8,19
2009-12-18 02:00:00,5216.0,15
2009-12-18 02:00:00,5420.5,16
2009-12-18 02:00:00,,18
2009-12-18 02:00:00,3934.2,14
2009-12-18 02:00:00,5262.5,17
2009-12-18 02:00:00,4393.9,13
2009-12-18 08:00:00,4012.7,1
2009-12-18 08:00:00,4580.9,3
2009-12-18 08:00:00,5137.2,2
2009-12-18 08:00:00,4475.5,4
2009-12-18 08:00:00,4711.8,5
2009-12-18 08:00:00,5234.5,6
2009-12-18 09:00:00,5328.0,10
2009-12-18 09:00:00,5486.1,9
2009-12-18 09:00:00,5057.4,7
2009-12-18 09:00:00,4598.3,12
2009-12-18 09:00:00,5926.5,8
2009-12-18 09:00:00,5161.7,11
2009-12-23 01:00:00,6224.2,19
2009-12-23 01:00:00,6388.8,20
2009-12-23 01:00:00,5638.7,22
2009-12-23 01:00:00,4957.0,23
2009-12-23 01:00:00,5822.4,21
2009-12-23 01:00:00,4696.8,24
2009-12-23 03:00:00,5215.0,15
2009-12-23 03:00:00,,18
2009-12-23 03:00:00,5266.4,17
2009-12-23 03:00:00,5423.9,16
2009-12-23 03:00:00,4366.2,13
2009-12-23 03:00:00,3956.4,14
2009-12-23 09:00:00,4464.9,4
2009-12-23 09:00:00,4575.7,3
2009-12-23 09:00:00,5122.7,2
2009-12-23 09:00:00,4692.7,5
2009-12-23 09:00:00,4009.3,1
2009-12-23 09:00:00,5219.6,6
2009-12-23 10:00:00,5483.1,9
2009-12-23 10:00:00,5158.8,11
2009-12-23 10:00:00,5326.4,10
2009-12-23 10:00:00,5071.6,7
2009-12-23 10:00:00,4596.6,12
2009-12-23 10:00:00,5935.0,8
2009-12-30 02:00:00,5637.0,22
2009-12-30 02:00:00,4687.5,24
2009-12-30 02:00:00,6389.6,20
2009-12-30 02:00:00,6226.1,19
2009-12-30 02:00:00,5821.5,21
2009-12-30 02:00:00,4956.3,23
2009-12-30 04:00:00,5423.0,16
2009-12-30 04:00:00,5215.4,15
2009-12-30 04:00:00,,18
2009-12-30 04:00:00,4377.1,13
2009-12-30 04:00:00,3965.9,14
2009-12-30 04:00:00,5266.0,17
2009-12-30 10:00:00,5216.7,6
2009-12-30 10:00:00,4573.6,3
2009-12-30 10:00:00,5116.5,2
2009-12-30 10:00:00,4693.5,5
2009-12-30 10:00:00,4008.0,1
2009-12-30 10:00:00,4459.6,4
2009-12-30 11:00:00,5482.7,9
2009-12-30 11:00:00,4595.7,12
2009-12-30 11:00:00,5158.2,11
2009-12-30 11:00:00,5080.1,7
2009-12-30 11:00:00,5941.6,8
2009-12-30 11:00:00,5327.1,10
2010-01-05 03:00:00,5637.7,22
2010-01-05 03:00:00,4956.4,23
2010-01-05 03:00:00,6221.7,19
2010-01-05 03:00:00,4685.0,24
2010-01-05 03:00:00,5821.3,21
2010-01-05 03:00:00,6386.4,20
2010-01-05 05:00:00,5414.3,16
2010-01-05 05:00:00,5264.9,17
2010-01-05 05:00:00,3872.7,14
2010-01-05 05:00:00,4266.0,13
2010-01-05 05:00:00,5214.1,15
2010-01-05 05:00:00,,18
2010-01-05 11:00:00,5123.6,2
2010-01-05 11:00:00,4575.8,3
2010-01-05 11:00:00,4694.5,5
2010-01-05 11:00:00,4009.6,1
2010-01-05 11:00:00,4461.2,4
2010-01-05 11:00:00,5213.2,6
2010-01-05 12:00:00,5005.0,7
2010-01-05 12:00:00,4592.6,12
2010-01-05 12:00:00,5895.0,8
2010-01-05 12:00:00,5156.5,11
2010-01-05 12:00:00,5315.4,10
2010-01-05 12:00:00,5477.7,9
2010-01-14 04:00:00,5637.0,22
2010-01-14 04:00:00,6224.7,19
2010-01-14 04:00:00,4957.0,23
2010-01-14 04:00:00,4689.6,24
2010-01-14 04:00:00,5821.3,21
2010-01-14 04:00:00,6388.8,20
2010-01-14 06:00:00,5215.0,15
2010-01-14 06:00:00,4319.0,13
2010-01-14 06:00:00,5265.0,17
2010-01-14 06:00:00,3918.8,14
2010-01-14 06:00:00,5414.9,16
2010-01-14 06:00:00,,18
2010-01-14 12:00:00,4579.3,3
2010-01-14 12:00:00,4466.1,4
2010-01-14 12:00:00,4711.3,5
2010-01-14 12:00:00,5220.0,6
2010-01-14 12:00:00,4012.7,1
2010-01-14 12:00:00,5131.7,2
2010-01-14 13:00:00,5026.1,7
2010-01-14 13:00:00,5158.0,11
2010-01-14 13:00:00,5321.5,10
2010-01-14 13:00:00,5922.5,8
2010-01-14 13:00:00,4593.3,12
2010-01-14 13:00:00,5479.4,9
2010-01-24 05:00:00,6225.7,19
2010-01-24 05:00:00,6389.5,20
2010-01-24 05:00:00,5635.8,22
2010-01-24 05:00:00,4956.8,23
2010-01-24 05:00:00,4689.7,24
2010-01-24 05:00:00,5820.5,21
2010-01-24 07:00:00,5265.4,17
2010-01-24 07:00:00,4333.5,13
2010-01-24 07:00:00,,18
2010-01-24 07:00:00,5415.6,16
2010-01-24 07:00:00,5215.3,15
2010-01-24 07:00:00,3932.7,14
2010-01-24 13:00:00,4011.1,1
2010-01-24 13:00:00,5129.3,2
2010-01-24 13:00:00,5217.6,6
2010-01-24 13:00:00,4467.1,4
2010-01-24 13:00:00,4699.6,5
2010-01-24 13:00:00,4579.4,3
2010-01-24 14:00:00,5032.1,7
2010-01-24 14:00:00,5480.1,9
2010-01-24 14:00:00,5923.3,8
2010-01-24 14:00:00,4593.5,12
2010-01-24 14:00:00,5322.6,10
2010-01-24 14:00:00,5159.2,11
2010-01-26 06:00:00,5634.9,22
2010-01-26 06:00:00,6225.3,19
2010-01-26 06:00:00,6388.9,20
2010-01-26 06:00:00,5820.0,21
2010-01-26 06:00:00,4689.5,24
2010-01-26 06:00:00,4956.5,23
2010-01-26 08:00:00,4333.5,13
2010-01-26 08:00:00,5415.4,16
2010-01-26 08:00:00,5215.0,15
2010-01-26 08:00:00,,18
2010-01-26 08:00:00,5265.3,17
2010-01-26 08:00:00,3932.9,14
2010-01-26 14:00:00,4010.7,1
2010-01-26 14:00:00,4691.3,5
2010-01-26 14:00:00,4579.4,3
2010-01-26 14:00:00,5127.2,2
2010-01-26 14:00:00,,4
2010-01-26 14:00:00,5210.6,6
2010-01-26 15:00:00,5479.9,9
2010-01-26 15:00:00,5322.7,10
2010-01-26 15:00:00,5158.9,11
2010-01-26 15:00:00,5032.6,7
2010-01-26 15:00:00,5926.6,8
2010-01-26 15:00:00,4593.3,12
2010-02-05 07:00:00,4955.2,23
2010-02-05 07:00:00,6229.1,19
2010-02-05 07:00:00,4688.9,24
2010-02-05 07:00:00,6391.1,20
2010-02-05 07:00:00,5632.5,22
2010-02-05 07:00:00,5818.6,21
2010-02-05 09:00:00,5264.4,17
2010-02-05 09:00:00,5215.1,15
2010-02-05 09:00:00,5416.8,16
2010-02-05 09:00:00,,18
2010-02-05 09:00:00,4366.9,13
2010-02-05 09:00:00,3964.2,14
2010-02-05 15:00:00,4681.2,5
2010-02-05 15:00:00,5111.2,2
2010-02-05 15:00:00,4454.5,4
2010-02-05 15:00:00,4575.6,3
2010-02-05 15:00:00,4008.4,1
2010-02-05 15:00:00,5192.6,6
2010-02-05 16:00:00,4590.7,12
2010-02-05 16:00:00,5055.6,7
2010-02-05 16:00:00,5943.4,8
2010-02-05 16:00:00,5322.9,10
2010-02-05 16:00:00,5477.4,9
2010-02-05 16:00:00,5156.0,11
2010-02-10 08:00:00,5632.0,22
2010-02-10 08:00:00,6231.7,19
2010-02-10 08:00:00,5818.5,21
2010-02-10 08:00:00,4689.0,24
2010-02-10 08:00:00,6392.2,20
2010-02-10 08:00:00,4954.5,23
2010-02-10 10:00:00,5416.7,16
2010-02-10 10:00:00,5264.6,17
2010-02-10 10:00:00,4383.1,13
2010-02-10 10:00:00,3980.4,14
2010-02-10 10:00:00,,18
2010-02-10 10:00:00,5215.3,15
2010-02-10 16:00:00,4008.7,1
2010-02-10 16:00:00,4455.3,4
2010-02-10 16:00:00,4675.1,5
2010-02-10 16:00:00,5115.3,2
2010-02-10 16:00:00,5189.4,6
2010-02-10 16:00:00,4576.1,3
2010-02-10 17:00:00,5072.6,7
2010-02-10 17:00:00,4590.8,12
2010-02-10 17:00:00,5478.7,9
2010-02-10 17:00:00,5156.6,11
2010-02-10 17:00:00,5323.9,10
2010-02-10 17:00:00,5952.5,8
2010-02-18 09:00:00,6233.2,19
2010-02-18 09:00:00,6393.6,20
2010-02-18 09:00:00,4689.9,24
2010-02-18 09:00:00,5632.1,22
2010-02-18 09:00:00,5819.3,21
2010-02-18 09:00:00,4954.7,23
2010-02-18 11:00:00,5416.2,16
2010-02-18 11:00:00,4383.1,13
2010-02-18 11:00:00,3981.4,14
2010-02-18 11:00:00,5263.4,17
2010-02-18 11:00:00,,18
2010-02-18 11:00:00,5215.0,15
2010-02-18 17:00:00,5192.1,6
2010-02-18 17:00:00,4010.2,1
2010-02-18 17:00:00,5120.8,2
2010-02-18 17:00:00,4457.5,4
2010-02-18 17:00:00,4578.3,3
2010-02-18 17:00:00,4685.2,5
2010-02-18 18:00:00,5071.5,7
2010-02-18 18:00:00,5480.3,9
2010-02-18 18:00:00,5322.7,10
2010-02-18 18:00:00,5156.3,11
2010-02-18 18:00:00,4590.5,12
2010-02-18 18:00:00,5949.4,8
2010-02-26 10:00:00,4956.8,23
2010-02-26 10:00:00,6235.4,19
2010-02-26 10:00:00,6395.8,20
2010-02-26 10:00:00,5820.3,21
2010-02-26 10:00:00,5632.2,22
2010-02-26 10:00:00,4690.4,24
2010-02-26 12:00:00,5265.6,17
2010-02-26 12:00:00,5218.0,15
2010-02-26 12:00:00,5420.2,16
2010-02-26 12:00:00,4386.7,13
2010-02-26 12:00:00,3986.0,14
2010-02-26 12:00:00,,18
2010-02-26 18:00:00,5138.3,2
2010-02-26 18:00:00,4583.0,3
2010-02-26 18:00:00,5200.8,6
2010-02-26 18:00:00,4466.2,4
2010-02-26 18:00:00,4697.5,5
2010-02-26 18:00:00,4014.2,1
2010-02-26 19:00:00,5485.6,9
2010-02-26 19:00:00,5075.1,7
2010-02-26 19:00:00,4592.6,12
2010-02-26 19:00:00,5328.2,10
2010-02-26 19:00:00,5160.8,11
2010-02-26 19:00:00,5955.1,8
2010-03-04 11:00:00,5819.0,21
2010-03-04 11:00:00,4690.0,24
2010-03-04 11:00:00,4955.9,23
2010-03-04 11:00:00,6239.1,19
2010-03-04 11:00:00,6396.6,20
2010-03-04 11:00:00,5631.5,22
2010-03-04 13:00:00,5420.0,16
2010-03-04 13:00:00,4486.4,13
2010-03-04 13:00:00,5264.7,17
2010-03-04 13:00:00,5217.8,15
2010-03-04 13:00:00,4066.8,14
2010-03-04 13:00:00,,18
2010-03-04 19:00:00,4459.4,4
2010-03-04 19:00:00,5121.9,2
2010-03-04 19:00:00,4579.0,3
2010-03-04 19:00:00,4009.9,1
2010-03-04 19:00:00,4679.1,5
2010-03-04 19:00:00,5195.8,6
2010-03-04 20:00:00,5171.5,7
2010-03-04 20:00:00,4591.1,12
2010-03-04 20:00:00,5158.2,11
2010-03-04 20:00:00,5487.7,9
2010-03-04 20:00:00,5332.2,10
2010-03-04 20:00:00,5995.8,8
2010-03-10 12:00:00,6398.1,20
2010-03-10 12:00:00,5819.0,21
2010-03-10 12:00:00,4955.5,23
2010-03-10 12:00:00,6242.1,19
2010-03-10 12:00:00,4689.7,24
2010-03-10 12:00:00,5631.3,22
2010-03-10 14:00:00,5219.3,15
2010-03-10 14:00:00,5265.0,17
2010-03-10 14:00:00,5421.5,16
2010-03-10 14:00:00,4083.9,14
2010-03-10 14:00:00,,18
2010-03-10 14:00:00,4502.7,13
2010-03-10 20:00:00,5197.6,6
2010-03-10 20:00:00,4459.8,4
2010-03-10 20:00:00,4686.1,5
2010-03-10 20:00:00,4010.8,1
2010-03-10 20:00:00,4579.4,3
2010-03-10 20:00:00,5124.8,2
2010-03-10 21:00:00,5334.3,10
2010-03-10 21:00:00,5188.7,7
2010-03-10 21:00:00,5158.6,11
2010-03-10 21:00:00,6001.2,8
2010-03-10 21:00:00,4591.0,12
2010-03-10 21:00:00,5492.5,9
2010-03-19 13:00:00,5631.2,22
2010-03-19 13:00:00,6398.4,20
2010-03-19 13:00:00,4955.5,23
2010-03-19 13:00:00,5819.0,21
2010-03-19 13:00:00,4690.0,24
2010-03-19 13:00:00,6243.2,19
2010-03-19 15:00:00,4501.8,13
2010-03-19 15:00:00,5267.7,17
2010-03-19 15:00:00,5429.5,16
2010-03-19 15:00:00,5221.8,15
2010-03-19 15:00:00,4085.8,14
2010-03-19 15:00:00,,18
2010-03-19 21:00:00,4009.8,1
2010-03-19 21:00:00,5121.0,2
2010-03-19 21:00:00,4579.3,3
2010-03-19 21:00:00,4681.9,5
2010-03-19 21:00:00,5196.1,6
2010-03-19 21:00:00,4461.0,4
2010-03-19 22:00:00,5331.9,10
2010-03-19 22:00:00,4591.5,12
2010-03-19 22:00:00,5151.7,11
2010-03-19 22:00:00,5499.1,9
2010-03-19 22:00:00,5188.5,7
2010-03-19 22:00:00,6000.3,8
2010-03-24 14:00:00,5631.5,22
2010-03-24 14:00:00,4955.5,23
2010-03-24 14:00:00,5819.0,21
2010-03-24 14:00:00,6244.8,19
2010-03-24 14:00:00,4690.2,24
2010-03-24 14:00:00,6399.2,20
2010-03-24 16:00:00,5222.2,15
2010-03-24 16:00:00,4523.8,13
2010-03-24 16:00:00,,18
2010-03-24 16:00:00,5267.5,17
2010-03-24 16:00:00,5429.9,16
2010-03-24 16:00:00,4103.4,14
2010-03-24 22:00:00,5203.9,6
2010-03-24 22:00:00,4704.3,5
2010-03-24 22:00:00,4582.2,3
2010-03-24 22:00:00,5133.3,2
2010-03-24 22:00:00,4013.3,1
2010-03-24 22:00:00,4464.2,4
2010-03-24 23:00:00,5499.6,9
2010-03-24 23:00:00,5332.7,10
2010-03-24 23:00:00,5159.1,11
2010-03-24 23:00:00,5207.9,7
2010-03-24 23:00:00,4591.2,12
2010-03-24 23:00:00,6008.0,8
2010-03-31 00:00:00,4591.2,12
2010-03-31 00:00:00,5332.8,10
2010-03-31 00:00:00,5499.8,9
2010-03-31 00:00:00,5158.9,11
2010-03-31 00:00:00,6008.1,8
2010-03-31 00:00:00,5207.7,7
2010-03-31 15:00:00,4955.2,23
2010-03-31 15:00:00,4690.3,24
2010-03-31 15:00:00,6399.0,20
2010-03-31 15:00:00,6245.0,19
2010-03-31 15:00:00,5818.9,21
2010-03-31 15:00:00,5631.1,22
2010-03-31 17:00:00,5430.3,16
2010-03-31 17:00:00,,18
2010-03-31 17:00:00,5222.6,15
2010-03-31 17:00:00,4103.9,14
2010-03-31 17:00:00,5267.7,17
2010-03-31 17:00:00,4523.6,13
2010-03-31 23:00:00,4580.7,3
2010-03-31 23:00:00,4011.5,1
2010-03-31 23:00:00,5198.9,6
2010-03-31 23:00:00,4463.7,4
2010-03-31 23:00:00,4688.4,5
2010-03-31 23:00:00,5129.3,2
2010-04-06 00:00:00,4477.8,4
2010-04-06 00:00:00,4716.1,5
2010-04-06 00:00:00,4590.0,3
2010-04-06 00:00:00,4015.6,1
2010-04-06 00:00:00,5212.5,6
2010-04-06 00:00:00,5145.0,2
2010-04-06 01:00:00,5511.2,9
2010-04-06 01:00:00,5214.2,7
2010-04-06 01:00:00,4594.2,12
2010-04-06 01:00:00,5165.9,11
2010-04-06 01:00:00,6014.8,8
2010-04-06 01:00:00,5340.8,10
2010-04-06 16:00:00,6401.3,20
2010-04-06 16:00:00,5632.3,22
2010-04-06 16:00:00,4691.5,24
2010-04-06 16:00:00,6247.0,19
2010-04-06 16:00:00,4956.4,23
2010-04-06 16:00:00,5820.1,21
2010-04-06 18:00:00,,18
2010-04-06 18:00:00,5270.8,17
2010-04-06 18:00:00,4534.8,13
2010-04-06 18:00:00,5438.1,16
2010-04-06 18:00:00,4111.7,14
2010-04-06 18:00:00,5229.3,15
2010-04-22 01:00:00,4014.2,1
2010-04-22 01:00:00,4474.5,4
2010-04-22 01:00:00,5216.5,6
2010-04-22 01:00:00,4707.8,5
2010-04-22 01:00:00,5139.9,2
2010-04-22 01:00:00,4586.2,3
2010-04-22 02:00:00,5161.5,11
2010-04-22 02:00:00,4594.5,12
2010-04-22 02:00:00,6007.7,8
2010-04-22 02:00:00,5211.1,7
2010-04-22 02:00:00,5334.0,10
2010-04-22 02:00:00,5506.2,9
2010-04-22 17:00:00,6244.4,19
2010-04-22 17:00:00,4690.7,24
2010-04-22 17:00:00,4955.6,23
2010-04-22 17:00:00,5819.2,21
2010-04-22 17:00:00,5630.9,22
2010-04-22 17:00:00,6399.0,20
2010-04-22 19:00:00,5230.6,15
2010-04-22 19:00:00,4109.8,14
2010-04-22 19:00:00,4531.2,13
2010-04-22 19:00:00,,18
2010-04-22 19:00:00,5441.5,16
2010-04-22 19:00:00,5269.0,17
2010-04-29 02:00:00,4593.5,3
2010-04-29 02:00:00,4019.1,1
2010-04-29 02:00:00,4730.1,5
2010-04-29 02:00:00,4490.5,4
2010-04-29 02:00:00,5157.8,2
2010-04-29 02:00:00,5234.0,6
2010-04-29 03:00:00,5515.7,9
2010-04-29 03:00:00,5170.3,11
2010-04-29 03:00:00,4592.3,12
2010-04-29 03:00:00,5193.7,7
2010-04-29 03:00:00,5986.8,8
2010-04-29 03:00:00,5338.5,10
2010-04-29 18:00:00,4956.6,23
2010-04-29 18:00:00,6242.1,19
2010-04-29 18:00:00,5633.0,22
2010-04-29 18:00:00,6399.1,20
2010-04-29 18:00:00,5820.7,21
2010-04-29 18:00:00,4691.9,24
2010-04-29 20:00:00,5234.7,15
2010-04-29 20:00:00,5271.7,17
2010-04-29 20:00:00,4077.3,14
2010-04-29 20:00:00,,18
2010-04-29 20:00:00,5442.9,16
2010-04-29 20:00:00,4480.5,13
2010-05-07 03:00:00,5236.0,6
2010-05-07 03:00:00,4017.2,1
2010-05-07 03:00:00,5152.9,2
2010-05-07 03:00:00,4487.5,4
2010-05-07 03:00:00,4591.1,3
2010-05-07 03:00:00,4727.8,5
2010-05-07 04:00:00,5999.4,8
2010-05-07 04:00:00,5198.5,7
2010-05-07 04:00:00,5337.3,10
2010-05-07 04:00:00,5510.5,9
2010-05-07 04:00:00,5165.6,11
2010-05-07 04:00:00,4597.0,12
2010-05-07 19:00:00,5821.1,21
2010-05-07 19:00:00,6399.3,20
2010-05-07 19:00:00,5633.3,22
2010-05-07 19:00:00,4692.1,24
2010-05-07 19:00:00,6242.3,19
2010-05-07 19:00:00,4957.0,23
2010-05-07 21:00:00,5443.3,16
2010-05-07 21:00:00,4492.2,13
2010-05-07 21:00:00,5233.1,15
2010-05-07 21:00:00,5270.0,17
2010-05-07 21:00:00,4081.9,14
2010-05-07 21:00:00,,18
2010-05-14 04:00:00,5159.3,2
2010-05-14 04:00:00,4019.0,1
2010-05-14 04:00:00,5244.4,6
2010-05-14 04:00:00,4494.6,4
2010-05-14 04:00:00,4594.1,3
2010-05-14 04:00:00,4729.0,5
2010-05-14 05:00:00,5513.7,9
2010-05-14 05:00:00,5199.7,7
2010-05-14 05:00:00,4594.6,12
2010-05-14 05:00:00,5340.3,10
2010-05-14 05:00:00,5168.7,11
2010-05-14 05:00:00,6000.0,8
2010-05-14 20:00:00,5822.7,21
2010-05-14 20:00:00,4958.2,23
2010-05-14 20:00:00,5635.5,22
2010-05-14 20:00:00,6241.9,19
2010-05-14 20:00:00,6399.7,20
2010-05-14 20:00:00,4692.1,24
2010-05-14 22:00:00,5446.4,16
2010-05-14 22:00:00,4498.9,13
2010-05-14 22:00:00,5235.8,15
2010-05-14 22:00:00,5271.5,17
2010-05-14 22:00:00,,18
2010-05-14 22:00:00,4087.1,14
2010-05-20 05:00:00,4597.0,3
2010-05-20 05:00:00,4016.7,1
2010-05-20 05:00:00,5163.8,2
2010-05-20 05:00:00,5242.0,6
2010-05-20 05:00:00,4724.3,5
2010-05-20 05:00:00,4500.4,4
2010-05-20 06:00:00,5337.7,10
2010-05-20 06:00:00,5180.0,7
2010-05-20 06:00:00,4596.2,12
2010-05-20 06:00:00,5969.9,8
2010-05-20 06:00:00,5166.4,11
2010-05-20 06:00:00,5504.6,9
2010-05-20 21:00:00,4960.1,23
2010-05-20 21:00:00,4691.4,24
2010-05-20 21:00:00,5823.9,21
2010-05-20 21:00:00,6231.3,19
2010-05-20 21:00:00,5635.0,22
2010-05-20 21:00:00,6396.0,20
2010-05-20 23:00:00,5272.4,17
2010-05-20 23:00:00,4043.2,14
2010-05-20 23:00:00,4444.8,13
2010-05-20 23:00:00,5431.7,16
2010-05-20 23:00:00,,18
2010-05-20 23:00:00,5225.0,15
2010-05-27 00:00:00,4049.0,14
2010-05-27 00:00:00,5434.2,16
2010-05-27 00:00:00,4451.8,13
2010-05-27 00:00:00,,18
2010-05-27 00:00:00,5272.0,17
2010-05-27 00:00:00,5227.2,15
2010-05-27 06:00:00,4016.5,1
2010-05-27 06:00:00,5164.0,2
2010-05-27 06:00:00,4499.9,4
2010-05-27 06:00:00,5238.3,6
2010-05-27 06:00:00,4598.8,3
2010-05-27 06:00:00,4718.5,5
2010-05-27 07:00:00,5504.8,9
2010-05-27 07:00:00,4595.3,12
2010-05-27 07:00:00,5183.2,7
2010-05-27 07:00:00,5342.0,10
2010-05-27 07:00:00,5988.0,8
2010-05-27 07:00:00,5167.4,11
2010-05-27 22:00:00,6395.7,20
2010-05-27 22:00:00,5615.3,22
2010-05-27 22:00:00,6230.7,19
2010-05-27 22:00:00,4956.6,23
2010-05-27 22:00:00,4686.0,24
2010-05-27 22:00:00,5824.5,21
2010-06-02 01:00:00,5235.7,15
2010-06-02 01:00:00,5272.7,17
2010-06-02 01:00:00,4492.8,13
2010-06-02 01:00:00,4080.5,14
2010-06-02 01:00:00,,18
2010-06-02 01:00:00,5442.7,16
2010-06-02 07:00:00,4019.4,1
2010-06-02 07:00:00,4606.7,3
2010-06-02 07:00:00,5250.6,6
2010-06-02 07:00:00,4508.0,4
2010-06-02 07:00:00,5172.9,2
2010-06-02 07:00:00,4734.4,5
2010-06-02 08:00:00,5352.0,10
2010-06-02 08:00:00,5198.1,7
2010-06-02 08:00:00,6004.1,8
2010-06-02 08:00:00,5512.1,9
2010-06-02 08:00:00,4601.5,12
2010-06-02 08:00:00,5173.2,11
2010-06-02 23:00:00,5637.2,22
2010-06-02 23:00:00,5826.1,21
2010-06-02 23:00:00,6397.5,20
2010-06-02 23:00:00,4692.1,24
2010-06-02 23:00:00,6233.1,19
2010-06-02 23:00:00,4957.7,23
2010-06-08 00:00:00,5638.4,22
2010-06-08 00:00:00,5827.1,21
2010-06-08 00:00:00,4958.4,23
2010-06-08 00:00:00,4684.3,24
2010-06-08 00:00:00,6232.9,19
2010-06-08 00:00:00,6397.8,20
2010-06-08 02:00:00,4058.2,14
2010-06-08 02:00:00,5241.3,15
2010-06-08 02:00:00,4496.4,13
2010-06-08 02:00:00,,18
2010-06-08 02:00:00,5446.6,16
2010-06-08 02:00:00,5272.4,17
2010-06-08 08:00:00,4509.9,4
2010-06-08 08:00:00,5233.0,6
2010-06-08 08:00:00,4608.9,3
2010-06-08 08:00:00,4730.4,5
2010-06-08 08:00:00,4018.6,1
2010-06-08 08:00:00,5172.2,2
2010-06-08 09:00:00,5998.9,8
2010-06-08 09:00:00,5172.5,11
2010-06-08 09:00:00,5197.2,7
2010-06-08 09:00:00,5512.1,9
2010-06-08 09:00:00,4601.0,12
2010-06-08 09:00:00,5349.8,10
2010-06-18 01:00:00,6226.3,19
2010-06-18 01:00:00,5640.0,22
2010-06-18 01:00:00,4693.4,24
2010-06-18 01:00:00,4958.4,23
2010-06-18 01:00:00,5828.1,21
2010-06-18 01:00:00,6393.4,20
2010-06-18 03:00:00,,18
2010-06-18 03:00:00,4489.7,13
2010-06-18 03:00:00,5443.4,16
2010-06-18 03:00:00,4079.8,14
2010-06-18 03:00:00,5238.0,15
2010-06-18 03:00:00,5271.7,17
2010-06-18 09:00:00,4014.6,1
2010-06-18 09:00:00,4709.9,5
2010-06-18 09:00:00,4605.5,3
2010-06-18 09:00:00,5159.2,2
2010-06-18 09:00:00,5245.4,6
2010-06-18 09:00:00,4502.8,4
2010-06-18 10:00:00,5505.6,9
2010-06-18 10:00:00,5191.7,7
2010-06-18 10:00:00,5166.7,11
2010-06-18 10:00:00,5989.3,8
2010-06-18 10:00:00,4598.3,12
2010-06-18 10:00:00,5341.7,10
2010-06-24 02:00:00,6220.9,19
2010-06-24 02:00:00,4695.9,24
2010-06-24 02:00:00,6391.7,20
2010-06-24 02:00:00,5828.6,21
2010-06-24 02:00:00,5640.6,22
2010-06-24 02:00:00,4959.6,23
2010-06-24 04:00:00,5234.2,15
2010-06-24 04:00:00,4432.3,13
2010-06-24 04:00:00,4017.6,14
2010-06-24 04:00:00,5272.0,17
2010-06-24 04:00:00,5440.3,16
2010-06-24 04:00:00,,18
2010-06-24 10:00:00,4610.5,3
2010-06-24 10:00:00,5252.9,6
2010-06-24 10:00:00,5169.9,2
2010-06-24 10:00:00,4717.2,5
2010-06-24 10:00:00,4017.1,1
2010-06-24 10:00:00,4509.2,4
2010-06-24 11:00:00,4600.4,12
2010-06-24 11:00:00,5169.9,11
2010-06-24 11:00:00,5966.9,8
2010-06-24 11:00:00,5340.8,10
2010-06-24 11:00:00,5506.9,9
2010-06-24 11:00:00,5168.2,7
2010-07-08 03:00:00,4962.1,23
2010-07-08 03:00:00,6395.0,20
2010-07-08 03:00:00,5642.3,22
2010-07-08 03:00:00,5831.3,21
2010-07-08 03:00:00,6225.4,19
2010-07-08 03:00:00,4690.6,24
2010-07-08 05:00:00,5235.6,15
2010-07-08 05:00:00,5440.4,16
2010-07-08 05:00:00,,18
2010-07-08 05:00:00,4442.7,13
2010-07-08 05:00:00,5271.8,17
2010-07-08 05:00:00,4032.4,14
2010-07-08 11:00:00,5162.2,2
2010-07-08 11:00:00,4505.5,4
2010-07-08 11:00:00,4719.9,5
2010-07-08 11:00:00,5249.1,6
2010-07-08 11:00:00,4015.9,1
2010-07-08 11:00:00,4610.8,3
2010-07-08 12:00:00,5184.6,7
2010-07-08 12:00:00,5505.1,9
2010-07-08 12:00:00,5344.4,10
2010-07-08 12:00:00,4599.0,12
2010-07-08 12:00:00,5176.2,11
2010-07-08 12:00:00,5990.5,8
2010-07-13 04:00:00,5833.8,21
2010-07-13 04:00:00,6219.8,19
2010-07-13 04:00:00,4962.6,23
2010-07-13 04:00:00,4691.6,24
2010-07-13 04:00:00,5642.7,22
2010-07-13 04:00:00,6391.4,20
2010-07-13 06:00:00,5444.7,16
2010-07-13 06:00:00,5239.3,15
2010-07-13 06:00:00,5272.3,17
2010-07-13 06:00:00,4005.7,14
2010-07-13 06:00:00,4419.9,13
2010-07-13 06:00:00,,18
2010-07-13 12:00:00,4738.0,5
2010-07-13 12:00:00,5182.6,2
2010-07-13 12:00:00,4516.4,4
2010-07-13 12:00:00,4618.7,3
2010-07-13 12:00:00,4021.7,1
2010-07-13 12:00:00,5258.5,6
2010-07-13 13:00:00,5182.9,11
2010-07-13 13:00:00,5516.1,9
2010-07-13 13:00:00,5350.5,10
2010-07-13 13:00:00,4604.9,12
2010-07-13 13:00:00,5167.3,7
2010-07-13 13:00:00,5967.8,8
2010-07-20 05:00:00,4964.2,23
2010-07-20 05:00:00,5643.0,22
2010-07-20 05:00:00,4692.5,24
2010-07-20 05:00:00,6384.8,20
2010-07-20 05:00:00,6209.2,19
2010-07-20 05:00:00,5835.7,21
2010-07-20 07:00:00,4363.6,13
2010-07-20 07:00:00,3953.8,14
2010-07-20 07:00:00,,18
2010-07-20 07:00:00,5233.8,15
2010-07-20 07:00:00,5272.8,17
2010-07-20 07:00:00,5440.6,16
2010-07-20 13:00:00,5182.8,2
2010-07-20 13:00:00,4521.4,4
2010-07-20 13:00:00,5266.2,6
2010-07-20 13:00:00,4733.6,5
2010-07-20 13:00:00,4621.7,3
2010-07-20 13:00:00,4020.8,1
2010-07-20 14:00:00,5346.7,10
2010-07-20 14:00:00,5121.9,7
2010-07-20 14:00:00,5183.8,11
2010-07-20 14:00:00,5941.0,8
2010-07-20 14:00:00,5510.8,9
2010-07-20 14:00:00,4606.3,12
2010-07-30 06:00:00,4692.6,24
2010-07-30 06:00:00,6201.9,19
2010-07-30 06:00:00,5836.6,21
2010-07-30 06:00:00,6379.3,20
2010-07-30 06:00:00,4964.2,23
2010-07-30 06:00:00,5642.7,22
2010-07-30 08:00:00,,18
2010-07-30 08:00:00,5272.0,17
2010-07-30 08:00:00,5226.3,15
2010-07-30 08:00:00,5432.3,16
2010-07-30 08:00:00,4337.5,13
2010-07-30 08:00:00,3932.5,14
2010-07-30 14:00:00,4613.2,3
2010-07-30 14:00:00,4012.4,1
2010-07-30 14:00:00,5177.6,2
2010-07-30 14:00:00,4513.2,4
2010-07-30 14:00:00,5255.3,6
2010-07-30 14:00:00,4708.7,5
2010-07-30 15:00:00,5936.4,8
2010-07-30 15:00:00,5111.4,7
2010-07-30 15:00:00,4601.8,12
2010-07-30 15:00:00,5337.9,10
2010-07-30 15:00:00,5497.2,9
2010-07-30 15:00:00,5178.1,11
2010-08-12 07:00:00,6379.1,20
2010-08-12 07:00:00,4966.8,23
2010-08-12 07:00:00,6200.4,19
2010-08-12 07:00:00,5646.3,22
2010-08-12 07:00:00,4694.2,24
2010-08-12 07:00:00,5843.9,21
2010-08-12 09:00:00,4024.6,14
2010-08-12 09:00:00,,18
2010-08-12 09:00:00,5435.9,16
2010-08-12 09:00:00,5230.6,15
2010-08-12 09:00:00,4336.5,13
2010-08-12 09:00:00,5272.2,17
2010-08-12 15:00:00,4516.8,4
2010-08-12 15:00:00,5255.9,6
2010-08-12 15:00:00,4705.1,5
2010-08-12 15:00:00,4018.7,1
2010-08-12 15:00:00,5178.4,2
2010-08-12 15:00:00,4613.0,3
2010-08-12 16:00:00,5338.7,10
2010-08-12 16:00:00,5497.0,9
2010-08-12 16:00:00,5110.2,7
2010-08-12 16:00:00,4603.2,12
2010-08-12 16:00:00,5181.1,11
2010-08-12 16:00:00,5939.5,8
2010-08-19 08:00:00,6378.0,20
2010-08-19 08:00:00,5844.2,21
2010-08-19 08:00:00,4966.5,23
2010-08-19 08:00:00,6203.7,19
2010-08-19 08:00:00,5647.0,22
2010-08-19 08:00:00,4694.4,24
2010-08-19 10:00:00,5445.1,16
2010-08-19 10:00:00,4408.5,13
2010-08-19 10:00:00,,18
2010-08-19 10:00:00,5273.6,17
2010-08-19 10:00:00,4001.8,14
2010-08-19 10:00:00,5242.8,15
2010-08-19 16:00:00,4606.0,3
2010-08-19 16:00:00,5254.0,6
2010-08-19 16:00:00,4013.6,1
2010-08-19 16:00:00,4703.0,5
2010-08-19 16:00:00,4515.2,4
2010-08-19 16:00:00,5163.2,2
2010-08-19 17:00:00,5185.6,11
2010-08-19 17:00:00,5350.3,10
2010-08-19 17:00:00,5147.6,7
2010-08-19 17:00:00,5505.4,9
2010-08-19 17:00:00,4605.8,12
2010-08-19 17:00:00,5978.3,8
2010-08-23 09:00:00,6205.1,19
2010-08-23 09:00:00,5646.5,22
2010-08-23 09:00:00,5845.8,21
2010-08-23 09:00:00,4694.6,24
2010-08-23 09:00:00,6382.0,20
2010-08-23 09:00:00,4966.6,23
2010-08-23 11:00:00,5273.0,17
2010-08-23 11:00:00,4000.4,14
2010-08-23 11:00:00,5242.9,15
2010-08-23 11:00:00,,18
2010-08-23 11:00:00,4408.1,13
2010-08-23 11:00:00,5445.2,16
2010-08-23 17:00:00,4015.3,1
2010-08-23 17:00:00,4609.5,3
2010-08-23 17:00:00,5252.0,6
2010-08-23 17:00:00,5165.1,2
2010-08-23 17:00:00,4702.6,5
2010-08-23 17:00:00,4511.3,4
2010-08-23 18:00:00,5184.2,11
2010-08-23 18:00:00,5146.7,7
2010-08-23 18:00:00,5345.3,10
2010-08-23 18:00:00,5975.3,8
2010-08-23 18:00:00,5502.9,9
2010-08-23 18:00:00,4603.9,12
2010-08-31 10:00:00,4694.6,24
2010-08-31 10:00:00,6206.1,19
2010-08-31 10:00:00,6382.5,20
2010-08-31 10:00:00,4966.0,23
2010-08-31 10:00:00,5845.7,21
2010-08-31 10:00:00,5646.1,22
2010-08-31 12:00:00,5445.6,16
2010-08-31 12:00:00,4014.8,14
2010-08-31 12:00:00,5243.6,15
2010-08-31 12:00:00,,18
2010-08-31 12:00:00,4422.3,13
2010-08-31 12:00:00,5272.9,17
2010-08-31 18:00:00,4506.7,4
2010-08-31 18:00:00,4696.7,5
2010-08-31 18:00:00,5162.5,2
2010-08-31 18:00:00,4606.9,3
2010-08-31 18:00:00,4014.5,1
2010-08-31 18:00:00,5243.8,6
2010-08-31 19:00:00,5983.2,8
2010-08-31 19:00:00,4603.3,12
2010-08-31 19:00:00,5501.6,9
2010-08-31 19:00:00,5183.3,11
2010-08-31 19:00:00,5345.2,10
2010-08-31 19:00:00,5157.1,7
2010-09-10 11:00:00,6200.8,19
2010-09-10 11:00:00,5646.5,22
2010-09-10 11:00:00,4695.2,24
2010-09-10 11:00:00,5846.2,21
2010-09-10 11:00:00,6379.0,20
2010-09-10 11:00:00,4966.8,23
2010-09-10 13:00:00,4146.8,14
2010-09-10 13:00:00,5441.2,16
2010-09-10 13:00:00,4321.8,13
2010-09-10 13:00:00,5272.5,17
2010-09-10 13:00:00,5238.5,15
2010-09-10 13:00:00,,18
2010-09-10 19:00:00,4608.2,3
2010-09-10 19:00:00,5248.9,6
2010-09-10 19:00:00,4507.7,4
2010-09-10 19:00:00,4015.9,1
2010-09-10 19:00:00,4707.8,5
2010-09-10 19:00:00,5164.5,2
2010-09-10 20:00:00,5506.6,9
2010-09-10 20:00:00,5183.9,11
2010-09-10 20:00:00,5337.5,10
2010-09-10 20:00:00,4603.9,12
2010-09-10 20:00:00,5946.3,8
2010-09-10 20:00:00,5108.4,7
2010-09-16 12:00:00,4695.6,24
2010-09-16 12:00:00,6381.9,20
2010-09-16 12:00:00,4967.0,23
2010-09-16 12:00:00,6204.8,19
2010-09-16 12:00:00,5646.8,22
2010-09-16 12:00:00,5846.6,21
2010-09-16 14:00:00,5443.1,16
2010-09-16 14:00:00,4360.3,13
2010-09-16 14:00:00,,18
2010-09-16 14:00:00,3957.6,14
2010-09-16 14:00:00,5241.6,15
2010-09-16 14:00:00,5272.5,17
2010-09-16 20:00:00,4705.3,5
2010-09-16 20:00:00,4510.1,4
2010-09-16 20:00:00,4610.2,3
2010-09-16 20:00:00,4017.5,1
2010-09-16 20:00:00,5171.2,2
2010-09-16 20:00:00,5248.2,6
2010-09-16 21:00:00,5952.8,8
2010-09-16 21:00:00,5120.5,7
2010-09-16 21:00:00,5503.4,9
2010-09-16 21:00:00,5341.0,10
2010-09-16 21:00:00,5186.0,11
2010-09-16 21:00:00,4604.9,12
2010-09-22 13:00:00,4966.6,23
2010-09-22 13:00:00,6381.3,20
2010-09-22 13:00:00,5846.4,21
2010-09-22 13:00:00,6203.1,19
2010-09-22 13:00:00,5646.2,22
2010-09-22 13:00:00,4695.2,24
2010-09-22 15:00:00,,18
2010-09-22 15:00:00,4319.0,13
2010-09-22 15:00:00,5441.6,16
2010-09-22 15:00:00,5239.9,15
2010-09-22 15:00:00,3920.5,14
2010-09-22 15:00:00,5272.4,17
2010-09-22 21:00:00,4504.5,4
2010-09-22 21:00:00,5159.5,2
2010-09-22 21:00:00,4605.8,3
2010-09-22 21:00:00,4703.5,5
2010-09-22 21:00:00,5247.3,6
2010-09-22 21:00:00,4014.6,1
2010-09-22 22:00:00,4602.8,12
2010-09-22 22:00:00,5333.3,10
2010-09-22 22:00:00,5100.1,7
2010-09-22 22:00:00,5499.9,9
2010-09-22 22:00:00,5183.6,11
2010-09-22 22:00:00,5931.6,8
2010-09-28 14:00:00,6377.3,20
2010-09-28 14:00:00,5846.1,21
2010-09-28 14:00:00,4966.4,23
2010-09-28 14:00:00,4695.1,24
2010-09-28 14:00:00,6197.2,19
2010-09-28 14:00:00,5645.9,22
2010-09-28 16:00:00,5437.2,16
2010-09-28 16:00:00,,18
2010-09-28 16:00:00,5272.1,17
2010-09-28 16:00:00,3966.6,14
2010-09-28 16:00:00,5233.5,15
2010-09-28 16:00:00,4359.9,13
2010-09-28 22:00:00,4014.4,1
2010-09-28 22:00:00,5245.9,6
2010-09-28 22:00:00,4703.4,5
2010-09-28 22:00:00,4605.2,3
2010-09-28 22:00:00,5159.1,2
2010-09-28 22:00:00,4503.5,4
2010-09-28 23:00:00,4602.9,12
2010-09-28 23:00:00,5922.4,8
2010-09-28 23:00:00,5051.0,7
2010-09-28 23:00:00,5330.5,10
2010-09-28 23:00:00,5183.6,11
2010-09-28 23:00:00,5495.6,9
2010-10-06 00:00:00,4603.7,12
2010-10-06 00:00:00,5508.5,9
2010-10-06 00:00:00,5342.4,10
2010-10-06 00:00:00,5184.8,11
2010-10-06 00:00:00,5099.6,7
2010-10-06 00:00:00,5996.2,8
2010-10-06 15:00:00,5646.2,22
2010-10-06 15:00:00,5846.4,21
2010-10-06 15:00:00,4695.2,24
2010-10-06 15:00:00,6206.4,19
2010-10-06 15:00:00,6383.6,20
2010-10-06 15:00:00,4967.0,23
2010-10-06 17:00:00,,18
2010-10-06 17:00:00,5272.5,17
2010-10-06 17:00:00,5240.7,15
2010-10-06 17:00:00,5441.5,16
2010-10-06 17:00:00,3983.6,14
2010-10-06 17:00:00,4380.3,13
2010-10-06 23:00:00,5239.2,6
2010-10-06 23:00:00,4015.1,1
2010-10-06 23:00:00,4606.2,3
2010-10-06 23:00:00,5164.1,2
2010-10-06 23:00:00,4504.9,4
2010-10-06 23:00:00,4692.6,5
2010-10-21 00:00:00,5245.2,6
2010-10-21 00:00:00,4606.1,3
2010-10-21 00:00:00,5159.5,2
2010-10-21 00:00:00,4502.6,4
2010-10-21 00:00:00,4015.2,1
2010-10-21 00:00:00,4712.7,5
2010-10-21 01:00:00,5187.1,11
2010-10-21 01:00:00,5139.9,7
2010-10-21 01:00:00,5512.1,9
2010-10-21 01:00:00,5981.7,8
2010-10-21 01:00:00,5348.9,10
2010-10-21 01:00:00,4604.1,12
2010-10-21 16:00:00,5646.0,22
2010-10-21 16:00:00,6387.1,20
2010-10-21 16:00:00,6211.3,19
2010-10-21 16:00:00,5846.2,21
2010-10-21 16:00:00,4695.1,24
2010-10-21 16:00:00,4966.6,23
2010-10-21 18:00:00,,18
2010-10-21 18:00:00,5447.5,16
2010-10-21 18:00:00,5251.9,15
2010-10-21 18:00:00,4420.2,13
2010-10-21 18:00:00,5274.9,17
2010-10-21 18:00:00,4009.4,14
2010-10-28 01:00:00,4501.8,4
2010-10-28 01:00:00,5244.3,6
2010-10-28 01:00:00,4712.8,5
2010-10-28 01:00:00,4015.8,1
2010-10-28 01:00:00,4605.9,3
2010-10-28 01:00:00,5160.1,2
2010-10-28 02:00:00,5513.0,9
2010-10-28 02:00:00,5187.1,11
2010-10-28 02:00:00,5347.8,10
2010-10-28 02:00:00,4603.9,12
2010-10-28 02:00:00,5142.1,7
2010-10-28 02:00:00,5984.5,8
2010-10-28 17:00:00,6212.6,19
2010-10-28 17:00:00,6388.0,20
2010-10-28 17:00:00,5846.1,21
2010-10-28 17:00:00,4966.6,23
2010-10-28 17:00:00,5646.0,22
2010-10-28 17:00:00,4695.2,24
2010-10-28 19:00:00,4420.7,13
2010-10-28 19:00:00,,18
2010-10-28 19:00:00,5253.9,15
2010-10-28 19:00:00,5275.4,17
2010-10-28 19:00:00,4010.3,14
2010-10-28 19:00:00,5448.8,16
2010-11-05 02:00:00,4495.1,4
2010-11-05 02:00:00,4012.7,1
2010-11-05 02:00:00,4709.2,5
2010-11-05 02:00:00,4601.8,3
2010-11-05 02:00:00,5240.7,6
2010-11-05 02:00:00,5147.4,2
2010-11-05 03:00:00,5984.1,8
2010-11-05 03:00:00,5185.2,11
2010-11-05 03:00:00,5143.0,7
2010-11-05 03:00:00,5345.3,10
2010-11-05 03:00:00,5511.3,9
2010-11-05 03:00:00,4602.7,12
2010-11-05 18:00:00,6214.0,19
2010-11-05 18:00:00,4694.7,24
2010-11-05 18:00:00,6389.3,20
2010-11-05 18:00:00,4966.0,23
2010-11-05 18:00:00,5845.8,21
2010-11-05 18:00:00,5645.3,22
2010-11-05 20:00:00,,18
2010-11-05 20:00:00,4010.5,14
2010-11-05 20:00:00,5448.0,16
2010-11-05 20:00:00,5253.8,15
2010-11-05 20:00:00,5275.0,17
2010-11-05 20:00:00,4420.4,13
2010-11-12 03:00:00,4605.7,3
2010-11-12 03:00:00,5161.2,2
2010-11-12 03:00:00,4015.8,1
2010-11-12 03:00:00,4709.9,5
2010-11-12 03:00:00,4507.4,4
2010-11-12 03:00:00,5244.4,6
2010-11-12 04:00:00,5348.8,10
2010-11-12 04:00:00,5983.9,8
2010-11-12 04:00:00,5142.4,7
2010-11-12 04:00:00,4604.3,12
2010-11-12 04:00:00,5187.7,11
2010-11-12 04:00:00,5516.1,9
2010-11-12 19:00:00,4966.5,23
2010-11-12 19:00:00,6390.7,20
2010-11-12 19:00:00,5846.0,21
2010-11-12 19:00:00,6215.6,19
2010-11-12 19:00:00,5645.8,22
2010-11-12 19:00:00,4695.0,24
2010-11-12 21:00:00,5450.9,16
2010-11-12 21:00:00,,18
2010-11-12 21:00:00,5275.7,17
2010-11-12 21:00:00,5256.0,15
2010-11-12 21:00:00,4422.2,13
2010-11-12 21:00:00,4011.5,14
2010-11-19 04:00:00,5237.0,6
2010-11-19 04:00:00,5153.5,2
2010-11-19 04:00:00,4014.4,1
2010-11-19 04:00:00,4706.6,5
2010-11-19 04:00:00,4603.1,3
2010-11-19 04:00:00,4496.1,4
2010-11-19 05:00:00,5345.0,10
2010-11-19 05:00:00,5139.8,7
2010-11-19 05:00:00,5978.5,8
2010-11-19 05:00:00,5513.0,9
2010-11-19 05:00:00,4603.2,12
2010-11-19 05:00:00,5186.4,11
2010-11-19 20:00:00,5848.2,21
2010-11-19 20:00:00,5645.1,22
2010-11-19 20:00:00,4965.7,23
2010-11-19 20:00:00,6215.0,19
2010-11-19 20:00:00,4694.7,24
2010-11-19 20:00:00,6390.2,20
2010-11-19 22:00:00,5253.9,15
2010-11-19 22:00:00,5275.5,17
2010-11-19 22:00:00,4010.6,14
2010-11-19 22:00:00,5449.0,16
2010-11-19 22:00:00,4410.5,13
2010-11-19 22:00:00,,18
2010-11-26 05:00:00,5231.9,6
2010-11-26 05:00:00,5149.4,2
2010-11-26 05:00:00,4012.5,1
2010-11-26 05:00:00,4492.8,4
2010-11-26 05:00:00,4700.0,5
2010-11-26 05:00:00,4600.1,3
2010-11-26 06:00:00,5185.1,11
2010-11-26 06:00:00,5509.8,9
2010-11-26 06:00:00,5977.7,8
2010-11-26 06:00:00,5139.5,7
2010-11-26 06:00:00,5343.5,10
2010-11-26 06:00:00,4602.1,12
2010-11-26 21:00:00,5844.3,21
2010-11-26 21:00:00,4694.1,24
2010-11-26 21:00:00,4965.0,23
2010-11-26 21:00:00,5643.7,22
2010-11-26 21:00:00,6390.0,20
2010-11-26 21:00:00,6215.2,19
2010-11-26 23:00:00,4009.7,14
2010-11-26 23:00:00,5252.4,15
2010-11-26 23:00:00,5275.0,17
2010-11-26 23:00:00,5446.2,16
2010-11-26 23:00:00,,18
2010-11-26 23:00:00,4407.3,13
2010-12-03 00:00:00,5445.5,16
2010-12-03 00:00:00,5274.8,17
2010-12-03 00:00:00,5251.3,15
2010-12-03 00:00:00,4406.5,13
2010-12-03 00:00:00,,18
2010-12-03 00:00:00,4069.0,14
2010-12-03 06:00:00,4691.6,5
2010-12-03 06:00:00,5141.0,2
2010-12-03 06:00:00,5225.6,6
2010-12-03 06:00:00,4597.2,3
2010-12-03 06:00:00,4011.1,1
2010-12-03 06:00:00,4487.9,4
2010-12-03 07:00:00,5979.3,8
2010-12-03 07:00:00,4601.1,12
2010-12-03 07:00:00,5342.3,10
2010-12-03 07:00:00,5508.3,9
2010-12-03 07:00:00,5184.0,11
2010-12-03 07:00:00,5140.0,7
2010-12-03 22:00:00,5643.3,22
2010-12-03 22:00:00,6215.7,19
2010-12-03 22:00:00,4691.8,24
2010-12-03 22:00:00,4964.5,23
2010-12-03 22:00:00,6389.8,20
2010-12-03 22:00:00,5843.9,21
2010-12-09 01:00:00,,18
2010-12-09 01:00:00,4404.6,13
2010-12-09 01:00:00,5275.0,17
2010-12-09 01:00:00,4009.0,14
2010-12-09 01:00:00,5445.1,16
2010-12-09 01:00:00,5240.8,15
2010-12-09 07:00:00,5132.6,2
2010-12-09 07:00:00,4482.1,4
2010-12-09 07:00:00,4594.8,3
2010-12-09 07:00:00,4692.5,5
2010-12-09 07:00:00,5217.5,6
2010-12-09 07:00:00,4009.6,1
2010-12-09 08:00:00,5508.6,9
2010-12-09 08:00:00,4603.4,12
2010-12-09 08:00:00,5343.0,10
2010-12-09 08:00:00,5984.2,8
2010-12-09 08:00:00,5184.2,11
2010-12-09 08:00:00,5142.0,7
2010-12-09 23:00:00,5842.8,21
2010-12-09 23:00:00,6219.0,19
2010-12-09 23:00:00,5642.5,22
2010-12-09 23:00:00,4964.2,23
2010-12-09 23:00:00,6392.2,20
2010-12-09 23:00:00,4694.7,24
2010-12-13 00:00:00,4966.4,23
2010-12-13 00:00:00,6397.7,20
2010-12-13 00:00:00,6227.9,19
2010-12-13 00:00:00,4695.0,24
2010-12-13 00:00:00,5844.3,21
2010-12-13 00:00:00,5644.4,22
2010-12-13 02:00:00,5254.2,15
2010-12-13 02:00:00,5448.4,16
2010-12-13 02:00:00,4448.8,13
2010-12-13 02:00:00,,18
2010-12-13 02:00:00,4028.6,14
2010-12-13 02:00:00,5275.4,17
2010-12-13 08:00:00,4603.2,3
2010-12-13 08:00:00,4491.3,4
2010-12-13 08:00:00,5153.1,2
2010-12-13 08:00:00,5229.1,6
2010-12-13 08:00:00,4016.2,1
2010-12-13 08:00:00,4717.1,5
2010-12-13 09:00:00,4602.6,12
2010-12-13 09:00:00,5179.5,7
2010-12-13 09:00:00,5195.8,11
2010-12-13 09:00:00,5349.4,10
2010-12-13 09:00:00,6007.7,8
2010-12-13 09:00:00,5514.4,9
2010-12-22 01:00:00,4967.6,23
2010-12-22 01:00:00,4693.7,24
2010-12-22 01:00:00,5842.3,21
2010-12-22 01:00:00,5641.3,22
2010-12-22 01:00:00,6394.2,20
2010-12-22 01:00:00,6224.8,19
2010-12-22 03:00:00,5274.8,17
2010-12-22 03:00:00,4029.8,14
2010-12-22 03:00:00,4439.6,13
2010-12-22 03:00:00,5254.4,15
2010-12-22 03:00:00,5447.5,16
2010-12-22 03:00:00,,18
2010-12-22 09:00:00,4010.1,1
2010-12-22 09:00:00,4692.6,5
2010-12-22 09:00:00,5221.5,6
2010-12-22 09:00:00,4480.3,4
2010-12-22 09:00:00,4596.1,3
2010-12-22 09:00:00,5132.4,2
2010-12-22 10:00:00,5995.4,8
2010-12-22 10:00:00,4601.5,12
2010-12-22 10:00:00,5176.2,7
2010-12-22 10:00:00,5347.3,10
2010-12-22 10:00:00,5184.5,11
2010-12-22 10:00:00,5513.7,9
2010-12-29 02:00:00,4965.5,23
2010-12-29 02:00:00,6395.6,20
2010-12-29 02:00:00,6227.2,19
2010-12-29 02:00:00,5641.0,22
2010-12-29 02:00:00,5842.1,21
2010-12-29 02:00:00,4693.9,24
2010-12-29 04:00:00,5253.2,15
2010-12-29 04:00:00,4028.5,14
2010-12-29 04:00:00,5275.0,17
2010-12-29 04:00:00,5446.0,16
2010-12-29 04:00:00,,18
2010-12-29 04:00:00,4434.0,13
2010-12-29 10:00:00,4698.2,5
2010-12-29 10:00:00,5216.6,6
2010-12-29 10:00:00,4480.0,4
2010-12-29 10:00:00,4012.0,1
2010-12-29 10:00:00,4597.3,3
2010-12-29 10:00:00,5137.3,2
2010-12-29 11:00:00,4601.0,12
2010-12-29 11:00:00,5176.7,7
2010-12-29 11:00:00,5512.6,9
2010-12-29 11:00:00,5345.9,10
2010-12-29 11:00:00,5184.0,11
2010-12-29 11:00:00,5997.8,8
2011-01-25 03:00:00,6232.9,19
2011-01-25 03:00:00,4963.2,23
2011-01-25 03:00:00,4692.5,24
2011-01-25 03:00:00,6396.3,20
2011-01-25 03:00:00,5637.7,22
2011-01-25 03:00:00,5838.5,21
2011-01-25 05:00:00,5274.6,17
2011-01-25 05:00:00,4444.2,13
2011-01-25 05:00:00,,18
2011-01-25 05:00:00,5252.6,15
2011-01-25 05:00:00,4029.3,14
2011-01-25 05:00:00,5445.0,16
2011-01-25 11:00:00,4591.8,3
2011-01-25 11:00:00,4673.5,5
2011-01-25 11:00:00,5126.3,2
2011-01-25 11:00:00,4009.2,1
2011-01-25 11:00:00,5202.2,6
2011-01-25 11:00:00,4469.6,4
2011-01-25 12:00:00,5182.2,11
2011-01-25 12:00:00,5345.0,10
2011-01-25 12:00:00,6006.0,8
2011-01-25 12:00:00,5195.7,7
2011-01-25 12:00:00,5509.8,9
2011-01-25 12:00:00,4599.6,12
2011-02-03 04:00:00,5636.5,22
2011-02-03 04:00:00,5837.3,21
2011-02-03 04:00:00,6235.6,19
2011-02-03 04:00:00,4692.1,24
2011-02-03 04:00:00,4962.6,23
2011-02-03 04:00:00,6397.5,20
2011-02-03 06:00:00,5445.3,16
2011-02-03 06:00:00,4326.3,13
2011-02-03 06:00:00,,18
2011-02-03 06:00:00,5274.4,17
2011-02-03 06:00:00,5253.1,15
2011-02-03 06:00:00,4029.5,14
2011-02-03 12:00:00,4009.7,1
2011-02-03 12:00:00,4467.0,4
2011-02-03 12:00:00,4591.5,3
2011-02-03 12:00:00,5126.6,2
2011-02-03 12:00:00,4679.0,5
2011-02-03 12:00:00,5201.5,6
2011-02-03 13:00:00,5346.0,10
2011-02-03 13:00:00,5182.5,11
2011-02-03 13:00:00,4599.8,12
2011-02-03 13:00:00,5510.7,9
2011-02-03 13:00:00,6006.5,8
2011-02-03 13:00:00,5195.4,7
2011-02-10 05:00:00,5635.3,22
2011-02-10 05:00:00,5836.7,21
2011-02-10 05:00:00,4691.8,24
2011-02-10 05:00:00,4962.1,23
2011-02-10 05:00:00,6237.4,19
2011-02-10 05:00:00,6397.3,20
2011-02-10 07:00:00,5253.7,15
2011-02-10 07:00:00,5446.3,16
2011-02-10 07:00:00,4457.9,13
2011-02-10 07:00:00,,18
2011-02-10 07:00:00,5274.2,17
2011-02-10 07:00:00,4033.1,14
2011-02-10 13:00:00,5124.7,2
2011-02-10 13:00:00,4593.2,3
2011-02-10 13:00:00,5203.8,6
2011-02-10 13:00:00,4009.6,1
2011-02-10 13:00:00,4467.0,4
2011-02-10 13:00:00,4689.8,5
2011-02-10 14:00:00,5511.2,9
2011-02-10 14:00:00,5203.1,7
2011-02-10 14:00:00,4600.0,12
2011-02-10 14:00:00,5346.4,10
2011-02-10 14:00:00,6010.2,8
2011-02-10 14:00:00,5182.5,11
2011-02-15 06:00:00,6395.4,20
2011-02-15 06:00:00,6234.4,19
2011-02-15 06:00:00,4691.9,24
2011-02-15 06:00:00,5634.8,22
2011-02-15 06:00:00,4961.7,23
2011-02-15 06:00:00,5836.3,21
2011-02-15 08:00:00,4422.7,13
2011-02-15 08:00:00,5253.0,15
2011-02-15 08:00:00,4029.8,14
2011-02-15 08:00:00,,18
2011-02-15 08:00:00,5446.5,16
2011-02-15 08:00:00,5274.9,17
2011-02-15 14:00:00,4596.1,3
2011-02-15 14:00:00,5201.4,6
2011-02-15 14:00:00,5125.7,2
2011-02-15 14:00:00,4470.2,4
2011-02-15 14:00:00,4009.7,1
2011-02-15 14:00:00,4675.7,5
2011-02-15 15:00:00,5343.6,10
2011-02-15 15:00:00,5182.9,11
2011-02-15 15:00:00,5512.1,9
2011-02-15 15:00:00,5193.7,7
2011-02-15 15:00:00,4600.3,12
2011-02-15 15:00:00,5994.0,8
2011-02-24 07:00:00,4691.9,24
2011-02-24 07:00:00,6395.0,20
2011-02-24 07:00:00,5835.8,21
2011-02-24 07:00:00,5633.9,22
2011-02-24 07:00:00,4961.4,23
2011-02-24 07:00:00,6233.9,19
2011-02-24 09:00:00,,18
2011-02-24 09:00:00,4028.0,14
2011-02-24 09:00:00,5252.4,15
2011-02-24 09:00:00,5274.5,17
2011-02-24 09:00:00,4419.5,13
2011-02-24 09:00:00,5445.0,16
2011-02-24 15:00:00,5127.9,2
2011-02-24 15:00:00,4684.5,5
2011-02-24 15:00:00,4470.7,4
2011-02-24 15:00:00,4018.0,1
2011-02-24 15:00:00,5201.7,6
2011-02-24 15:00:00,4596.8,3
2011-02-24 16:00:00,5182.6,11
2011-02-24 16:00:00,5341.7,10
2011-02-24 16:00:00,5192.3,7
2011-02-24 16:00:00,5992.0,8
2011-02-24 16:00:00,4599.9,12
2011-02-24 16:00:00,5112.3,9
2011-03-04 08:00:00,5836.8,21
2011-03-04 08:00:00,6237.8,19
2011-03-04 08:00:00,5634.5,22
2011-03-04 08:00:00,4692.6,24
2011-03-04 08:00:00,6398.2,20
2011-03-04 08:00:00,4962.8,23
2011-03-04 10:00:00,4440.8,13
2011-03-04 10:00:00,,18
2011-03-04 10:00:00,5233.2,15
2011-03-04 10:00:00,5274.6,17
2011-03-04 10:00:00,5445.7,16
2011-03-04 10:00:00,4028.8,14
2011-03-04 16:00:00,4691.9,5
2011-03-04 16:00:00,4012.6,1
2011-03-04 16:00:00,5135.9,2
2011-03-04 16:00:00,4474.2,4
2011-03-04 16:00:00,4600.5,3
2011-03-04 16:00:00,5207.2,6
2011-03-04 17:00:00,4600.5,12
2011-03-04 17:00:00,5345.2,10
2011-03-04 17:00:00,5197.5,7
2011-03-04 17:00:00,5183.0,11
2011-03-04 17:00:00,6004.4,8
2011-03-04 17:00:00,5512.4,9
2011-03-11 09:00:00,5633.4,22
2011-03-11 09:00:00,4692.0,24
2011-03-11 09:00:00,4962.4,23
2011-03-11 09:00:00,5835.8,21
2011-03-11 09:00:00,6397.2,20
2011-03-11 09:00:00,6237.1,19
2011-03-11 11:00:00,5444.7,16
2011-03-11 11:00:00,5274.3,17
2011-03-11 11:00:00,4444.1,13
2011-03-11 11:00:00,5245.2,15
2011-03-11 11:00:00,,18
2011-03-11 11:00:00,4028.3,14
2011-03-11 17:00:00,5205.8,6
2011-03-11 17:00:00,4688.8,5
2011-03-11 17:00:00,4598.6,3
2011-03-11 17:00:00,4011.5,1
2011-03-11 17:00:00,4471.7,4
2011-03-11 17:00:00,5132.3,2
2011-03-11 18:00:00,4599.6,12
2011-03-11 18:00:00,6004.5,8
2011-03-11 18:00:00,5198.3,7
2011-03-11 18:00:00,5344.2,10
2011-03-11 18:00:00,5182.4,11
2011-03-11 18:00:00,5511.4,9
2011-03-25 10:00:00,6397.5,20
2011-03-25 10:00:00,5632.4,22
2011-03-25 10:00:00,4961.0,23
2011-03-25 10:00:00,4691.7,24
2011-03-25 10:00:00,6238.4,19
2011-03-25 10:00:00,5835.5,21
2011-03-25 12:00:00,5444.5,16
2011-03-25 12:00:00,4446.5,13
2011-03-25 12:00:00,5530.9,17
2011-03-25 12:00:00,4030.5,14
2011-03-25 12:00:00,,18
2011-03-25 12:00:00,5253.7,15
2011-03-25 18:00:00,4011.8,1
2011-03-25 18:00:00,4691.0,5
2011-03-25 18:00:00,4600.8,3
2011-03-25 18:00:00,4474.1,4
2011-03-25 18:00:00,5208.8,6
2011-03-25 18:00:00,5133.4,2
2011-03-25 19:00:00,5183.0,11
2011-03-25 19:00:00,6006.9,8
2011-03-25 19:00:00,4600.1,12
2011-03-25 19:00:00,5345.8,10
2011-03-25 19:00:00,5199.7,7
2011-03-25 19:00:00,5512.5,9
2011-03-31 11:00:00,6396.9,20
2011-03-31 11:00:00,5835.6,21
2011-03-31 11:00:00,5632.8,22
2011-03-31 11:00:00,4961.4,23
2011-03-31 11:00:00,6237.0,19
2011-03-31 11:00:00,4691.9,24
2011-03-31 13:00:00,5274.1,17
2011-03-31 13:00:00,5253.1,15
2011-03-31 13:00:00,5445.1,16
2011-03-31 13:00:00,,18
2011-03-31 13:00:00,4407.8,13
2011-03-31 13:00:00,4023.3,14
2011-03-31 19:00:00,5208.2,6
2011-03-31 19:00:00,4686.4,5
2011-03-31 19:00:00,4476.4,4
2011-03-31 19:00:00,5137.1,2
2011-03-31 19:00:00,4601.7,3
2011-03-31 19:00:00,4012.0,1
2011-03-31 20:00:00,5187.4,7
2011-03-31 20:00:00,5344.2,10
2011-03-31 20:00:00,5511.4,9
2011-03-31 20:00:00,5182.4,11
2011-03-31 20:00:00,5987.7,8
2011-03-31 20:00:00,4599.6,12
2011-04-08 12:00:00,6239.4,19
2011-04-08 12:00:00,4962.9,23
2011-04-08 12:00:00,5836.4,21
2011-04-08 12:00:00,5633.6,22
2011-04-08 12:00:00,4692.6,24
2011-04-08 12:00:00,6398.6,20
2011-04-08 14:00:00,5257.1,15
2011-04-08 14:00:00,4040.4,14
2011-04-08 14:00:00,5275.1,17
2011-04-08 14:00:00,4462.3,13
2011-04-08 14:00:00,5448.9,16
2011-04-08 14:00:00,,18
2011-04-08 20:00:00,5147.3,2
2011-04-08 20:00:00,4701.6,5
2011-04-08 20:00:00,4609.7,3
2011-04-08 20:00:00,5218.0,6
2011-04-08 20:00:00,4015.3,1
2011-04-08 20:00:00,4487.6,4
2011-04-08 21:00:00,6009.6,8
2011-04-08 21:00:00,5185.3,11
2011-04-08 21:00:00,5517.0,9
2011-04-08 21:00:00,4601.9,12
2011-04-08 21:00:00,5188.4,7
2011-04-08 21:00:00,5350.2,10
2011-04-14 13:00:00,6234.6,19
2011-04-14 13:00:00,6396.3,20
2011-04-14 13:00:00,4962.0,23
2011-04-14 13:00:00,4691.9,24
2011-04-14 13:00:00,5632.4,22
2011-04-14 13:00:00,5836.0,21
2011-04-14 15:00:00,,18
2011-04-14 15:00:00,5272.8,17
2011-04-14 15:00:00,4409.3,13
2011-04-14 15:00:00,4025.0,14
2011-04-14 15:00:00,5445.9,16
2011-04-14 15:00:00,5294.5,15
2011-04-14 21:00:00,4012.8,1
2011-04-14 21:00:00,5217.0,6
2011-04-14 21:00:00,4484.3,4
2011-04-14 21:00:00,4692.0,5
2011-04-14 21:00:00,5151.9,2
2011-04-14 21:00:00,4606.7,3
2011-04-14 22:00:00,5183.2,11
2011-04-14 22:00:00,4600.1,12
2011-04-14 22:00:00,5513.5,9
2011-04-14 22:00:00,5986.7,8
2011-04-14 22:00:00,5341.5,10
2011-04-14 22:00:00,5188.4,7
2011-04-20 14:00:00,5835.7,21
2011-04-20 14:00:00,6232.5,19
2011-04-20 14:00:00,5633.0,22
2011-04-20 14:00:00,4692.0,24
2011-04-20 14:00:00,6385.4,20
2011-04-20 14:00:00,4962.5,23
2011-04-20 16:00:00,4012.9,14
2011-04-20 16:00:00,5252.4,15
2011-04-20 16:00:00,5445.5,16
2011-04-20 16:00:00,4392.1,13
2011-04-20 16:00:00,5273.8,17
2011-04-20 16:00:00,,18
2011-04-20 22:00:00,4014.1,1
2011-04-20 22:00:00,4466.8,4
2011-04-20 22:00:00,4687.0,5
2011-04-20 22:00:00,5212.1,6
2011-04-20 22:00:00,5147.0,2
2011-04-20 22:00:00,4608.0,3
2011-04-20 23:00:00,5339.9,10
2011-04-20 23:00:00,5183.1,11
2011-04-20 23:00:00,5979.8,8
2011-04-20 23:00:00,4600.1,12
2011-04-20 23:00:00,5512.9,9
2011-04-20 23:00:00,5180.8,7
2011-04-29 00:00:00,5343.2,10
2011-04-29 00:00:00,5170.2,7
2011-04-29 00:00:00,4601.2,12
2011-04-29 00:00:00,5512.2,9
2011-04-29 00:00:00,5974.4,8
2011-04-29 00:00:00,5184.5,11
2011-04-29 15:00:00,5836.2,21
2011-04-29 15:00:00,5633.4,22
2011-04-29 15:00:00,6230.0,19
2011-04-29 15:00:00,4692.1,24
2011-04-29 15:00:00,4963.3,23
2011-04-29 15:00:00,6394.9,20
2011-04-29 17:00:00,5439.8,16
2011-04-29 17:00:00,,18
2011-04-29 17:00:00,5248.0,15
2011-04-29 17:00:00,3996.0,14
2011-04-29 17:00:00,5273.8,17
2011-04-29 17:00:00,4375.6,13
2011-04-29 23:00:00,4701.3,5
2011-04-29 23:00:00,4613.7,3
2011-04-29 23:00:00,4495.8,4
2011-04-29 23:00:00,5222.5,6
2011-04-29 23:00:00,4016.5,1
2011-04-29 23:00:00,5153.7,2
2011-05-06 00:00:00,4501.1,4
2011-05-06 00:00:00,4016.7,1
2011-05-06 00:00:00,4702.4,5
2011-05-06 00:00:00,5160.8,2
2011-05-06 00:00:00,4617.0,3
2011-05-06 00:00:00,5230.1,6
2011-05-06 01:00:00,5344.3,10
2011-05-06 01:00:00,5515.0,9
2011-05-06 01:00:00,4602.7,12
2011-05-06 01:00:00,5168.5,7
2011-05-06 01:00:00,5186.3,11
2011-05-06 01:00:00,5975.2,8
2011-05-06 16:00:00,4693.2,24
2011-05-06 16:00:00,6229.4,19
2011-05-06 16:00:00,6395.1,20
2011-05-06 16:00:00,5837.5,21
2011-05-06 16:00:00,4964.6,23
2011-05-06 16:00:00,5634.5,22
2011-05-06 18:00:00,4379.2,13
2011-05-06 18:00:00,5249.0,15
2011-05-06 18:00:00,5439.6,16
2011-05-06 18:00:00,3995.3,14
2011-05-06 18:00:00,5274.2,17
2011-05-06 18:00:00,,18
2011-05-20 01:00:00,4503.2,4
2011-05-20 01:00:00,5235.1,6
2011-05-20 01:00:00,4704.6,5
2011-05-20 01:00:00,4017.1,1
2011-05-20 01:00:00,5163.7,2
2011-05-20 01:00:00,4617.0,3
2011-05-20 02:00:00,5185.5,11
2011-05-20 02:00:00,5159.4,7
2011-05-20 02:00:00,5512.7,9
2011-05-20 02:00:00,5967.9,8
2011-05-20 02:00:00,5342.0,10
2011-05-20 02:00:00,4602.2,12
2011-05-20 17:00:00,5635.5,22
2011-05-20 17:00:00,5839.2,21
2011-05-20 17:00:00,4965.2,23
2011-05-20 17:00:00,4693.6,24
2011-05-20 17:00:00,6227.2,19
2011-05-20 17:00:00,6395.9,20
2011-05-20 19:00:00,3987.4,14
2011-05-20 19:00:00,5437.0,16
2011-05-20 19:00:00,5273.9,17
2011-05-20 19:00:00,,18
2011-05-20 19:00:00,5247.3,15
2011-05-20 19:00:00,4375.6,13
2011-05-27 02:00:00,4619.8,3
2011-05-27 02:00:00,4018.6,1
2011-05-27 02:00:00,4504.8,4
2011-05-27 02:00:00,5166.0,2
2011-05-27 02:00:00,5233.7,6
2011-05-27 02:00:00,4715.8,5
2011-05-27 03:00:00,5510.6,9
2011-05-27 03:00:00,5186.2,11
2011-05-27 03:00:00,5162.8,7
2011-05-27 03:00:00,5344.2,10
2011-05-27 03:00:00,5978.5,8
2011-05-27 03:00:00,4602.9,12
2011-05-27 18:00:00,4967.9,23
2011-05-27 18:00:00,6398.4,20
2011-05-27 18:00:00,4695.1,24
2011-05-27 18:00:00,5638.6,22
2011-05-27 18:00:00,6230.6,19
2011-05-27 18:00:00,5842.1,21
2011-05-27 20:00:00,5439.0,16
2011-05-27 20:00:00,3992.5,14
2011-05-27 20:00:00,5274.6,17
2011-05-27 20:00:00,4388.4,13
2011-05-27 20:00:00,,18
2011-05-27 20:00:00,5249.2,15
2011-06-03 03:00:00,4017.7,1
2011-06-03 03:00:00,4716.4,5
2011-06-03 03:00:00,4621.0,3
2011-06-03 03:00:00,5249.3,6
2011-06-03 03:00:00,5170.5,2
2011-06-03 03:00:00,4509.7,4
2011-06-03 04:00:00,5189.4,7
2011-06-03 04:00:00,6001.9,8
2011-06-03 04:00:00,5351.1,10
2011-06-03 04:00:00,5516.9,9
2011-06-03 04:00:00,4603.5,12
2011-06-03 04:00:00,5187.0,11
2011-06-03 19:00:00,5841.1,21
2011-06-03 19:00:00,5637.9,22
2011-06-03 19:00:00,6230.7,19
2011-06-03 19:00:00,6397.5,20
2011-06-03 19:00:00,4966.3,23
2011-06-03 19:00:00,4694.0,24
2011-06-03 21:00:00,4036.9,14
2011-06-03 21:00:00,5448.2,16
2011-06-03 21:00:00,4454.6,13
2011-06-03 21:00:00,,18
2011-06-03 21:00:00,5259.1,15
2011-06-03 21:00:00,5276.1,17
2011-06-09 04:00:00,4514.2,4
2011-06-09 04:00:00,4716.2,5
2011-06-09 04:00:00,5254.6,6
2011-06-09 04:00:00,4018.8,1
2011-06-09 04:00:00,5176.0,2
2011-06-09 04:00:00,4625.1,3
2011-06-09 05:00:00,5520.4,9
2011-06-09 05:00:00,5189.3,11
2011-06-09 05:00:00,5998.4,8
2011-06-09 05:00:00,5187.7,7
2011-06-09 05:00:00,5352.5,10
2011-06-09 05:00:00,4604.6,12
2011-06-09 20:00:00,4694.3,24
2011-06-09 20:00:00,5842.2,21
2011-06-09 20:00:00,6397.7,20
2011-06-09 20:00:00,5638.5,22
2011-06-09 20:00:00,6230.4,19
2011-06-09 20:00:00,4967.2,23
2011-06-09 22:00:00,4453.6,13
2011-06-09 22:00:00,4041.4,14
2011-06-09 22:00:00,5453.7,16
2011-06-09 22:00:00,5265.4,15
2011-06-09 22:00:00,5279.1,17
2011-06-09 22:00:00,,18
2011-06-17 05:00:00,4015.7,1
2011-06-17 05:00:00,5251.0,6
2011-06-17 05:00:00,5168.2,2
2011-06-17 05:00:00,4510.3,4
2011-06-17 05:00:00,4708.2,5
2011-06-17 05:00:00,4622.2,3
2011-06-17 06:00:00,5997.5,8
2011-06-17 06:00:00,5516.6,9
2011-06-17 06:00:00,5186.7,7
2011-06-17 06:00:00,5187.3,11
2011-06-17 06:00:00,4602.7,12
2011-06-17 06:00:00,5349.1,10
2011-06-17 21:00:00,4967.1,23
2011-06-17 21:00:00,5842.5,21
2011-06-17 21:00:00,6227.6,19
2011-06-17 21:00:00,5638.4,22
2011-06-17 21:00:00,4694.0,24
2011-06-17 21:00:00,6396.1,20
2011-06-17 23:00:00,4040.5,14
2011-06-17 23:00:00,4448.8,13
2011-06-17 23:00:00,,18
2011-06-17 23:00:00,5265.4,15
2011-06-17 23:00:00,5451.8,16
2011-06-17 23:00:00,5278.7,17
2011-06-22 00:00:00,5451.2,16
2011-06-22 00:00:00,5264.2,15
2011-06-22 00:00:00,,18
2011-06-22 00:00:00,5278.4,17
2011-06-22 00:00:00,4038.8,14
2011-06-22 00:00:00,4425.6,13
2011-06-22 06:00:00,4505.2,4
2011-06-22 06:00:00,4017.0,1
2011-06-22 06:00:00,5243.8,6
2011-06-22 06:00:00,5159.4,2
2011-06-22 06:00:00,4619.4,3
2011-06-22 06:00:00,4697.4,5
2011-06-22 07:00:00,5344.2,10
2011-06-22 07:00:00,5982.3,8
2011-06-22 07:00:00,4601.5,12
2011-06-22 07:00:00,5186.0,11
2011-06-22 07:00:00,5180.6,7
2011-06-22 07:00:00,5513.7,9
2011-06-22 22:00:00,6394.1,20
2011-06-22 22:00:00,4693.6,24
2011-06-22 22:00:00,4966.4,23
2011-06-22 22:00:00,5638.1,22
2011-06-22 22:00:00,6223.1,19
2011-06-22 22:00:00,5841.9,21
2011-06-30 01:00:00,5446.9,16
2011-06-30 01:00:00,,18
2011-06-30 01:00:00,4343.4,13
2011-06-30 01:00:00,5260.1,15
2011-06-30 01:00:00,3968.9,14
2011-06-30 01:00:00,5279.5,17
2011-06-30 07:00:00,4717.5,5
2011-06-30 07:00:00,4629.9,3
2011-06-30 07:00:00,5176.3,2
2011-06-30 07:00:00,5258.7,6
2011-06-30 07:00:00,4018.3,1
2011-06-30 07:00:00,4521.6,4
2011-06-30 08:00:00,4606.3,12
2011-06-30 08:00:00,5952.7,8
2011-06-30 08:00:00,5191.1,11
2011-06-30 08:00:00,5347.3,10
2011-06-30 08:00:00,5518.3,9
2011-06-30 08:00:00,5132.3,7
2011-06-30 23:00:00,6216.2,19
2011-06-30 23:00:00,5844.6,21
2011-06-30 23:00:00,5640.9,22
2011-06-30 23:00:00,6390.3,20
2011-06-30 23:00:00,4694.8,24
2011-06-30 23:00:00,4968.7,23
2011-07-08 00:00:00,4695.5,24
2011-07-08 00:00:00,6388.5,20
2011-07-08 00:00:00,5846.4,21
2011-07-08 00:00:00,5642.7,22
2011-07-08 00:00:00,6211.5,19
2011-07-08 00:00:00,4970.2,23
2011-07-08 02:00:00,5449.8,16
2011-07-08 02:00:00,4343.6,13
2011-07-08 02:00:00,,18
2011-07-08 02:00:00,5263.3,15
2011-07-08 02:00:00,5281.7,17
2011-07-08 02:00:00,3960.9,14
2011-07-08 08:00:00,5182.4,2
2011-07-08 08:00:00,4634.3,3
2011-07-08 08:00:00,4020.1,1
2011-07-08 08:00:00,4727.9,5
2011-07-08 08:00:00,5274.0,6
2011-07-08 08:00:00,4529.4,4
2011-07-08 09:00:00,4611.6,12
2011-07-08 09:00:00,5126.8,7
2011-07-08 09:00:00,5196.5,11
2011-07-08 09:00:00,5357.1,10
2011-07-08 09:00:00,5525.7,9
2011-07-08 09:00:00,5956.3,8
2011-07-13 01:00:00,5845.6,21
2011-07-13 01:00:00,6384.5,20
2011-07-13 01:00:00,6206.4,19
2011-07-13 01:00:00,5641.9,22
2011-07-13 01:00:00,4695.0,24
2011-07-13 01:00:00,4969.5,23
2011-07-13 03:00:00,,18
2011-07-13 03:00:00,4333.0,13
2011-07-13 03:00:00,5441.0,16
2011-07-13 03:00:00,5279.4,17
2011-07-13 03:00:00,3950.0,14
2011-07-13 03:00:00,5235.6,15
2011-07-13 09:00:00,4016.6,1
2011-07-13 09:00:00,4695.7,5
2011-07-13 09:00:00,4515.1,4
2011-07-13 09:00:00,5256.1,6
2011-07-13 09:00:00,4622.7,3
2011-07-13 09:00:00,5172.8,2
2011-07-13 10:00:00,5341.3,10
2011-07-13 10:00:00,5949.2,8
2011-07-13 10:00:00,5188.4,11
2011-07-13 10:00:00,5509.4,9
2011-07-13 10:00:00,4603.8,12
2011-07-13 10:00:00,5120.8,7
2011-07-18 02:00:00,6381.6,20
2011-07-18 02:00:00,5641.9,22
2011-07-18 02:00:00,4969.5,23
2011-07-18 02:00:00,5846.5,21
2011-07-18 02:00:00,4695.0,24
2011-07-18 02:00:00,6203.3,19
2011-07-18 04:00:00,,18
2011-07-18 04:00:00,5441.0,16
2011-07-18 04:00:00,5259.0,17
2011-07-18 04:00:00,3950.0,14
2011-07-18 04:00:00,4333.0,13
2011-07-18 04:00:00,5235.0,15
2011-07-18 10:00:00,5252.6,6
2011-07-18 10:00:00,4698.3,5
2011-07-18 10:00:00,4512.3,4
2011-07-18 10:00:00,4015.6,1
2011-07-18 10:00:00,4621.3,3
2011-07-18 10:00:00,5168.0,2
2011-07-18 11:00:00,5339.9,10
2011-07-18 11:00:00,5945.1,8
2011-07-18 11:00:00,4603.5,12
2011-07-18 11:00:00,5110.8,7
2011-07-18 11:00:00,5506.6,9
2011-07-18 11:00:00,5188.0,11
2011-08-05 03:00:00,5847.9,21
2011-08-05 03:00:00,6376.3,20
2011-08-05 03:00:00,6190.6,19
2011-08-05 03:00:00,4696.1,24
2011-08-05 03:00:00,4971.6,23
2011-08-05 03:00:00,5645.0,22
2011-08-05 05:00:00,5252.0,15
2011-08-05 05:00:00,4342.0,13
2011-08-05 05:00:00,5280.2,17
2011-08-05 05:00:00,,18
2011-08-05 05:00:00,3971.3,14
2011-08-05 05:00:00,5432.5,16
2011-08-05 11:00:00,4629.2,3
2011-08-05 11:00:00,5265.6,6
2011-08-05 11:00:00,4018.6,1
2011-08-05 11:00:00,4717.7,5
2011-08-05 11:00:00,5177.1,2
2011-08-05 11:00:00,4525.7,4
2011-08-05 12:00:00,4607.5,12
2011-08-05 12:00:00,5919.6,8
2011-08-05 12:00:00,5344.7,10
2011-08-05 12:00:00,5507.6,9
2011-08-05 12:00:00,5192.3,11
2011-08-05 12:00:00,5030.8,7
2011-08-11 04:00:00,4695.3,24
2011-08-11 04:00:00,6177.3,19
2011-08-11 04:00:00,5846.7,21
2011-08-11 04:00:00,6366.6,20
2011-08-11 04:00:00,5643.8,22
2011-08-11 04:00:00,4970.6,23
2011-08-11 06:00:00,5243.9,15
2011-08-11 06:00:00,,18
2011-08-11 06:00:00,5431.7,16
2011-08-11 06:00:00,5278.6,17
2011-08-11 06:00:00,3825.2,14
2011-08-11 06:00:00,4181.0,13
2011-08-11 12:00:00,4015.0,1
2011-08-11 12:00:00,5167.8,2
2011-08-11 12:00:00,4690.3,5
2011-08-11 12:00:00,4512.9,4
2011-08-11 12:00:00,4619.2,3
2011-08-11 12:00:00,5250.1,6
2011-08-11 13:00:00,5487.0,9
2011-08-11 13:00:00,5885.7,8
2011-08-11 13:00:00,5328.1,10
2011-08-11 13:00:00,4602.4,12
2011-08-11 13:00:00,4966.1,7
2011-08-11 13:00:00,5186.1,11
2011-08-19 05:00:00,5644.0,22
2011-08-19 05:00:00,6368.9,20
2011-08-19 05:00:00,4970.1,23
2011-08-19 05:00:00,5846.4,21
2011-08-19 05:00:00,6180.9,19
2011-08-19 05:00:00,4695.4,24
2011-08-19 07:00:00,5429.0,16
2011-08-19 07:00:00,3840.8,14
2011-08-19 07:00:00,4222.5,13
2011-08-19 07:00:00,5278.4,17
2011-08-19 07:00:00,5244.4,15
2011-08-19 07:00:00,,18
2011-08-19 13:00:00,4687.0,5
2011-08-19 13:00:00,4014.2,1
2011-08-19 13:00:00,4616.3,3
2011-08-19 13:00:00,5238.4,6
2011-08-19 13:00:00,4507.9,4
2011-08-19 13:00:00,5163.9,2
2011-08-19 14:00:00,5185.6,11
2011-08-19 14:00:00,5909.6,8
2011-08-19 14:00:00,5330.7,10
2011-08-19 14:00:00,4982.4,7
2011-08-19 14:00:00,4602.0,12
2011-08-19 14:00:00,5486.1,9
2011-08-24 06:00:00,5847.7,21
2011-08-24 06:00:00,5645.8,22
2011-08-24 06:00:00,4696.4,24
2011-08-24 06:00:00,6183.3,19
2011-08-24 06:00:00,4971.9,23
2011-08-24 06:00:00,6372.0,20
2011-08-24 08:00:00,,18
2011-08-24 08:00:00,4224.2,13
2011-08-24 08:00:00,5248.1,15
2011-08-24 08:00:00,3852.6,14
2011-08-24 08:00:00,5434.0,16
2011-08-24 08:00:00,5279.0,17
2011-08-24 14:00:00,4016.4,1
2011-08-24 14:00:00,4519.8,4
2011-08-24 14:00:00,5247.5,6
2011-08-24 14:00:00,4622.5,3
2011-08-24 14:00:00,5172.4,2
2011-08-24 14:00:00,4690.9,5
2011-08-24 15:00:00,4604.0,12
2011-08-24 15:00:00,4981.8,7
2011-08-24 15:00:00,5490.1,9
2011-08-24 15:00:00,5190.0,11
2011-08-24 15:00:00,5334.2,10
2011-08-24 15:00:00,5907.5,8
2011-08-31 07:00:00,6371.9,20
2011-08-31 07:00:00,4696.7,24
2011-08-31 07:00:00,6183.2,19
2011-08-31 07:00:00,5848.1,21
2011-08-31 07:00:00,4972.0,23
2011-08-31 07:00:00,5646.4,22
2011-08-31 09:00:00,5279.0,17
2011-08-31 09:00:00,3854.6,14
2011-08-31 09:00:00,5435.0,16
2011-08-31 09:00:00,5249.2,15
2011-08-31 09:00:00,,18
2011-08-31 09:00:00,4227.3,13
2011-08-31 15:00:00,4517.0,4
2011-08-31 15:00:00,4622.6,3
2011-08-31 15:00:00,4016.1,1
2011-08-31 15:00:00,5170.2,2
2011-08-31 15:00:00,4700.2,5
2011-08-31 15:00:00,5248.8,6
2011-08-31 16:00:00,5492.2,9
2011-08-31 16:00:00,5335.8,10
2011-08-31 16:00:00,5907.7,8
2011-08-31 16:00:00,4983.6,7
2011-08-31 16:00:00,4604.9,12
2011-08-31 16:00:00,5190.9,11
2011-09-08 08:00:00,4971.7,23
2011-09-08 08:00:00,5646.2,22
2011-09-08 08:00:00,5848.1,21
2011-09-08 08:00:00,6183.0,19
2011-09-08 08:00:00,4696.4,24
2011-09-08 08:00:00,6371.6,20
2011-09-08 10:00:00,5249.1,15
2011-09-08 10:00:00,3861.0,14
2011-09-08 10:00:00,5436.0,16
2011-09-08 10:00:00,4231.0,13
2011-09-08 10:00:00,,18
2011-09-08 10:00:00,5279.0,17
2011-09-08 16:00:00,4016.2,1
2011-09-08 16:00:00,4620.6,3
2011-09-08 16:00:00,4515.9,4
2011-09-08 16:00:00,5250.9,6
2011-09-08 16:00:00,5170.1,2
2011-09-08 16:00:00,4694.2,5
2011-09-08 17:00:00,5335.7,10
2011-09-08 17:00:00,4983.9,7
2011-09-08 17:00:00,5910.7,8
2011-09-08 17:00:00,5190.3,11
2011-09-08 17:00:00,4604.4,12
2011-09-08 17:00:00,5491.0,9
2011-09-15 09:00:00,4971.9,23
2011-09-15 09:00:00,6184.7,19
2011-09-15 09:00:00,4696.2,24
2011-09-15 09:00:00,5646.3,22
2011-09-15 09:00:00,5848.4,21
2011-09-15 09:00:00,6372.2,20
2011-09-15 11:00:00,5279.6,17
2011-09-15 11:00:00,3885.9,14
2011-09-15 11:00:00,5253.1,15
2011-09-15 11:00:00,5439.5,16
2011-09-15 11:00:00,4274.5,13
2011-09-15 11:00:00,,18
2011-09-15 17:00:00,4516.3,4
2011-09-15 17:00:00,4622.0,3
2011-09-15 17:00:00,5170.8,2
2011-09-15 17:00:00,4016.4,1
2011-09-15 17:00:00,5251.6,6
2011-09-15 17:00:00,4700.9,5
2011-09-15 18:00:00,5492.9,9
2011-09-15 18:00:00,5191.2,11
2011-09-15 18:00:00,5930.9,8
2011-09-15 18:00:00,4605.1,12
2011-09-15 18:00:00,5000.2,7
2011-09-15 18:00:00,5341.4,10
2011-09-23 10:00:00,4972.0,23
2011-09-23 10:00:00,6193.0,19
2011-09-23 10:00:00,6379.6,20
2011-09-23 10:00:00,5851.2,21
2011-09-23 10:00:00,5647.2,22
2011-09-23 10:00:00,4696.4,24
2011-09-23 12:00:00,4363.7,13
2011-09-23 12:00:00,5279.4,17
2011-09-23 12:00:00,3910.0,14
2011-09-23 12:00:00,,18
2011-09-23 12:00:00,5441.3,16
2011-09-23 12:00:00,5262.1,15
2011-09-23 18:00:00,5246.1,6
2011-09-23 18:00:00,4693.0,5
2011-09-23 18:00:00,4617.0,3
2011-09-23 18:00:00,4014.3,1
2011-09-23 18:00:00,5165.7,2
2011-09-23 18:00:00,4510.0,4
2011-09-23 19:00:00,5190.1,11
2011-09-23 19:00:00,5495.3,9
2011-09-23 19:00:00,5343.8,10
2011-09-23 19:00:00,5062.6,7
2011-09-23 19:00:00,5964.3,8
2011-09-23 19:00:00,4603.1,12
2011-09-28 11:00:00,5851.9,21
2011-09-28 11:00:00,4696.6,24
2011-09-28 11:00:00,6380.1,20
2011-09-28 11:00:00,6194.1,19
2011-09-28 11:00:00,4971.5,23
2011-09-28 11:00:00,5647.4,22
2011-09-28 13:00:00,5443.9,16
2011-09-28 13:00:00,5263.1,15
2011-09-28 13:00:00,4373.7,13
2011-09-28 13:00:00,3976.9,14
2011-09-28 13:00:00,,18
2011-09-28 13:00:00,5279.5,17
2011-09-28 19:00:00,5163.7,2
2011-09-28 19:00:00,4508.6,4
2011-09-28 19:00:00,4690.2,5
2011-09-28 19:00:00,4014.1,1
2011-09-28 19:00:00,4616.0,3
2011-09-28 19:00:00,5244.7,6
2011-09-28 20:00:00,4603.3,12
2011-09-28 20:00:00,5190.7,11
2011-09-28 20:00:00,5970.9,8
2011-09-28 20:00:00,5345.2,10
2011-09-28 20:00:00,5076.9,7
2011-09-28 20:00:00,5497.5,9
2011-10-07 12:00:00,4971.2,23
2011-10-07 12:00:00,5646.1,22
2011-10-07 12:00:00,5851.4,21
2011-10-07 12:00:00,6185.8,19
2011-10-07 12:00:00,4696.7,24
2011-10-07 12:00:00,6374.5,20
2011-10-07 14:00:00,5440.1,16
2011-10-07 14:00:00,,18
2011-10-07 14:00:00,4292.4,13
2011-10-07 14:00:00,3936.7,14
2011-10-07 14:00:00,5258.4,15
2011-10-07 14:00:00,5278.5,17
2011-10-07 20:00:00,5240.4,6
2011-10-07 20:00:00,4012.9,1
2011-10-07 20:00:00,4613.1,3
2011-10-07 20:00:00,4505.3,4
2011-10-07 20:00:00,5160.3,2
2011-10-07 20:00:00,4683.2,5
2011-10-07 21:00:00,5044.4,7
2011-10-07 21:00:00,5494.8,9
2011-10-07 21:00:00,5334.3,10
2011-10-07 21:00:00,4601.9,12
2011-10-07 21:00:00,5931.6,8
2011-10-07 21:00:00,5189.2,11
2011-10-10 13:00:00,4696.9,24
2011-10-10 13:00:00,4971.1,23
2011-10-10 13:00:00,6373.3,20
2011-10-10 13:00:00,6185.6,19
2011-10-10 13:00:00,5645.4,22
2011-10-10 13:00:00,5850.8,21
2011-10-10 15:00:00,5257.0,15
2011-10-10 15:00:00,3934.7,14
2011-10-10 15:00:00,4290.8,13
2011-10-10 15:00:00,5279.4,17
2011-10-10 15:00:00,,18
2011-10-10 15:00:00,5439.2,16
2011-10-10 21:00:00,4501.3,4
2011-10-10 21:00:00,5236.1,6
2011-10-10 21:00:00,4684.6,5
2011-10-10 21:00:00,4011.8,1
2011-10-10 21:00:00,5153.2,2
2011-10-10 21:00:00,4610.7,3
2011-10-10 22:00:00,4601.6,12
2011-10-10 22:00:00,5935.6,8
2011-10-10 22:00:00,5188.4,11
2011-10-10 22:00:00,5044.2,7
2011-10-10 22:00:00,5492.4,9
2011-10-10 22:00:00,5333.4,10
2011-10-21 14:00:00,6373.9,20
2011-10-21 14:00:00,5851.0,21
2011-10-21 14:00:00,6185.9,19
2011-10-21 14:00:00,5645.7,22
2011-10-21 14:00:00,4697.2,24
2011-10-21 14:00:00,4971.4,23
2011-10-21 16:00:00,,18
2011-10-21 16:00:00,3934.5,14
2011-10-21 16:00:00,5279.1,17
2011-10-21 16:00:00,4292.5,13
2011-10-21 16:00:00,5256.7,15
2011-10-21 16:00:00,5439.5,16
2011-10-21 22:00:00,4012.4,1
2011-10-21 22:00:00,4502.1,4
2011-10-21 22:00:00,4611.8,3
2011-10-21 22:00:00,4680.2,5
2011-10-21 22:00:00,5232.6,6
2011-10-21 22:00:00,5155.5,2
2011-10-21 23:00:00,5334.5,10
2011-10-21 23:00:00,5933.7,8
2011-10-21 23:00:00,4607.7,12
2011-10-21 23:00:00,5188.7,11
2011-10-21 23:00:00,5044.0,7
2011-10-21 23:00:00,5493.3,9
2011-10-27 00:00:00,5494.0,9
2011-10-27 00:00:00,5189.1,11
2011-10-27 00:00:00,5335.0,10
2011-10-27 00:00:00,5933.1,8
2011-10-27 00:00:00,5044.1,7
2011-10-27 00:00:00,4602.1,12
2011-10-27 15:00:00,4697.5,24
2011-10-27 15:00:00,6375.0,20
2011-10-27 15:00:00,6187.6,19
2011-10-27 15:00:00,5645.8,22
2011-10-27 15:00:00,4971.9,23
2011-10-27 15:00:00,5851.1,21
2011-10-27 17:00:00,5257.2,15
2011-10-27 17:00:00,3935.0,14
2011-10-27 17:00:00,5440.1,16
2011-10-27 17:00:00,,18
2011-10-27 17:00:00,5278.5,17
2011-10-27 17:00:00,4293.5,13
2011-10-27 23:00:00,4612.3,3
2011-10-27 23:00:00,4013.6,1
2011-10-27 23:00:00,4502.1,4
2011-10-27 23:00:00,5232.5,6
2011-10-27 23:00:00,5155.3,2
2011-10-27 23:00:00,4688.6,5
2011-11-04 00:00:00,4013.3,1
2011-11-04 00:00:00,4610.8,3
2011-11-04 00:00:00,4679.9,5
2011-11-04 00:00:00,5153.7,2
2011-11-04 00:00:00,5229.0,6
2011-11-04 00:00:00,4499.9,4
2011-11-04 01:00:00,5065.2,7
2011-11-04 01:00:00,4602.1,12
2011-11-04 01:00:00,5342.1,10
2011-11-04 01:00:00,5960.8,8
2011-11-04 01:00:00,5495.1,9
2011-11-04 01:00:00,5189.0,11
2011-11-04 16:00:00,5851.2,21
2011-11-04 16:00:00,6382.3,20
2011-11-04 16:00:00,4971.9,23
2011-11-04 16:00:00,4697.3,24
2011-11-04 16:00:00,5645.8,22
2011-11-04 16:00:00,6197.2,19
2011-11-04 18:00:00,,18
2011-11-04 18:00:00,4343.3,13
2011-11-04 18:00:00,5279.1,17
2011-11-04 18:00:00,5257.2,15
2011-11-04 18:00:00,5440.7,16
2011-11-04 18:00:00,3953.0,14
2011-11-11 01:00:00,4493.0,4
2011-11-11 01:00:00,5226.3,6
2011-11-11 01:00:00,4017.7,1
2011-11-11 01:00:00,4607.9,3
2011-11-11 01:00:00,5147.3,2
2011-11-11 01:00:00,4681.9,5
2011-11-11 02:00:00,5073.5,7
2011-11-11 02:00:00,4601.2,12
2011-11-11 02:00:00,5341.2,10
2011-11-11 02:00:00,5495.2,9
2011-11-11 02:00:00,5188.1,11
2011-11-11 02:00:00,5965.6,8
2011-11-11 17:00:00,6199.5,19
2011-11-11 17:00:00,5644.6,22
2011-11-11 17:00:00,4970.8,23
2011-11-11 17:00:00,4696.8,24
2011-11-11 17:00:00,6383.4,20
2011-11-11 17:00:00,5856.1,21
2011-11-11 19:00:00,5441.0,16
2011-11-11 19:00:00,5258.3,15
2011-11-11 19:00:00,5279.3,17
2011-11-11 19:00:00,4394.6,13
2011-11-11 19:00:00,,18
2011-11-11 19:00:00,3959.3,14
2011-11-17 02:00:00,5153.5,2
2011-11-17 02:00:00,5227.4,6
2011-11-17 02:00:00,4496.0,4
2011-11-17 02:00:00,4609.7,3
2011-11-17 02:00:00,4013.6,1
2011-11-17 02:00:00,4683.2,5
2011-11-17 03:00:00,4601.7,12
2011-11-17 03:00:00,5964.0,8
2011-11-17 03:00:00,5188.7,11
2011-11-17 03:00:00,5497.5,9
2011-11-17 03:00:00,5072.5,7
2011-11-17 03:00:00,5342.4,10
2011-11-17 18:00:00,6383.9,20
2011-11-17 18:00:00,4971.2,23
2011-11-17 18:00:00,6199.9,19
2011-11-17 18:00:00,5850.5,21
2011-11-17 18:00:00,4697.0,24
2011-11-17 18:00:00,5645.0,22
2011-11-17 20:00:00,4347.2,13
2011-11-17 20:00:00,5259.3,15
2011-11-17 20:00:00,5442.3,16
2011-11-17 20:00:00,5279.2,17
2011-11-17 20:00:00,3959.8,14
2011-11-17 20:00:00,,18
2011-11-25 03:00:00,4609.8,3
2011-11-25 03:00:00,4683.3,5
2011-11-25 03:00:00,5226.1,6
2011-11-25 03:00:00,5150.3,2
2011-11-25 03:00:00,4012.7,1
2011-11-25 03:00:00,4495.4,4
2011-11-25 04:00:00,5497.0,9
2011-11-25 04:00:00,4601.3,12
2011-11-25 04:00:00,5188.0,11
2011-11-25 04:00:00,5969.7,8
2011-11-25 04:00:00,5075.5,7
2011-11-25 04:00:00,5342.8,10
2011-11-25 19:00:00,4970.9,23
2011-11-25 19:00:00,6202.7,19
2011-11-25 19:00:00,5644.6,22
2011-11-25 19:00:00,5850.1,21
2011-11-25 19:00:00,6386.0,20
2011-11-25 19:00:00,4696.6,24
2011-11-25 21:00:00,5441.3,16
2011-11-25 21:00:00,4399.1,13
2011-11-25 21:00:00,3960.2,14
2011-11-25 21:00:00,5258.9,15
2011-11-25 21:00:00,,18
2011-11-25 21:00:00,5279.1,17
2011-12-09 04:00:00,4011.1,1
2011-12-09 04:00:00,5226.3,6
2011-12-09 04:00:00,4684.2,5
2011-12-09 04:00:00,4607.4,3
2011-12-09 04:00:00,5140.6,2
2011-12-09 04:00:00,4487.5,4
2011-12-09 05:00:00,5500.5,9
2011-12-09 05:00:00,5103.7,7
2011-12-09 05:00:00,5344.5,10
2011-12-09 05:00:00,4600.4,12
2011-12-09 05:00:00,5982.7,8
2011-12-09 05:00:00,5188.1,11
2011-12-09 20:00:00,6389.6,20
2011-12-09 20:00:00,6208.7,19
2011-12-09 20:00:00,4696.1,24
2011-12-09 20:00:00,4970.2,23
2011-12-09 20:00:00,5848.7,21
2011-12-09 20:00:00,5642.8,22
2011-12-09 22:00:00,4364.4,13
2011-12-09 22:00:00,3974.2,14
2011-12-09 22:00:00,5260.8,15
2011-12-09 22:00:00,5278.9,17
2011-12-09 22:00:00,5442.9,16
2011-12-09 22:00:00,,18
2011-12-22 05:00:00,5129.2,2
2011-12-22 05:00:00,4008.9,1
2011-12-22 05:00:00,4677.0,5
2011-12-22 05:00:00,4603.9,3
2011-12-22 05:00:00,4481.2,4
2011-12-22 05:00:00,5221.4,6
2011-12-22 06:00:00,5502.1,9
2011-12-22 06:00:00,5992.0,8
2011-12-22 06:00:00,5346.0,10
2011-12-22 06:00:00,5187.9,11
2011-12-22 06:00:00,4600.2,12
2011-12-22 06:00:00,5125.5,7
2011-12-22 21:00:00,5642.5,22
2011-12-22 21:00:00,5848.2,21
2011-12-22 21:00:00,4969.8,23
2011-12-22 21:00:00,6214.1,19
2011-12-22 21:00:00,4695.8,24
2011-12-22 21:00:00,6392.4,20
2011-12-22 23:00:00,4377.8,13
2011-12-22 23:00:00,5443.2,16
2011-12-22 23:00:00,5278.8,17
2011-12-22 23:00:00,,18
2011-12-22 23:00:00,3981.9,14
2011-12-22 23:00:00,5261.3,15
2011-12-27 00:00:00,4390.4,13
2011-12-27 00:00:00,3990.5,14
2011-12-27 00:00:00,5261.4,15
2011-12-27 00:00:00,,18
2011-12-27 00:00:00,5278.8,17
2011-12-27 00:00:00,5443.5,16
2011-12-27 06:00:00,4483.9,4
2011-12-27 06:00:00,5135.4,2
2011-12-27 06:00:00,4672.0,5
2011-12-27 06:00:00,4010.5,1
2011-12-27 06:00:00,5215.9,6
2011-12-27 06:00:00,4605.9,3
2011-12-27 07:00:00,4600.5,12
2011-12-27 07:00:00,5130.2,7
2011-12-27 07:00:00,5502.6,9
2011-12-27 07:00:00,5346.5,10
2011-12-27 07:00:00,5994.2,8
2011-12-27 07:00:00,5188.1,11
2011-12-27 22:00:00,4695.2,24
2011-12-27 22:00:00,6215.0,19
2011-12-27 22:00:00,5641.3,22
2011-12-27 22:00:00,4969.1,23
2011-12-27 22:00:00,5847.3,21
2011-12-27 22:00:00,6392.2,20
2012-01-09 01:00:00,,18
2012-01-09 01:00:00,5261.3,15
2012-01-09 01:00:00,5278.6,17
2012-01-09 01:00:00,4015.3,14
2012-01-09 01:00:00,4419.1,13
2012-01-09 01:00:00,5443.8,16
2012-01-09 07:00:00,4479.3,4
2012-01-09 07:00:00,4603.3,3
2012-01-09 07:00:00,5211.9,6
2012-01-09 07:00:00,5126.5,2
2012-01-09 07:00:00,4671.9,5
2012-01-09 07:00:00,4008.9,1
2012-01-09 08:00:00,4599.8,12
2012-01-09 08:00:00,5349.1,10
2012-01-09 08:00:00,5172.2,7
2012-01-09 08:00:00,5504.5,9
2012-01-09 08:00:00,5187.6,11
2012-01-09 08:00:00,6009.9,8
2012-01-09 23:00:00,4969.1,23
2012-01-09 23:00:00,5847.3,21
2012-01-09 23:00:00,6395.7,20
2012-01-09 23:00:00,4695.4,24
2012-01-09 23:00:00,6223.0,19
2012-01-09 23:00:00,5641.2,22
2012-01-26 00:00:00,4695.3,24
2012-01-26 00:00:00,5846.9,21
2012-01-26 00:00:00,5640.7,22
2012-01-26 00:00:00,4969.0,23
2012-01-26 00:00:00,6396.1,20
2012-01-26 00:00:00,6225.6,19
2012-01-26 02:00:00,5262.3,15
2012-01-26 02:00:00,4419.2,13
2012-01-26 02:00:00,,18
2012-01-26 02:00:00,5444.6,16
2012-01-26 02:00:00,4017.4,14
2012-01-26 02:00:00,5278.8,17
2012-01-26 08:00:00,4479.6,4
2012-01-26 08:00:00,5212.0,6
2012-01-26 08:00:00,5131.6,2
2012-01-26 08:00:00,4010.1,1
2012-01-26 08:00:00,4684.6,5
2012-01-26 08:00:00,4607.5,3
2012-01-26 09:00:00,6008.5,8
2012-01-26 09:00:00,5171.8,7
2012-01-26 09:00:00,4600.2,12
2012-01-26 09:00:00,5187.6,11
2012-01-26 09:00:00,5507.0,9
2012-01-26 09:00:00,5349.1,10
2012-02-03 01:00:00,4968.0,23
2012-02-03 01:00:00,5845.4,21
2012-02-03 01:00:00,4694.4,24
2012-02-03 01:00:00,5639.1,22
2012-02-03 01:00:00,6230.0,19
2012-02-03 01:00:00,6396.6,20
2012-02-03 03:00:00,4426.0,13
2012-02-03 03:00:00,4020.8,14
2012-02-03 03:00:00,5443.5,16
2012-02-03 03:00:00,5278.6,17
2012-02-03 03:00:00,,18
2012-02-03 03:00:00,5261.3,15
2012-02-03 09:00:00,4007.7,1
2012-02-03 09:00:00,5194.8,6
2012-02-03 09:00:00,5122.9,2
2012-02-03 09:00:00,4657.8,5
2012-02-03 09:00:00,4472.4,4
2012-02-03 09:00:00,4601.1,3
2012-02-03 10:00:00,4597.9,12
2012-02-03 10:00:00,5346.6,10
2012-02-03 10:00:00,6010.1,8
2012-02-03 10:00:00,5185.1,11
2012-02-03 10:00:00,5505.1,9
2012-02-03 10:00:00,5182.3,7
2012-02-10 02:00:00,6231.1,19
2012-02-10 02:00:00,5638.0,22
2012-02-10 02:00:00,6397.1,20
2012-02-10 02:00:00,4693.0,24
2012-02-10 02:00:00,4964.0,23
2012-02-10 02:00:00,5846.0,21
2012-02-10 04:00:00,5446.0,16
2012-02-10 04:00:00,4019.0,14
2012-02-10 04:00:00,5262.7,15
2012-02-10 04:00:00,4419.7,13
2012-02-10 04:00:00,5275.0,17
2012-02-10 04:00:00,,18
2012-02-10 10:00:00,4602.0,3
2012-02-10 10:00:00,5124.0,2
2012-02-10 10:00:00,4006.0,1
2012-02-10 10:00:00,4475.0,4
2012-02-10 10:00:00,5193.8,6
2012-02-10 10:00:00,4656.0,5
2012-02-10 11:00:00,4596.2,12
2012-02-10 11:00:00,5181.5,7
2012-02-10 11:00:00,5347.0,10
2012-02-10 11:00:00,6011.5,8
2012-02-10 11:00:00,5504.2,9
2012-02-10 11:00:00,5186.5,11
2012-02-24 03:00:00,5636.8,22
2012-02-24 03:00:00,5844.1,21
2012-02-24 03:00:00,6232.2,19
2012-02-24 03:00:00,4967.3,23
2012-02-24 03:00:00,4694.4,24
2012-02-24 03:00:00,6397.7,20
2012-02-24 05:00:00,4027.1,14
2012-02-24 05:00:00,5278.5,17
2012-02-24 05:00:00,5263.6,15
2012-02-24 05:00:00,,18
2012-02-24 05:00:00,5445.1,16
2012-02-24 05:00:00,4425.5,13
2012-02-24 11:00:00,4677.2,5
2012-02-24 11:00:00,4606.3,3
2012-02-24 11:00:00,5129.8,2
2012-02-24 11:00:00,4010.5,1
2012-02-24 11:00:00,4472.6,4
2012-02-24 11:00:00,5200.7,6
2012-02-24 12:00:00,6009.1,8
2012-02-24 12:00:00,5519.0,9
2012-02-24 12:00:00,5346.8,10
2012-02-24 12:00:00,5186.2,11
2012-02-24 12:00:00,4597.6,12
2012-02-24 12:00:00,5181.8,7
2012-02-29 04:00:00,6396.8,20
2012-02-29 04:00:00,6232.5,19
2012-02-29 04:00:00,5842.8,21
2012-02-29 04:00:00,4966.4,23
2012-02-29 04:00:00,4693.8,24
2012-02-29 04:00:00,5635.1,22
2012-02-29 06:00:00,,18
2012-02-29 06:00:00,5262.8,15
2012-02-29 06:00:00,5192.4,17
2012-02-29 06:00:00,5444.2,16
2012-02-29 06:00:00,4425.2,13
2012-02-29 06:00:00,4026.6,14
2012-02-29 12:00:00,4470.0,4
2012-02-29 12:00:00,4665.3,5
2012-02-29 12:00:00,4603.2,3
2012-02-29 12:00:00,4009.1,1
2012-02-29 12:00:00,5196.8,6
2012-02-29 12:00:00,5126.8,2
2012-02-29 13:00:00,5517.6,9
2012-02-29 13:00:00,5185.4,11
2012-02-29 13:00:00,4596.8,12
2012-02-29 13:00:00,6009.6,8
2012-02-29 13:00:00,5182.7,7
2012-02-29 13:00:00,5345.7,10
2012-03-09 05:00:00,4693.7,24
2012-03-09 05:00:00,6397.4,20
2012-03-09 05:00:00,5842.5,21
2012-03-09 05:00:00,6231.4,19
2012-03-09 05:00:00,5634.9,22
2012-03-09 05:00:00,4966.2,23
2012-03-09 07:00:00,5278.5,17
2012-03-09 07:00:00,4425.8,13
2012-03-09 07:00:00,5445.1,16
2012-03-09 07:00:00,4027.4,14
2012-03-09 07:00:00,,18
2012-03-09 07:00:00,5263.7,15
2012-03-09 13:00:00,4602.6,3
2012-03-09 13:00:00,5195.7,6
2012-03-09 13:00:00,4467.3,4
2012-03-09 13:00:00,5121.3,2
2012-03-09 13:00:00,4662.9,5
2012-03-09 13:00:00,4008.2,1
2012-03-09 14:00:00,5186.2,11
2012-03-09 14:00:00,4597.6,12
2012-03-09 14:00:00,5346.9,10
2012-03-09 14:00:00,5182.9,7
2012-03-09 14:00:00,5518.9,9
2012-03-09 14:00:00,6010.3,8
2012-03-16 06:00:00,5635.3,22
2012-03-16 06:00:00,5842.8,21
2012-03-16 06:00:00,4966.8,23
2012-03-16 06:00:00,6399.4,20
2012-03-16 06:00:00,4694.1,24
2012-03-16 06:00:00,6236.9,19
2012-03-16 08:00:00,4433.9,13
2012-03-16 08:00:00,5447.5,16
2012-03-16 08:00:00,5278.3,17
2012-03-16 08:00:00,4033.3,14
2012-03-16 08:00:00,,18
2012-03-16 08:00:00,5266.6,15
2012-03-16 14:00:00,5205.0,6
2012-03-16 14:00:00,4011.8,1
2012-03-16 14:00:00,4680.1,5
2012-03-16 14:00:00,5137.9,2
2012-03-16 14:00:00,4475.9,4
2012-03-16 14:00:00,4609.6,3
2012-03-16 15:00:00,6016.1,8
2012-03-16 15:00:00,5521.9,9
2012-03-16 15:00:00,5193.6,7
2012-03-16 15:00:00,4598.9,12
2012-03-16 15:00:00,5350.2,10
2012-03-16 15:00:00,5187.9,11
2012-03-24 07:00:00,5842.8,21
2012-03-24 07:00:00,4967.3,23
2012-03-24 07:00:00,6237.3,19
2012-03-24 07:00:00,5635.4,22
2012-03-24 07:00:00,4694.3,24
2012-03-24 07:00:00,6399.9,20
2012-03-24 09:00:00,5447.2,16
2012-03-24 09:00:00,,18
2012-03-24 09:00:00,5278.2,17
2012-03-24 09:00:00,5266.6,15
2012-03-24 09:00:00,4033.4,14
2012-03-24 09:00:00,4433.0,13
2012-03-24 15:00:00,4012.4,1
2012-03-24 15:00:00,4692.6,5
2012-03-24 15:00:00,4612.4,3
2012-03-24 15:00:00,5137.5,2
2012-03-24 15:00:00,5210.7,6
2012-03-24 15:00:00,4478.6,4
2012-03-24 16:00:00,5349.2,10
2012-03-24 16:00:00,4598.6,12
2012-03-24 16:00:00,6015.5,8
2012-03-24 16:00:00,5193.9,7
2012-03-24 16:00:00,5187.3,11
2012-03-24 16:00:00,5520.8,9
2012-03-29 08:00:00,5636.3,22
2012-03-29 08:00:00,5844.2,21
2012-03-29 08:00:00,6402.0,20
2012-03-29 08:00:00,6239.2,19
2012-03-29 08:00:00,4969.0,23
2012-03-29 08:00:00,4694.7,24
2012-03-29 10:00:00,,18
2012-03-29 10:00:00,5274.7,15
2012-03-29 10:00:00,4042.0,14
2012-03-29 10:00:00,5282.9,17
2012-03-29 10:00:00,4439.2,13
2012-03-29 10:00:00,5454.8,16
2012-03-29 16:00:00,5222.5,6
2012-03-29 16:00:00,5155.4,2
2012-03-29 16:00:00,4491.1,4
2012-03-29 16:00:00,4696.1,5
2012-03-29 16:00:00,4016.6,1
2012-03-29 16:00:00,4619.1,3
2012-03-29 17:00:00,6016.7,8
2012-03-29 17:00:00,5194.1,7
2012-03-29 17:00:00,5357.0,10
2012-03-29 17:00:00,5528.7,9
2012-03-29 17:00:00,5191.7,11
2012-03-29 17:00:00,4602.2,12
2012-04-04 09:00:00,4693.8,24
2012-04-04 09:00:00,6399.7,20
2012-04-04 09:00:00,5843.4,21
2012-04-04 09:00:00,6236.3,19
2012-04-04 09:00:00,5635.1,22
2012-04-04 09:00:00,4967.9,23
2012-04-04 11:00:00,5282.6,17
2012-04-04 11:00:00,5272.3,15
2012-04-04 11:00:00,5451.4,16
2012-04-04 11:00:00,4040.7,14
2012-04-04 11:00:00,4432.9,13
2012-04-04 11:00:00,,18
2012-04-04 17:00:00,4674.9,5
2012-04-04 17:00:00,4011.7,1
2012-04-04 17:00:00,4612.5,3
2012-04-04 17:00:00,4483.0,4
2012-04-04 17:00:00,5137.6,2
2012-04-04 17:00:00,5211.3,6
2012-04-04 18:00:00,6012.5,8
2012-04-04 18:00:00,4599.4,12
2012-04-04 18:00:00,5350.6,10
2012-04-04 18:00:00,5188.5,11
2012-04-04 18:00:00,5190.7,7
2012-04-04 18:00:00,5522.8,9
2012-04-11 10:00:00,4967.3,23
2012-04-11 10:00:00,5842.9,21
2012-04-11 10:00:00,4693.3,24
2012-04-11 10:00:00,5634.5,22
2012-04-11 10:00:00,6233.9,19
2012-04-11 10:00:00,6397.8,20
2012-04-11 12:00:00,4040.4,14
2012-04-11 12:00:00,4432.3,13
2012-04-11 12:00:00,5272.0,15
2012-04-11 12:00:00,,18
2012-04-11 12:00:00,5282.6,17
2012-04-11 12:00:00,5451.1,16
2012-04-11 18:00:00,5218.0,6
2012-04-11 18:00:00,5142.3,2
2012-04-11 18:00:00,4623.9,3
2012-04-11 18:00:00,4484.4,4
2012-04-11 18:00:00,4012.9,1
2012-04-11 18:00:00,4684.3,5
2012-04-11 19:00:00,6010.6,8
2012-04-11 19:00:00,5189.1,7
2012-04-11 19:00:00,5522.0,9
2012-04-11 19:00:00,5188.0,11
2012-04-11 19:00:00,4598.8,12
2012-04-11 19:00:00,5349.0,10
2012-04-20 11:00:00,5843.3,21
2012-04-20 11:00:00,4968.1,23
2012-04-20 11:00:00,4693.2,24
2012-04-20 11:00:00,6234.1,19
2012-04-20 11:00:00,6398.4,20
2012-04-20 11:00:00,5635.3,22
2012-04-20 13:00:00,4432.0,13
2012-04-20 13:00:00,5282.4,17
2012-04-20 13:00:00,5451.1,16
2012-04-20 13:00:00,,18
2012-04-20 13:00:00,4036.6,14
2012-04-20 13:00:00,5271.6,15
2012-04-20 19:00:00,4487.0,4
2012-04-20 19:00:00,4616.8,3
2012-04-20 19:00:00,4014.2,1
2012-04-20 19:00:00,4688.0,5
2012-04-20 19:00:00,5218.3,6
2012-04-20 19:00:00,5147.7,2
2012-04-20 20:00:00,5348.6,10
2012-04-20 20:00:00,6011.9,8
2012-04-20 20:00:00,5190.0,7
2012-04-20 20:00:00,4598.9,12
2012-04-20 20:00:00,5187.7,11
2012-04-20 20:00:00,5521.5,9
2012-04-26 12:00:00,5637.2,22
2012-04-26 12:00:00,5845.2,21
2012-04-26 12:00:00,4693.7,24
2012-04-26 12:00:00,6237.3,19
2012-04-26 12:00:00,4970.5,23
2012-04-26 12:00:00,6401.9,20
2012-04-26 14:00:00,,18
2012-04-26 14:00:00,4444.8,13
2012-04-26 14:00:00,5279.5,15
2012-04-26 14:00:00,5285.4,17
2012-04-26 14:00:00,5457.4,16
2012-04-26 14:00:00,4047.7,14
2012-04-26 20:00:00,5238.9,6
2012-04-26 20:00:00,5161.3,2
2012-04-26 20:00:00,4623.6,3
2012-04-26 20:00:00,4709.6,5
2012-04-26 20:00:00,4499.5,4
2012-04-26 20:00:00,4017.5,1
2012-04-26 21:00:00,5191.3,11
2012-04-26 21:00:00,5192.9,7
2012-04-26 21:00:00,5356.2,10
2012-04-26 21:00:00,4602.3,12
2012-04-26 21:00:00,5528.4,9
2012-04-26 21:00:00,6016.0,8
2012-05-17 13:00:00,6231.0,19
2012-05-17 13:00:00,5846.0,21
2012-05-17 13:00:00,6399.3,20
2012-05-17 13:00:00,4692.6,24
2012-05-17 13:00:00,4969.6,23
2012-05-17 13:00:00,5637.9,22
2012-05-17 15:00:00,5287.5,17
2012-05-17 15:00:00,4046.5,14
2012-05-17 15:00:00,5281.9,15
2012-05-17 15:00:00,,18
2012-05-17 15:00:00,5460.2,16
2012-05-17 15:00:00,4429.3,13
2012-05-17 21:00:00,5244.5,6
2012-05-17 21:00:00,4626.6,3
2012-05-17 21:00:00,4507.7,4
2012-05-17 21:00:00,4709.0,5
2012-05-17 21:00:00,4017.0,1
2012-05-17 21:00:00,5162.2,2
2012-05-17 22:00:00,5351.9,10
2012-05-17 22:00:00,5192.2,11
2012-05-17 22:00:00,5182.4,7
2012-05-17 22:00:00,5529.0,9
2012-05-17 22:00:00,4600.4,12
2012-05-17 22:00:00,6000.3,8
2012-05-24 14:00:00,6229.7,19
2012-05-24 14:00:00,5637.3,22
2012-05-24 14:00:00,6398.0,20
2012-05-24 14:00:00,4692.0,24
2012-05-24 14:00:00,5845.6,21
2012-05-24 14:00:00,4969.6,23
2012-05-24 16:00:00,,18
2012-05-24 16:00:00,4427.3,13
2012-05-24 16:00:00,4045.9,14
2012-05-24 16:00:00,5279.7,15
2012-05-24 16:00:00,5458.3,16
2012-05-24 16:00:00,5286.8,17
2012-05-24 22:00:00,4014.8,1
2012-05-24 22:00:00,4500.4,4
2012-05-24 22:00:00,5156.1,2
2012-05-24 22:00:00,4620.8,3
2012-05-24 22:00:00,5233.6,6
2012-05-24 22:00:00,4682.9,5
2012-05-24 23:00:00,6003.1,8
2012-05-24 23:00:00,5349.0,10
2012-05-24 23:00:00,5182.4,7
2012-05-24 23:00:00,4598.5,12
2012-05-24 23:00:00,5524.0,9
2012-05-24 23:00:00,5190.0,11
2012-05-30 00:00:00,5521.7,9
2012-05-30 00:00:00,6000.0,8
2012-05-30 00:00:00,4566.9,12
2012-05-30 00:00:00,5187.4,11
2012-05-30 00:00:00,5181.7,7
2012-05-30 00:00:00,5345.6,10
2012-05-30 15:00:00,4968.4,23
2012-05-30 15:00:00,5845.2,21
2012-05-30 15:00:00,6396.5,20
2012-05-30 15:00:00,5636.8,22
2012-05-30 15:00:00,4691.7,24
2012-05-30 15:00:00,6226.9,19
2012-05-30 17:00:00,5278.5,15
2012-05-30 17:00:00,4426.8,13
2012-05-30 17:00:00,,18
2012-05-30 17:00:00,4041.4,14
2012-05-30 17:00:00,5456.5,16
2012-05-30 17:00:00,5287.0,17
2012-05-30 23:00:00,4498.9,4
2012-05-30 23:00:00,4014.0,1
2012-05-30 23:00:00,4679.9,5
2012-05-30 23:00:00,5153.7,2
2012-05-30 23:00:00,4621.3,3
2012-05-30 23:00:00,5229.8,6
2012-06-04 00:00:00,4704.1,5
2012-06-04 00:00:00,4629.1,3
2012-06-04 00:00:00,5244.6,6
2012-06-04 00:00:00,4509.2,4
2012-06-04 00:00:00,4016.9,1
2012-06-04 00:00:00,5161.4,2
2012-06-04 01:00:00,4600.5,12
2012-06-04 01:00:00,5180.6,7
2012-06-04 01:00:00,5527.3,9
2012-06-04 01:00:00,5351.1,10
2012-06-04 01:00:00,5999.4,8
2012-06-04 01:00:00,5191.7,11
2012-06-04 16:00:00,5847.5,21
2012-06-04 16:00:00,4692.9,24
2012-06-04 16:00:00,6228.5,19
2012-06-04 16:00:00,5640.7,22
2012-06-04 16:00:00,4969.8,23
2012-06-04 16:00:00,6398.9,20
2012-06-04 18:00:00,5281.3,15
2012-06-04 18:00:00,,18
2012-06-04 18:00:00,4041.4,14
2012-06-04 18:00:00,5460.2,16
2012-06-04 18:00:00,,17
2012-06-04 18:00:00,4429.5,13
2012-06-14 01:00:00,5164.3,2
2012-06-14 01:00:00,4016.4,1
2012-06-14 01:00:00,4622.2,3
2012-06-14 01:00:00,4685.3,5
2012-06-14 01:00:00,4506.9,4
2012-06-14 01:00:00,5252.4,6
2012-06-14 02:00:00,5993.9,8
2012-06-14 02:00:00,5522.8,9
2012-06-14 02:00:00,5175.2,7
2012-06-14 02:00:00,5348.2,10
2012-06-14 02:00:00,5189.6,11
2012-06-14 02:00:00,4599.8,12
2012-06-14 17:00:00,6396.9,20
2012-06-14 17:00:00,6224.5,19
2012-06-14 17:00:00,5641.2,22
2012-06-14 17:00:00,4969.7,23
2012-06-14 17:00:00,5848.3,21
2012-06-14 17:00:00,4692.2,24
2012-06-14 19:00:00,5279.0,15
2012-06-14 19:00:00,,18
2012-06-14 19:00:00,4423.1,13
2012-06-14 19:00:00,5291.4,17
2012-06-14 19:00:00,5458.5,16
2012-06-14 19:00:00,4037.5,14
2012-06-20 02:00:00,4704.1,5
2012-06-20 02:00:00,5165.5,2
2012-06-20 02:00:00,4522.1,4
2012-06-20 02:00:00,4627.4,3
2012-06-20 02:00:00,4016.9,1
2012-06-20 02:00:00,5251.4,6
2012-06-20 03:00:00,4601.2,12
2012-06-20 03:00:00,5191.0,11
2012-06-20 03:00:00,5525.4,9
2012-06-20 03:00:00,5350.3,10
2012-06-20 03:00:00,5175.1,7
2012-06-20 03:00:00,5993.1,8
2012-06-20 18:00:00,5641.9,22
2012-06-20 18:00:00,6224.0,19
2012-06-20 18:00:00,6397.4,20
2012-06-20 18:00:00,5849.0,21
2012-06-20 18:00:00,4692.9,24
2012-06-20 18:00:00,4971.0,23
2012-06-20 20:00:00,4038.0,14
2012-06-20 20:00:00,5291.7,17
2012-06-20 20:00:00,,18
2012-06-20 20:00:00,5459.8,16
2012-06-20 20:00:00,4424.5,13
2012-06-20 20:00:00,5280.9,15
2012-06-28 03:00:00,5249.2,6
2012-06-28 03:00:00,4510.3,4
2012-06-28 03:00:00,4016.1,1
2012-06-28 03:00:00,4625.1,3
2012-06-28 03:00:00,4691.9,5
2012-06-28 03:00:00,5164.3,2
2012-06-28 04:00:00,5166.3,7
2012-06-28 04:00:00,5519.0,9
2012-06-28 04:00:00,5190.2,11
2012-06-28 04:00:00,4600.3,12
2012-06-28 04:00:00,5980.2,8
2012-06-28 04:00:00,5346.1,10
2012-06-28 19:00:00,4692.4,24
2012-06-28 19:00:00,6394.4,20
2012-06-28 19:00:00,6218.8,19
2012-06-28 19:00:00,4970.7,23
2012-06-28 19:00:00,5848.7,21
2012-06-28 19:00:00,5641.4,22
2012-06-28 21:00:00,,18
2012-06-28 21:00:00,4030.6,14
2012-06-28 21:00:00,5279.0,15
2012-06-28 21:00:00,4404.0,13
2012-06-28 21:00:00,5291.1,17
2012-06-28 21:00:00,5457.3,16
2012-07-05 04:00:00,5244.6,6
2012-07-05 04:00:00,4513.8,4
2012-07-05 04:00:00,4016.5,1
2012-07-05 04:00:00,4703.5,5
2012-07-05 04:00:00,5164.2,2
2012-07-05 04:00:00,4630.9,3
2012-07-05 05:00:00,5521.7,9
2012-07-05 05:00:00,5349.5,10
2012-07-05 05:00:00,5982.3,8
2012-07-05 05:00:00,5166.7,7
2012-07-05 05:00:00,5192.1,11
2012-07-05 05:00:00,4602.7,12
2012-07-05 20:00:00,5643.5,22
2012-07-05 20:00:00,5851.0,21
2012-07-05 20:00:00,4973.5,23
2012-07-05 20:00:00,6397.0,20
2012-07-05 20:00:00,6219.9,19
2012-07-05 20:00:00,4694.3,24
2012-07-05 22:00:00,4028.4,14
2012-07-05 22:00:00,5278.8,15
2012-07-05 22:00:00,4400.9,13
2012-07-05 22:00:00,5457.9,16
2012-07-05 22:00:00,5291.9,17
2012-07-05 22:00:00,,18
2012-07-13 05:00:00,4712.5,5
2012-07-13 05:00:00,5175.3,2
2012-07-13 05:00:00,4019.6,1
2012-07-13 05:00:00,4633.7,3
2012-07-13 05:00:00,4523.1,4
2012-07-13 05:00:00,5261.4,6
2012-07-13 06:00:00,5150.0,7
2012-07-13 06:00:00,5976.9,8
2012-07-13 06:00:00,5356.1,10
2012-07-13 06:00:00,5196.7,11
2012-07-13 06:00:00,4605.4,12
2012-07-13 06:00:00,5524.8,9
2012-07-13 21:00:00,5851.0,21
2012-07-13 21:00:00,4973.0,23
2012-07-13 21:00:00,4693.7,24
2012-07-13 21:00:00,5644.4,22
2012-07-13 21:00:00,6215.9,19
2012-07-13 21:00:00,6393.8,20
2012-07-13 23:00:00,4372.2,13
2012-07-13 23:00:00,3996.0,14
2012-07-13 23:00:00,5279.6,15
2012-07-13 23:00:00,5292.4,17
2012-07-13 23:00:00,5459.2,16
2012-07-13 23:00:00,,18
2012-07-18 00:00:00,4390.8,13
2012-07-18 00:00:00,,18
2012-07-18 00:00:00,5293.7,17
2012-07-18 00:00:00,5461.6,16
2012-07-18 00:00:00,5283.4,15
2012-07-18 00:00:00,4003.1,14
2012-07-18 06:00:00,5265.0,6
2012-07-18 06:00:00,4706.4,5
2012-07-18 06:00:00,4523.3,4
2012-07-18 06:00:00,4632.9,3
2012-07-18 06:00:00,4021.1,1
2012-07-18 06:00:00,5181.3,2
2012-07-18 07:00:00,5358.2,10
2012-07-18 07:00:00,4606.1,12
2012-07-18 07:00:00,5197.8,11
2012-07-18 07:00:00,5983.6,8
2012-07-18 07:00:00,5525.0,9
2012-07-18 07:00:00,5153.2,7
2012-07-18 22:00:00,5851.6,21
2012-07-18 22:00:00,5644.8,22
2012-07-18 22:00:00,6215.4,19
2012-07-18 22:00:00,6394.3,20
2012-07-18 22:00:00,4973.6,23
2012-07-18 22:00:00,4693.7,24
2012-07-30 01:00:00,,18
2012-07-30 01:00:00,4011.3,14
2012-07-30 01:00:00,5293.8,17
2012-07-30 01:00:00,5284.4,15
2012-07-30 01:00:00,4387.4,13
2012-07-30 01:00:00,5463.4,16
2012-07-30 07:00:00,5181.1,2
2012-07-30 07:00:00,4632.0,3
2012-07-30 07:00:00,5263.0,6
2012-07-30 07:00:00,4523.6,4
2012-07-30 07:00:00,4020.5,1
2012-07-30 07:00:00,4705.2,5
2012-07-30 08:00:00,5976.6,8
2012-07-30 08:00:00,5153.8,7
2012-07-30 08:00:00,5198.3,11
2012-07-30 08:00:00,4606.0,12
2012-07-30 08:00:00,5525.1,9
2012-07-30 08:00:00,5355.7,10
2012-07-30 23:00:00,6212.6,19
2012-07-30 23:00:00,4694.6,24
2012-07-30 23:00:00,6393.0,20
2012-07-30 23:00:00,5648.5,22
2012-07-30 23:00:00,5852.8,21
2012-07-30 23:00:00,4975.6,23
2012-08-10 00:00:00,4694.4,24
2012-08-10 00:00:00,5853.6,21
2012-08-10 00:00:00,4973.4,23
2012-08-10 00:00:00,5647.3,22
2012-08-10 00:00:00,6389.4,20
2012-08-10 00:00:00,6206.0,19
2012-08-10 02:00:00,5279.8,15
2012-08-10 02:00:00,4375.1,13
2012-08-10 02:00:00,4005.1,14
2012-08-10 02:00:00,5290.1,17
2012-08-10 02:00:00,5458.4,16
2012-08-10 02:00:00,,18
2012-08-10 08:00:00,5247.8,6
2012-08-10 08:00:00,4692.9,5
2012-08-10 08:00:00,4625.7,3
2012-08-10 08:00:00,4017.3,1
2012-08-10 08:00:00,5168.3,2
2012-08-10 08:00:00,4514.4,4
2012-08-10 09:00:00,5349.1,10
2012-08-10 09:00:00,5973.2,8
2012-08-10 09:00:00,5152.0,7
2012-08-10 09:00:00,4602.8,12
2012-08-10 09:00:00,5518.3,9
2012-08-10 09:00:00,5194.4,11
2012-08-16 01:00:00,6387.2,20
2012-08-16 01:00:00,4973.9,23
2012-08-16 01:00:00,6204.5,19
2012-08-16 01:00:00,4694.6,24
2012-08-16 01:00:00,5853.0,21
2012-08-16 01:00:00,5645.6,22
2012-08-16 03:00:00,5453.8,16
2012-08-16 03:00:00,4363.7,13
2012-08-16 03:00:00,5292.0,17
2012-08-16 03:00:00,3999.2,14
2012-08-16 03:00:00,,18
2012-08-16 03:00:00,5271.0,15
2012-08-16 09:00:00,5156.1,2
2012-08-16 09:00:00,4677.8,5
2012-08-16 09:00:00,4506.4,4
2012-08-16 09:00:00,4618.0,3
2012-08-16 09:00:00,4013.3,1
2012-08-16 09:00:00,5241.9,6
2012-08-16 10:00:00,5511.1,9
2012-08-16 10:00:00,5190.9,11
2012-08-16 10:00:00,5343.9,10
2012-08-16 10:00:00,5150.5,7
2012-08-16 10:00:00,4599.4,12
2012-08-16 10:00:00,5975.1,8
2012-08-23 02:00:00,4974.0,23
2012-08-23 02:00:00,6206.7,19
2012-08-23 02:00:00,4694.1,24
2012-08-23 02:00:00,6389.5,20
2012-08-23 02:00:00,5852.4,21
2012-08-23 02:00:00,5645.6,22
2012-08-23 04:00:00,4386.5,13
2012-08-23 04:00:00,4000.3,14
2012-08-23 04:00:00,5274.9,15
2012-08-23 04:00:00,5453.9,16
2012-08-23 04:00:00,5292.9,17
2012-08-23 04:00:00,,18
2012-08-23 10:00:00,4013.2,1
2012-08-23 10:00:00,5241.8,6
2012-08-23 10:00:00,4502.9,4
2012-08-23 10:00:00,5153.7,2
2012-08-23 10:00:00,4616.5,3
2012-08-23 10:00:00,4678.6,5
2012-08-23 11:00:00,5190.7,11
2012-08-23 11:00:00,5987.5,8
2012-08-23 11:00:00,4599.2,12
2012-08-23 11:00:00,5510.8,9
2012-08-23 11:00:00,5162.0,7
2012-08-23 11:00:00,5346.1,10
2012-08-29 03:00:00,4976.5,23
2012-08-29 03:00:00,5648.4,22
2012-08-29 03:00:00,6213.2,19
2012-08-29 03:00:00,6395.2,20
2012-08-29 03:00:00,4695.3,24
2012-08-29 03:00:00,5860.4,21
2012-08-29 05:00:00,5460.0,16
2012-08-29 05:00:00,,18
2012-08-29 05:00:00,4409.1,13
2012-08-29 05:00:00,5283.7,15
2012-08-29 05:00:00,5295.6,17
2012-08-29 05:00:00,4021.1,14
2012-08-29 11:00:00,4700.0,5
2012-08-29 11:00:00,4626.4,3
2012-08-29 11:00:00,5252.2,6
2012-08-29 11:00:00,4516.5,4
2012-08-29 11:00:00,5173.4,2
2012-08-29 11:00:00,4018.5,1
2012-08-29 12:00:00,5355.5,10
2012-08-29 12:00:00,5199.0,11
2012-08-29 12:00:00,5530.4,9
2012-08-29 12:00:00,5996.0,8
2012-08-29 12:00:00,5171.6,7
2012-08-29 12:00:00,4602.9,12
2012-09-05 04:00:00,5647.7,22
2012-09-05 04:00:00,4975.9,23
2012-09-05 04:00:00,6210.3,19
2012-09-05 04:00:00,4695.6,24
2012-09-05 04:00:00,6396.0,20
2012-09-05 04:00:00,5852.7,21
2012-09-05 06:00:00,5282.0,15
2012-09-05 06:00:00,4399.8,13
2012-09-05 06:00:00,,18
2012-09-05 06:00:00,5458.6,16
2012-09-05 06:00:00,5255.3,17
2012-09-05 06:00:00,4019.9,14
2012-09-05 12:00:00,5160.6,2
2012-09-05 12:00:00,4621.0,3
2012-09-05 12:00:00,4580.0,4
2012-09-05 12:00:00,4014.9,1
2012-09-05 12:00:00,4684.5,5
2012-09-05 12:00:00,5244.7,6
2012-09-05 13:00:00,5349.2,10
2012-09-05 13:00:00,5988.0,8
2012-09-05 13:00:00,5167.7,7
2012-09-05 13:00:00,4600.9,12
2012-09-05 13:00:00,5196.0,11
2012-09-05 13:00:00,5526.4,9
2012-09-13 05:00:00,5859.5,21
2012-09-13 05:00:00,5647.3,22
2012-09-13 05:00:00,6208.6,19
2012-09-13 05:00:00,4975.9,23
2012-09-13 05:00:00,4695.7,24
2012-09-13 05:00:00,6397.5,20
2012-09-13 07:00:00,4343.1,13
2012-09-13 07:00:00,,18
2012-09-13 07:00:00,3988.3,14
2012-09-13 07:00:00,5295.6,17
2012-09-13 07:00:00,5457.6,16
2012-09-13 07:00:00,5280.1,15
2012-09-13 13:00:00,4015.8,1
2012-09-13 13:00:00,4684.0,5
2012-09-13 13:00:00,4507.3,4
2012-09-13 13:00:00,5164.3,2
2012-09-13 13:00:00,5242.5,6
2012-09-13 13:00:00,4621.1,3
2012-09-13 14:00:00,5525.7,9
2012-09-13 14:00:00,5144.3,7
2012-09-13 14:00:00,5344.8,10
2012-09-13 14:00:00,4601.2,12
2012-09-13 14:00:00,5966.1,8
2012-09-13 14:00:00,5195.4,11
2012-09-18 06:00:00,5646.8,22
2012-09-18 06:00:00,4695.3,24
2012-09-18 06:00:00,5859.1,21
2012-09-18 06:00:00,6398.5,20
2012-09-18 06:00:00,6209.7,19
2012-09-18 06:00:00,4975.6,23
2012-09-18 08:00:00,5295.4,17
2012-09-18 08:00:00,,18
2012-09-18 08:00:00,5454.5,16
2012-09-18 08:00:00,3989.4,14
2012-09-18 08:00:00,5277.7,15
2012-09-18 08:00:00,4376.0,13
2012-09-18 14:00:00,4616.9,3
2012-09-18 14:00:00,4013.4,1
2012-09-18 14:00:00,4676.9,5
2012-09-18 14:00:00,5243.1,6
2012-09-18 14:00:00,4502.0,4
2012-09-18 14:00:00,5155.9,2
2012-09-18 15:00:00,5155.5,7
2012-09-18 15:00:00,5344.3,10
2012-09-18 15:00:00,5982.2,8
2012-09-18 15:00:00,4599.4,12
2012-09-18 15:00:00,5521.7,9
2012-09-18 15:00:00,5193.4,11
2012-09-27 07:00:00,6386.5,20
2012-09-27 07:00:00,4696.8,24
2012-09-27 07:00:00,4977.8,23
2012-09-27 07:00:00,6211.0,19
2012-09-27 07:00:00,5648.1,22
2012-09-27 07:00:00,5860.8,21
2012-09-27 09:00:00,5459.0,16
2012-09-27 09:00:00,4340.3,13
2012-09-27 09:00:00,,18
2012-09-27 09:00:00,5282.3,15
2012-09-27 09:00:00,3959.7,14
2012-09-27 09:00:00,5298.0,17
2012-09-27 15:00:00,5250.9,6
2012-09-27 15:00:00,4694.1,5
2012-09-27 15:00:00,5175.9,2
2012-09-27 15:00:00,4626.4,3
2012-09-27 15:00:00,4515.9,4
2012-09-27 15:00:00,4019.0,1
2012-09-27 16:00:00,5113.8,7
2012-09-27 16:00:00,4604.7,12
2012-09-27 16:00:00,5354.5,10
2012-09-27 16:00:00,5201.1,11
2012-09-27 16:00:00,5974.1,8
2012-09-27 16:00:00,5525.9,9
2012-10-05 08:00:00,5646.1,22
2012-10-05 08:00:00,6207.4,19
2012-10-05 08:00:00,6381.4,20
2012-10-05 08:00:00,4976.5,23
2012-10-05 08:00:00,5859.2,21
2012-10-05 08:00:00,4695.7,24
2012-10-05 10:00:00,5297.0,17
2012-10-05 10:00:00,,18
2012-10-05 10:00:00,4272.7,13
2012-10-05 10:00:00,5458.8,16
2012-10-05 10:00:00,5275.6,15
2012-10-05 10:00:00,3921.9,14
2012-10-05 16:00:00,4013.3,1
2012-10-05 16:00:00,4616.1,3
2012-10-05 16:00:00,4671.7,5
2012-10-05 16:00:00,5237.4,6
2012-10-05 16:00:00,5156.5,2
2012-10-05 16:00:00,4502.6,4
2012-10-05 17:00:00,5079.5,7
2012-10-05 17:00:00,5518.2,9
2012-10-05 17:00:00,5195.2,11
2012-10-05 17:00:00,5338.3,10
2012-10-05 17:00:00,5938.2,8
2012-10-05 17:00:00,4606.9,12
2012-10-11 09:00:00,6206.8,19
2012-10-11 09:00:00,4976.2,23
2012-10-11 09:00:00,5646.2,22
2012-10-11 09:00:00,6383.4,20
2012-10-11 09:00:00,4696.2,24
2012-10-11 09:00:00,5859.0,21
2012-10-11 11:00:00,4279.0,13
2012-10-11 11:00:00,3921.2,14
2012-10-11 11:00:00,5297.1,17
2012-10-11 11:00:00,,18
2012-10-11 11:00:00,5274.6,15
2012-10-11 11:00:00,5454.0,16
2012-10-11 17:00:00,5160.4,2
2012-10-11 17:00:00,4686.4,5
2012-10-11 17:00:00,4014.7,1
2012-10-11 17:00:00,4619.5,3
2012-10-11 17:00:00,5237.1,6
2012-10-11 17:00:00,4504.5,4
2012-10-11 18:00:00,5942.4,8
2012-10-11 18:00:00,5339.4,10
2012-10-11 18:00:00,5082.3,7
2012-10-11 18:00:00,5194.0,11
2012-10-11 18:00:00,5515.8,9
2012-10-11 18:00:00,4601.0,12
2012-10-19 10:00:00,6210.5,19
2012-10-19 10:00:00,4696.6,24
2012-10-19 10:00:00,6391.5,20
2012-10-19 10:00:00,5859.4,21
2012-10-19 10:00:00,5646.7,22
2012-10-19 10:00:00,4977.2,23
2012-10-19 12:00:00,3964.4,14
2012-10-19 12:00:00,4352.2,13
2012-10-19 12:00:00,,18
2012-10-19 12:00:00,5278.1,15
2012-10-19 12:00:00,5297.6,17
2012-10-19 12:00:00,5456.5,16
2012-10-19 18:00:00,4504.8,4
2012-10-19 18:00:00,4620.8,3
2012-10-19 18:00:00,5238.8,6
2012-10-19 18:00:00,4696.8,5
2012-10-19 18:00:00,4015.0,1
2012-10-19 18:00:00,5160.4,2
2012-10-19 19:00:00,5117.1,7
2012-10-19 19:00:00,5519.4,9
2012-10-19 19:00:00,4602.0,12
2012-10-19 19:00:00,5994.4,8
2012-10-19 19:00:00,5350.6,10
2012-10-19 19:00:00,5197.2,11
2012-10-26 11:00:00,6213.6,19
2012-10-26 11:00:00,6389.4,20
2012-10-26 11:00:00,4696.1,24
2012-10-26 11:00:00,5646.1,22
2012-10-26 11:00:00,5859.1,21
2012-10-26 11:00:00,4977.0,23
2012-10-26 13:00:00,5297.6,17
2012-10-26 13:00:00,,18
2012-10-26 13:00:00,4372.3,13
2012-10-26 13:00:00,3985.9,14
2012-10-26 13:00:00,5457.1,16
2012-10-26 13:00:00,5279.9,15
2012-10-26 19:00:00,4013.5,1
2012-10-26 19:00:00,4615.3,3
2012-10-26 19:00:00,5233.0,6
2012-10-26 19:00:00,4498.7,4
2012-10-26 19:00:00,4675.6,5
2012-10-26 19:00:00,5155.4,2
2012-10-26 20:00:00,5349.4,10
2012-10-26 20:00:00,5133.4,7
2012-10-26 20:00:00,5196.5,11
2012-10-26 20:00:00,5984.0,8
2012-10-26 20:00:00,4601.0,12
2012-10-26 20:00:00,5518.1,9
2012-11-07 12:00:00,5888.4,21
2012-11-07 12:00:00,6217.8,19
2012-11-07 12:00:00,5645.3,22
2012-11-07 12:00:00,6389.9,20
2012-11-07 12:00:00,4976.3,23
2012-11-07 12:00:00,4695.7,24
2012-11-07 14:00:00,5297.3,17
2012-11-07 14:00:00,5286.3,15
2012-11-07 14:00:00,3984.4,14
2012-11-07 14:00:00,,18
2012-11-07 14:00:00,4364.8,13
2012-11-07 14:00:00,5456.1,16
2012-11-07 20:00:00,4672.6,5
2012-11-07 20:00:00,4492.0,4
2012-11-07 20:00:00,5230.3,6
2012-11-07 20:00:00,4011.0,1
2012-11-07 20:00:00,5144.7,2
2012-11-07 20:00:00,4610.9,3
2012-11-07 21:00:00,4600.3,12
2012-11-07 21:00:00,5984.9,8
2012-11-07 21:00:00,5348.3,10
2012-11-07 21:00:00,5516.6,9
2012-11-07 21:00:00,5133.4,7
2012-11-07 21:00:00,5195.6,11
2012-11-14 13:00:00,4976.8,23
2012-11-14 13:00:00,4695.0,24
2012-11-14 13:00:00,6391.8,20
2012-11-14 13:00:00,6220.8,19
2012-11-14 13:00:00,5857.4,21
2012-11-14 13:00:00,5644.7,22
2012-11-14 15:00:00,3985.0,14
2012-11-14 15:00:00,5280.2,15
2012-11-14 15:00:00,5456.3,16
2012-11-14 15:00:00,4368.9,13
2012-11-14 15:00:00,5297.5,17
2012-11-14 15:00:00,,18
2012-11-14 21:00:00,5232.9,6
2012-11-14 21:00:00,5148.1,2
2012-11-14 21:00:00,4494.4,4
2012-11-14 21:00:00,4690.9,5
2012-11-14 21:00:00,4012.8,1
2012-11-14 21:00:00,4615.5,3
2012-11-14 22:00:00,4600.7,12
2012-11-14 22:00:00,5991.2,8
2012-11-14 22:00:00,5138.6,7
2012-11-14 22:00:00,5350.1,10
2012-11-14 22:00:00,5516.7,9
2012-11-14 22:00:00,5195.9,11
2012-11-22 14:00:00,6391.8,20
2012-11-22 14:00:00,4975.6,23
2012-11-22 14:00:00,5642.4,22
2012-11-22 14:00:00,5854.7,21
2012-11-22 14:00:00,6222.1,19
2012-11-22 14:00:00,4694.6,24
2012-11-22 16:00:00,5297.0,17
2012-11-22 16:00:00,3992.6,14
2012-11-22 16:00:00,4384.3,13
2012-11-22 16:00:00,,18
2012-11-22 16:00:00,5279.1,15
2012-11-22 16:00:00,5455.0,16
2012-11-22 22:00:00,4009.3,1
2012-11-22 22:00:00,5223.2,6
2012-11-22 22:00:00,5136.4,2
2012-11-22 22:00:00,4607.2,3
2012-11-22 22:00:00,4669.0,5
2012-11-22 22:00:00,4483.1,4
2012-11-22 23:00:00,5193.9,11
2012-11-22 23:00:00,5514.4,9
2012-11-22 23:00:00,4598.6,12
2012-11-22 23:00:00,5348.0,10
2012-11-22 23:00:00,5998.8,8
2012-11-22 23:00:00,5155.2,7
2012-11-30 00:00:00,5193.8,11
2012-11-30 00:00:00,5998.0,8
2012-11-30 00:00:00,5163.2,7
2012-11-30 00:00:00,5516.1,9
2012-11-30 00:00:00,4598.3,12
2012-11-30 00:00:00,5348.6,10
2012-11-30 15:00:00,5642.5,22
2012-11-30 15:00:00,4695.2,24
2012-11-30 15:00:00,4975.6,23
2012-11-30 15:00:00,6393.4,20
2012-11-30 15:00:00,5856.0,21
2012-11-30 15:00:00,6225.3,19
2012-11-30 17:00:00,3995.8,14
2012-11-30 17:00:00,5296.1,17
2012-11-30 17:00:00,,18
2012-11-30 17:00:00,5279.2,15
2012-11-30 17:00:00,4384.6,13
2012-11-30 17:00:00,5454.2,16
2012-11-30 23:00:00,4607.0,3
2012-11-30 23:00:00,4669.5,5
2012-11-30 23:00:00,4483.3,4
2012-11-30 23:00:00,5221.1,6
2012-11-30 23:00:00,5137.0,2
2012-11-30 23:00:00,4009.5,1
2012-12-07 00:00:00,4007.5,1
2012-12-07 00:00:00,5213.2,6
2012-12-07 00:00:00,4662.0,5
2012-12-07 00:00:00,4602.8,3
2012-12-07 00:00:00,4475.6,4
2012-12-07 00:00:00,5126.9,2
2012-12-07 01:00:00,4596.6,12
2012-12-07 01:00:00,5344.5,10
2012-12-07 01:00:00,5191.6,11
2012-12-07 01:00:00,5513.0,9
2012-12-07 01:00:00,5994.0,8
2012-12-07 01:00:00,5161.9,7
2012-12-07 16:00:00,6225.9,19
2012-12-07 16:00:00,6392.8,20
2012-12-07 16:00:00,4694.2,24
2012-12-07 16:00:00,5854.2,21
2012-12-07 16:00:00,4974.9,23
2012-12-07 16:00:00,5640.6,22
2012-12-07 18:00:00,5451.6,16
2012-12-07 18:00:00,4377.3,13
2012-12-07 18:00:00,3995.8,14
2012-12-07 18:00:00,5276.4,15
2012-12-07 18:00:00,5296.5,17
2012-12-07 18:00:00,,18
2012-12-13 01:00:00,4677.2,5
2012-12-13 01:00:00,4480.5,4
2012-12-13 01:00:00,4011.1,1
2012-12-13 01:00:00,5138.0,2
2012-12-13 01:00:00,5217.1,6
2012-12-13 01:00:00,4608.1,3
2012-12-13 02:00:00,5999.5,8
2012-12-13 02:00:00,5164.1,7
2012-12-13 02:00:00,4598.3,12
2012-12-13 02:00:00,5515.7,9
2012-12-13 02:00:00,5193.4,11
2012-12-13 02:00:00,5347.7,10
2012-12-13 17:00:00,6227.2,19
2012-12-13 17:00:00,6393.0,20
2012-12-13 17:00:00,4694.4,24
2012-12-13 17:00:00,5853.6,21
2012-12-13 17:00:00,4975.3,23
2012-12-13 17:00:00,5640.6,22
2012-12-13 19:00:00,4380.6,13
2012-12-13 19:00:00,3996.1,14
2012-12-13 19:00:00,5296.3,17
2012-12-13 19:00:00,5453.5,16
2012-12-13 19:00:00,,18
2012-12-13 19:00:00,5278.0,15
2012-12-21 02:00:00,4606.2,3
2012-12-21 02:00:00,4678.4,5
2012-12-21 02:00:00,4477.7,4
2012-12-21 02:00:00,5134.4,2
2012-12-21 02:00:00,4010.1,1
2012-12-21 02:00:00,5217.2,6
2012-12-21 03:00:00,6005.0,8
2012-12-21 03:00:00,5192.3,11
2012-12-21 03:00:00,4597.3,12
2012-12-21 03:00:00,5347.6,10
2012-12-21 03:00:00,5171.9,7
2012-12-21 03:00:00,5515.0,9
2012-12-21 18:00:00,4694.1,24
2012-12-21 18:00:00,6394.1,20
2012-12-21 18:00:00,5853.3,21
2012-12-21 18:00:00,5639.2,22
2012-12-21 18:00:00,6229.5,19
2012-12-21 18:00:00,4974.6,23
2012-12-21 20:00:00,3913.2,14
2012-12-21 20:00:00,4395.0,13
2012-12-21 20:00:00,5455.0,16
2012-12-21 20:00:00,5296.8,17
2012-12-21 20:00:00,,18
2012-12-21 20:00:00,5279.6,15
2012-12-27 03:00:00,4478.5,4
2012-12-27 03:00:00,5137.1,2
2012-12-27 03:00:00,4686.4,5
2012-12-27 03:00:00,5212.6,6
2012-12-27 03:00:00,4609.1,3
2012-12-27 03:00:00,4011.1,1
2012-12-27 04:00:00,5180.2,7
2012-12-27 04:00:00,4598.1,12
2012-12-27 04:00:00,5349.1,10
2012-12-27 04:00:00,5193.0,11
2012-12-27 04:00:00,5517.5,9
2012-12-27 04:00:00,6008.0,8
2012-12-27 19:00:00,5638.6,22
2012-12-27 19:00:00,6233.0,19
2012-12-27 19:00:00,4694.6,24
2012-12-27 19:00:00,6395.7,20
2012-12-27 19:00:00,5852.3,21
2012-12-27 19:00:00,4974.6,23
2012-12-27 21:00:00,5455.6,16
2012-12-27 21:00:00,5297.0,17
2012-12-27 21:00:00,5280.1,15
2012-12-27 21:00:00,,18
2012-12-27 21:00:00,4398.2,13
2012-12-27 21:00:00,4008.1,14
2013-01-24 04:00:00,5130.2,2
2013-01-24 04:00:00,4607.2,3
2013-01-24 04:00:00,5201.9,6
2013-01-24 04:00:00,4556.6,5
2013-01-24 04:00:00,4009.2,1
2013-01-24 04:00:00,4476.2,4
2013-01-24 05:00:00,4597.5,12
2013-01-24 05:00:00,5192.0,11
2013-01-24 05:00:00,5346.6,10
2013-01-24 05:00:00,6002.4,8
2013-01-24 05:00:00,5174.9,7
2013-01-24 05:00:00,5516.8,9
2013-01-24 20:00:00,5637.5,22
2013-01-24 20:00:00,4974.5,23
2013-01-24 20:00:00,5852.0,21
2013-01-24 20:00:00,6394.8,20
2013-01-24 20:00:00,6232.2,19
2013-01-24 20:00:00,4694.7,24
2013-01-24 22:00:00,3999.2,14
2013-01-24 22:00:00,,18
2013-01-24 22:00:00,5278.0,15
2013-01-24 22:00:00,4384.1,13
2013-01-24 22:00:00,5295.9,17
2013-01-24 22:00:00,5452.8,16
2013-01-31 05:00:00,4661.0,5
2013-01-31 05:00:00,5128.6,2
2013-01-31 05:00:00,4476.2,4
2013-01-31 05:00:00,4608.1,3
2013-01-31 05:00:00,5202.8,6
2013-01-31 05:00:00,4009.2,1
2013-01-31 06:00:00,5192.7,11
2013-01-31 06:00:00,5176.2,7
2013-01-31 06:00:00,5518.3,9
2013-01-31 06:00:00,5347.7,10
2013-01-31 06:00:00,4598.0,12
2013-01-31 06:00:00,6002.8,8
2013-01-31 21:00:00,5636.7,22
2013-01-31 21:00:00,4974.4,23
2013-01-31 21:00:00,6232.8,19
2013-01-31 21:00:00,4694.0,24
2013-01-31 21:00:00,5852.4,21
2013-01-31 21:00:00,6394.8,20
2013-01-31 23:00:00,5295.8,17
2013-01-31 23:00:00,4394.7,13
2013-01-31 23:00:00,,18
2013-01-31 23:00:00,4005.0,14
2013-01-31 23:00:00,5278.8,15
2013-01-31 23:00:00,5496.4,16
2013-02-08 00:00:00,,18
2013-02-08 00:00:00,4393.1,13
2013-02-08 00:00:00,5296.2,17
2013-02-08 00:00:00,5279.5,15
2013-02-08 00:00:00,4005.8,14
2013-02-08 00:00:00,5454.3,16
2013-02-08 06:00:00,5136.0,2
2013-02-08 06:00:00,4672.1,5
2013-02-08 06:00:00,4479.9,4
2013-02-08 06:00:00,5209.0,6
2013-02-08 06:00:00,4010.9,1
2013-02-08 06:00:00,4612.7,3
2013-02-08 07:00:00,5519.0,9
2013-02-08 07:00:00,5193.3,11
2013-02-08 07:00:00,6003.8,8
2013-02-08 07:00:00,5348.5,10
2013-02-08 07:00:00,5176.2,7
2013-02-08 07:00:00,4598.5,12
2013-02-08 22:00:00,6234.0,19
2013-02-08 22:00:00,5851.4,21
2013-02-08 22:00:00,4974.2,23
2013-02-08 22:00:00,4694.7,24
2013-02-08 22:00:00,5636.7,22
2013-02-08 22:00:00,6349.0,20
2013-02-15 01:00:00,5296.2,17
2013-02-15 01:00:00,4007.2,14
2013-02-15 01:00:00,4400.8,13
2013-02-15 01:00:00,5280.1,15
2013-02-15 01:00:00,5462.3,16
2013-02-15 01:00:00,,18
2013-02-15 07:00:00,5203.9,6
2013-02-15 07:00:00,4607.8,3
2013-02-15 07:00:00,4659.7,5
2013-02-15 07:00:00,5130.5,2
2013-02-15 07:00:00,4009.5,1
2013-02-15 07:00:00,4474.7,4
2013-02-15 08:00:00,4597.6,12
2013-02-15 08:00:00,5178.0,7
2013-02-15 08:00:00,5366.8,10
2013-02-15 08:00:00,5517.1,9
2013-02-15 08:00:00,5182.2,11
2013-02-15 08:00:00,6004.7,8
2013-02-15 23:00:00,5849.6,21
2013-02-15 23:00:00,4972.9,23
2013-02-15 23:00:00,6232.6,19
2013-02-15 23:00:00,5634.4,22
2013-02-15 23:00:00,4693.2,24
2013-02-15 23:00:00,6394.0,20
2013-06-14 00:00:00,5640.8,22
2013-06-14 00:00:00,4975.4,23
2013-06-14 00:00:00,6393.5,20
2013-06-14 00:00:00,6226.4,19
2013-06-14 00:00:00,5855.9,21
2013-06-14 00:00:00,4694.1,24
2013-06-14 02:00:00,,18
2013-06-14 02:00:00,4028.8,14
2013-06-14 02:00:00,5293.9,15
2013-06-14 02:00:00,5463.3,16
2013-06-14 02:00:00,4406.7,13
2013-06-14 02:00:00,5296.8,17
2013-06-14 08:00:00,4513.2,4
2013-06-14 08:00:00,5171.4,2
2013-06-14 08:00:00,4692.9,5
2013-06-14 08:00:00,4019.1,1
2013-06-14 08:00:00,5247.4,6
2013-06-14 08:00:00,4631.3,3
2013-06-14 09:00:00,4603.0,12
2013-06-14 09:00:00,5993.9,8
2013-06-14 09:00:00,5196.2,11
2013-06-14 09:00:00,5166.3,7
2013-06-14 09:00:00,5528.3,9
2013-06-14 09:00:00,5352.9,10
2013-06-21 01:00:00,4694.2,24
2013-06-21 01:00:00,5641.2,22
2013-06-21 01:00:00,4975.7,23
2013-06-21 01:00:00,6224.7,19
2013-06-21 01:00:00,6392.6,20
2013-06-21 01:00:00,5856.5,21
2013-06-21 03:00:00,5294.1,15
2013-06-21 03:00:00,5296.3,17
2013-06-21 03:00:00,4408.1,13
2013-06-21 03:00:00,5462.8,16
2013-06-21 03:00:00,,18
2013-06-21 03:00:00,4029.2,14
2013-06-21 09:00:00,4513.6,4
2013-06-21 09:00:00,5171.5,2
2013-06-21 09:00:00,4692.0,5
2013-06-21 09:00:00,5247.6,6
2013-06-21 09:00:00,4018.9,1
2013-06-21 09:00:00,4631.6,3
2013-06-21 10:00:00,5527.6,9
2013-06-21 10:00:00,5990.6,8
2013-06-21 10:00:00,5351.5,10
2013-06-21 10:00:00,4602.6,12
2013-06-21 10:00:00,5195.9,11
2013-06-21 10:00:00,5165.9,7
2013-06-27 02:00:00,5642.0,22
2013-06-27 02:00:00,5857.4,21
2013-06-27 02:00:00,4694.3,24
2013-06-27 02:00:00,6391.9,20
2013-06-27 02:00:00,4976.1,23
2013-06-27 02:00:00,6220.9,19
2013-06-27 04:00:00,5294.8,15
2013-06-27 04:00:00,,18
2013-06-27 04:00:00,4012.7,14
2013-06-27 04:00:00,5464.0,16
2013-06-27 04:00:00,4379.5,13
2013-06-27 04:00:00,5297.3,17
2013-06-27 10:00:00,5181.0,2
2013-06-27 10:00:00,4636.2,3
2013-06-27 10:00:00,4703.7,5
2013-06-27 10:00:00,4021.8,1
2013-06-27 10:00:00,5254.3,6
2013-06-27 10:00:00,4520.1,4
2013-06-27 11:00:00,5356.1,10
2013-06-27 11:00:00,5982.4,8
2013-06-27 11:00:00,5154.4,7
2013-06-27 11:00:00,4607.0,12
2013-06-27 11:00:00,5532.1,9
2013-06-27 11:00:00,5200.3,11
2013-07-04 03:00:00,6384.8,20
2013-07-04 03:00:00,4694.4,24
2013-07-04 03:00:00,4976.8,23
2013-07-04 03:00:00,5857.8,21
2013-07-04 03:00:00,5642.1,22
2013-07-04 03:00:00,6210.4,19
2013-07-04 05:00:00,4328.5,13
2013-07-04 05:00:00,5287.3,15
2013-07-04 05:00:00,,18
2013-07-04 05:00:00,4035.7,14
2013-07-04 05:00:00,5296.3,17
2013-07-04 05:00:00,5455.5,16
2013-07-04 11:00:00,5174.9,2
2013-07-04 11:00:00,4019.1,1
2013-07-04 11:00:00,5249.0,6
2013-07-04 11:00:00,4518.1,4
2013-07-04 11:00:00,4637.1,3
2013-07-04 11:00:00,4679.3,5
2013-07-04 12:00:00,5195.7,11
2013-07-04 12:00:00,5956.5,8
2013-07-04 12:00:00,4603.0,12
2013-07-04 12:00:00,5521.2,9
2013-07-04 12:00:00,5123.0,7
2013-07-04 12:00:00,5345.5,10
2013-07-12 04:00:00,4977.5,23
2013-07-12 04:00:00,4694.2,24
2013-07-12 04:00:00,5642.8,22
2013-07-12 04:00:00,5857.7,21
2013-07-12 04:00:00,6383.4,20
2013-07-12 04:00:00,6208.4,19
2013-07-12 06:00:00,4337.7,13
2013-07-12 06:00:00,3967.8,14
2013-07-12 06:00:00,,18
2013-07-12 06:00:00,5452.3,16
2013-07-12 06:00:00,5296.1,17
2013-07-12 06:00:00,5282.9,15
2013-07-12 12:00:00,4677.0,5
2013-07-12 12:00:00,4513.2,4
2013-07-12 12:00:00,5166.2,2
2013-07-12 12:00:00,5242.2,6
2013-07-12 12:00:00,4016.6,1
2013-07-12 12:00:00,4628.0,3
2013-07-12 13:00:00,5125.6,7
2013-07-12 13:00:00,5193.4,11
2013-07-12 13:00:00,5343.9,10
2013-07-12 13:00:00,5510.6,9
2013-07-12 13:00:00,4601.6,12
2013-07-12 13:00:00,5964.3,8
2013-07-18 05:00:00,4694.5,24
2013-07-18 05:00:00,5643.1,22
2013-07-18 05:00:00,4977.8,23
2013-07-18 05:00:00,6386.0,20
2013-07-18 05:00:00,6210.9,19
2013-07-18 05:00:00,5858.4,21
2013-07-18 07:00:00,5297.0,17
2013-07-18 07:00:00,5458.0,16
2013-07-18 07:00:00,,18
2013-07-18 07:00:00,5290.4,15
2013-07-18 07:00:00,4322.8,13
2013-07-18 07:00:00,3992.5,14
2013-07-18 13:00:00,4514.6,4
2013-07-18 13:00:00,5247.1,6
2013-07-18 13:00:00,4628.3,3
2013-07-18 13:00:00,5170.3,2
2013-07-18 13:00:00,4680.9,5
2013-07-18 13:00:00,4017.2,1
2013-07-18 14:00:00,5349.8,10
2013-07-18 14:00:00,5978.2,8
2013-07-18 14:00:00,5518.5,9
2013-07-18 14:00:00,5196.9,11
2013-07-18 14:00:00,5142.5,7
2013-07-18 14:00:00,4602.5,12
2013-08-09 06:00:00,4978.8,23
2013-08-09 06:00:00,6387.4,20
2013-08-09 06:00:00,4695.2,24
2013-08-09 06:00:00,5644.2,22
2013-08-09 06:00:00,5861.1,21
2013-08-09 06:00:00,6212.5,19
2013-08-09 08:00:00,,18
2013-08-09 08:00:00,4392.0,13
2013-08-09 08:00:00,5304.9,17
2013-08-09 08:00:00,5299.7,15
2013-08-09 08:00:00,4012.8,14
2013-08-09 08:00:00,5468.5,16
2013-08-09 14:00:00,4018.9,1
2013-08-09 14:00:00,4629.0,3
2013-08-09 14:00:00,4690.1,5
2013-08-09 14:00:00,5174.9,2
2013-08-09 14:00:00,4519.8,4
2013-08-09 14:00:00,5252.1,6
2013-08-09 15:00:00,5525.2,9
2013-08-09 15:00:00,4605.1,12
2013-08-09 15:00:00,5202.2,11
2013-08-09 15:00:00,5987.9,8
2013-08-09 15:00:00,5151.1,7
2013-08-09 15:00:00,5356.4,10
2013-08-15 07:00:00,4980.3,23
2013-08-15 07:00:00,6388.6,20
2013-08-15 07:00:00,6213.5,19
2013-08-15 07:00:00,4695.9,24
2013-08-15 07:00:00,5646.8,22
2013-08-15 07:00:00,5865.4,21
2013-08-15 09:00:00,4394.0,13
2013-08-15 09:00:00,4015.5,14
2013-08-15 09:00:00,5471.8,16
2013-08-15 09:00:00,5305.2,15
2013-08-15 09:00:00,,18
2013-08-15 09:00:00,5309.2,17
2013-08-15 15:00:00,5181.1,2
2013-08-15 15:00:00,4020.6,1
2013-08-15 15:00:00,4692.9,5
2013-08-15 15:00:00,4526.0,4
2013-08-15 15:00:00,5259.9,6
2013-08-15 15:00:00,4631.4,3
2013-08-15 16:00:00,5529.8,9
2013-08-15 16:00:00,4606.5,12
2013-08-15 16:00:00,5205.5,11
2013-08-15 16:00:00,5984.0,8
2013-08-15 16:00:00,5359.8,10
2013-08-15 16:00:00,5148.3,7
2013-08-23 08:00:00,4979.5,23
2013-08-23 08:00:00,6212.3,19
2013-08-23 08:00:00,6387.8,20
2013-08-23 08:00:00,5646.4,22
2013-08-23 08:00:00,4695.5,24
2013-08-23 08:00:00,5866.3,21
2013-08-23 10:00:00,5305.4,15
2013-08-23 10:00:00,5473.2,16
2013-08-23 10:00:00,5310.2,17
2013-08-23 10:00:00,4393.7,13
2013-08-23 10:00:00,,18
2013-08-23 10:00:00,4017.3,14
2013-08-23 16:00:00,4019.2,1
2013-08-23 16:00:00,4521.6,4
2013-08-23 16:00:00,4698.1,5
2013-08-23 16:00:00,4630.0,3
2013-08-23 16:00:00,5258.8,6
2013-08-23 16:00:00,5176.7,2
2013-08-23 17:00:00,5152.8,7
2013-08-23 17:00:00,5360.6,10
2013-08-23 17:00:00,5206.1,11
2013-08-23 17:00:00,4607.5,12
2013-08-23 17:00:00,5530.0,9
2013-08-23 17:00:00,5989.4,8
2013-08-30 09:00:00,4981.6,23
2013-08-30 09:00:00,6191.1,19
2013-08-30 09:00:00,4696.1,24
2013-08-30 09:00:00,5868.5,21
2013-08-30 09:00:00,6374.3,20
2013-08-30 09:00:00,5647.7,22
2013-08-30 11:00:00,,18
2013-08-30 11:00:00,4238.9,13
2013-08-30 11:00:00,3886.5,14
2013-08-30 11:00:00,5292.3,15
2013-08-30 11:00:00,5460.9,16
2013-08-30 11:00:00,5310.5,17
2013-08-30 17:00:00,4020.9,1
2013-08-30 17:00:00,5258.2,6
2013-08-30 17:00:00,4628.2,3
2013-08-30 17:00:00,4683.6,5
2013-08-30 17:00:00,4524.7,4
2013-08-30 17:00:00,5182.8,2
2013-08-30 18:00:00,5518.9,9
2013-08-30 18:00:00,5202.0,11
2013-08-30 18:00:00,5037.2,7
2013-08-30 18:00:00,4606.5,12
2013-08-30 18:00:00,5346.0,10
2013-08-30 18:00:00,5921.5,8
2013-09-06 10:00:00,4981.7,23
2013-09-06 10:00:00,4696.1,24
2013-09-06 10:00:00,5647.2,22
2013-09-06 10:00:00,5868.2,21
2013-09-06 10:00:00,6373.8,20
2013-09-06 10:00:00,6189.4,19
2013-09-06 12:00:00,5452.4,16
2013-09-06 12:00:00,5285.9,15
2013-09-06 12:00:00,,18
2013-09-06 12:00:00,4242.8,13
2013-09-06 12:00:00,5309.3,17
2013-09-06 12:00:00,3884.2,14
2013-09-06 18:00:00,4513.9,4
2013-09-06 18:00:00,5248.1,6
2013-09-06 18:00:00,5169.4,2
2013-09-06 18:00:00,4016.1,1
2013-09-06 18:00:00,4665.8,5
2013-09-06 18:00:00,4618.5,3
2013-09-06 19:00:00,4601.4,12
2013-09-06 19:00:00,5922.5,8
2013-09-06 19:00:00,5339.6,10
2013-09-06 19:00:00,5197.7,11
2013-09-06 19:00:00,5039.1,7
2013-09-06 19:00:00,5510.4,9
2013-09-13 11:00:00,6188.0,19
2013-09-13 11:00:00,4981.3,23
2013-09-13 11:00:00,4695.7,24
2013-09-13 11:00:00,5867.7,21
2013-09-13 11:00:00,6374.3,20
2013-09-13 11:00:00,5646.5,22
2013-09-13 13:00:00,5281.7,15
2013-09-13 13:00:00,3885.2,14
2013-09-13 13:00:00,4245.8,13
2013-09-13 13:00:00,5308.8,17
2013-09-13 13:00:00,5449.0,16
2013-09-13 13:00:00,,18
2013-09-13 19:00:00,4502.1,4
2013-09-13 19:00:00,4611.0,3
2013-09-13 19:00:00,5237.0,6
2013-09-13 19:00:00,4657.4,5
2013-09-13 19:00:00,5151.5,2
2013-09-13 19:00:00,4012.0,1
2013-09-13 20:00:00,4600.1,12
2013-09-13 20:00:00,5924.4,8
2013-09-13 20:00:00,5335.9,10
2013-09-13 20:00:00,5506.3,9
2013-09-13 20:00:00,5042.1,7
2013-09-13 20:00:00,5195.1,11
2013-09-19 12:00:00,4698.0,24
2013-09-19 12:00:00,5646.8,22
2013-09-19 12:00:00,5870.1,21
2013-09-19 12:00:00,6430.2,20
2013-09-19 12:00:00,6196.9,19
2013-09-19 12:00:00,4983.4,23
2013-09-19 14:00:00,5295.1,15
2013-09-19 14:00:00,4315.9,13
2013-09-19 14:00:00,5309.5,17
2013-09-19 14:00:00,3938.8,14
2013-09-19 14:00:00,5460.5,16
2013-09-19 14:00:00,,18
2013-09-19 20:00:00,4685.9,5
2013-09-19 20:00:00,4021.2,1
2013-09-19 20:00:00,4621.6,3
2013-09-19 20:00:00,5184.1,2
2013-09-19 20:00:00,5249.2,6
2013-09-19 20:00:00,4516.9,4
2013-09-19 21:00:00,4605.1,12
2013-09-19 21:00:00,5517.5,9
2013-09-19 21:00:00,5352.8,10
2013-09-19 21:00:00,5956.9,8
2013-09-19 21:00:00,5068.1,7
2013-09-19 21:00:00,5205.2,11
2013-09-27 13:00:00,6191.8,19
2013-09-27 13:00:00,6379.9,20
2013-09-27 13:00:00,5871.6,21
2013-09-27 13:00:00,4697.9,24
2013-09-27 13:00:00,4985.1,23
2013-09-27 13:00:00,5647.8,22
2013-09-27 15:00:00,3938.7,14
2013-09-27 15:00:00,5292.9,15
2013-09-27 15:00:00,4316.5,13
2013-09-27 15:00:00,5460.7,16
2013-09-27 15:00:00,5309.7,17
2013-09-27 15:00:00,,18
2013-09-27 21:00:00,4674.1,5
2013-09-27 21:00:00,4019.5,1
2013-09-27 21:00:00,4520.2,4
2013-09-27 21:00:00,4622.3,3
2013-09-27 21:00:00,5247.9,6
2013-09-27 21:00:00,5175.8,2
2013-09-27 22:00:00,5068.6,7
2013-09-27 22:00:00,5517.9,9
2013-09-27 22:00:00,5957.1,8
2013-09-27 22:00:00,4606.3,12
2013-09-27 22:00:00,5352.6,10
2013-09-27 22:00:00,5209.2,11
2013-10-04 14:00:00,5870.0,21
2013-10-04 14:00:00,6382.5,20
2013-10-04 14:00:00,4983.9,23
2013-10-04 14:00:00,5647.6,22
2013-10-04 14:00:00,6193.0,19
2013-10-04 14:00:00,4697.4,24
2013-10-04 16:00:00,4296.1,13
2013-10-04 16:00:00,5454.8,16
2013-10-04 16:00:00,5289.8,15
2013-10-04 16:00:00,3915.9,14
2013-10-04 16:00:00,,18
2013-10-04 16:00:00,5309.5,17
2013-10-04 22:00:00,4665.5,5
2013-10-04 22:00:00,5241.9,6
2013-10-04 22:00:00,4510.4,4
2013-10-04 22:00:00,5164.9,2
2013-10-04 22:00:00,4615.2,3
2013-10-04 22:00:00,4015.4,1
2013-10-04 23:00:00,5055.0,7
2013-10-04 23:00:00,5200.8,11
2013-10-04 23:00:00,4602.6,12
2013-10-04 23:00:00,5509.6,9
2013-10-04 23:00:00,5344.4,10
2013-10-04 23:00:00,5765.3,8
2013-10-10 00:00:00,5794.4,8
2013-10-10 00:00:00,5345.7,10
2013-10-10 00:00:00,5509.4,9
2013-10-10 00:00:00,4602.2,12
2013-10-10 00:00:00,5201.2,11
2013-10-10 00:00:00,5063.2,7
2013-10-10 15:00:00,5870.2,21
2013-10-10 15:00:00,5163.2,24
2013-10-10 15:00:00,4915.6,23
2013-10-10 15:00:00,6195.6,19
2013-10-10 15:00:00,5647.8,22
2013-10-10 15:00:00,6384.4,20
2013-10-10 17:00:00,5291.4,15
2013-10-10 17:00:00,3922.9,14
2013-10-10 17:00:00,,18
2013-10-10 17:00:00,4303.2,13
2013-10-10 17:00:00,5309.3,17
2013-10-10 17:00:00,5456.9,16
2013-10-10 23:00:00,4015.6,1
2013-10-10 23:00:00,4615.0,3
2013-10-10 23:00:00,5163.1,2
2013-10-10 23:00:00,4661.2,5
2013-10-10 23:00:00,5238.7,6
2013-10-10 23:00:00,4508.6,4
2013-10-18 00:00:00,4613.1,3
2013-10-18 00:00:00,4015.3,1
2013-10-18 00:00:00,4667.4,5
2013-10-18 00:00:00,4504.3,4
2013-10-18 00:00:00,5238.1,6
2013-10-18 00:00:00,5161.1,2
2013-10-18 01:00:00,5506.9,9
2013-10-18 01:00:00,5077.9,7
2013-10-18 01:00:00,5965.2,8
2013-10-18 01:00:00,4601.3,12
2013-10-18 01:00:00,5200.1,11
2013-10-18 01:00:00,5345.7,10
2013-10-18 16:00:00,6377.4,20
2013-10-18 16:00:00,4983.7,23
2013-10-18 16:00:00,6146.1,19
2013-10-18 16:00:00,5869.5,21
2013-10-18 16:00:00,5647.4,22
2013-10-18 16:00:00,4697.3,24
2013-10-18 18:00:00,5291.3,15
2013-10-18 18:00:00,4321.8,13
2013-10-18 18:00:00,3940.0,14
2013-10-18 18:00:00,5455.9,16
2013-10-18 18:00:00,,18
2013-10-18 18:00:00,5309.4,17
2013-10-30 01:00:00,4688.9,5
2013-10-30 01:00:00,5157.0,2
2013-10-30 01:00:00,4013.8,1
2013-10-30 01:00:00,4501.9,4
2013-10-30 01:00:00,5230.9,6
2013-10-30 01:00:00,4610.7,3
2013-10-30 02:00:00,5506.8,9
2013-10-30 02:00:00,5044.5,7
2013-10-30 02:00:00,4602.2,12
2013-10-30 02:00:00,5929.9,8
2013-10-30 02:00:00,5199.4,11
2013-10-30 02:00:00,5337.6,10
2013-10-30 17:00:00,4984.3,23
2013-10-30 17:00:00,6196.3,19
2013-10-30 17:00:00,4697.8,24
2013-10-30 17:00:00,5869.3,21
2013-10-30 17:00:00,6375.7,20
2013-10-30 17:00:00,5646.9,22
2013-10-30 19:00:00,5286.6,15
2013-10-30 19:00:00,5451.4,16
2013-10-30 19:00:00,5308.4,17
2013-10-30 19:00:00,4249.2,13
2013-10-30 19:00:00,3896.5,14
2013-10-30 19:00:00,,18
2013-11-08 00:00:00,5285.5,15
2013-11-08 00:00:00,,18
2013-11-08 00:00:00,4296.4,13
2013-11-08 00:00:00,3916.2,14
2013-11-08 00:00:00,5449.8,16
2013-11-08 00:00:00,5308.6,17
2013-11-08 02:00:00,4494.1,4
2013-11-08 02:00:00,5145.3,2
2013-11-08 02:00:00,5223.8,6
2013-11-08 02:00:00,4011.3,1
2013-11-08 02:00:00,4655.0,5
2013-11-08 02:00:00,4606.2,3
2013-11-08 03:00:00,5198.6,11
2013-11-08 03:00:00,5066.0,7
2013-11-08 03:00:00,5341.9,10
2013-11-08 03:00:00,4600.9,12
2013-11-08 03:00:00,5954.3,8
2013-11-08 03:00:00,5504.8,9
2013-11-08 18:00:00,6379.8,20
2013-11-08 18:00:00,5646.2,22
2013-11-08 18:00:00,5868.6,21
2013-11-08 18:00:00,4983.1,23
2013-11-08 18:00:00,6203.3,19
2013-11-08 18:00:00,4697.4,24
2013-11-08 20:00:00,4296.4,13
2013-11-08 20:00:00,5285.5,15
2013-11-08 20:00:00,3916.2,14
2013-11-08 20:00:00,,18
2013-11-08 20:00:00,5449.8,16
2013-11-08 20:00:00,5308.6,17
2013-11-14 01:00:00,5308.6,17
2013-11-14 01:00:00,3902.9,14
2013-11-14 01:00:00,5285.8,15
2013-11-14 01:00:00,,18
2013-11-14 01:00:00,4252.3,13
2013-11-14 01:00:00,5450.1,16
2013-11-14 03:00:00,4011.7,1
2013-11-14 03:00:00,5221.0,6
2013-11-14 03:00:00,4653.6,5
2013-11-14 03:00:00,4492.8,4
2013-11-14 03:00:00,5148.6,2
2013-11-14 03:00:00,4605.4,3
2013-11-14 04:00:00,5932.9,8
2013-11-14 04:00:00,5504.6,9
2013-11-14 04:00:00,5050.0,7
2013-11-14 04:00:00,5333.4,10
2013-11-14 04:00:00,5198.5,11
2013-11-14 04:00:00,4601.2,12
2013-11-14 19:00:00,5867.7,21
2013-11-14 19:00:00,4983.8,23
2013-11-14 19:00:00,6202.2,19
2013-11-14 19:00:00,5645.5,22
2013-11-14 19:00:00,6379.4,20
2013-11-14 19:00:00,4697.5,24
2013-11-14 21:00:00,4252.3,13
2013-11-14 21:00:00,5308.6,17
2013-11-14 21:00:00,,18
2013-11-14 21:00:00,3902.9,14
2013-11-14 21:00:00,5450.1,16
2013-11-14 21:00:00,5285.8,15
2013-11-22 02:00:00,3902.6,14
2013-11-22 02:00:00,5283.7,15
2013-11-22 02:00:00,5308.4,17
2013-11-22 02:00:00,4265.4,13
2013-11-22 02:00:00,,18
2013-11-22 02:00:00,5448.2,16
2013-11-22 04:00:00,4605.3,3
2013-11-22 04:00:00,4491.2,4
2013-11-22 04:00:00,5145.6,2
2013-11-22 04:00:00,5221.8,6
2013-11-22 04:00:00,4012.0,1
2013-11-22 04:00:00,4659.3,5
2013-11-22 05:00:00,5503.1,9
2013-11-22 05:00:00,5937.8,8
2013-11-22 05:00:00,4600.7,12
2013-11-22 05:00:00,5052.1,7
2013-11-22 05:00:00,5196.6,11
2013-11-22 05:00:00,5335.2,10
2013-11-22 20:00:00,6202.6,19
2013-11-22 20:00:00,4983.1,23
2013-11-22 20:00:00,4696.9,24
2013-11-22 20:00:00,5866.1,21
2013-11-22 20:00:00,6379.2,20
2013-11-22 20:00:00,5644.2,22
2013-11-22 22:00:00,4265.4,13
2013-11-22 22:00:00,5308.4,17
2013-11-22 22:00:00,3902.6,14
2013-11-22 22:00:00,5448.2,16
2013-11-22 22:00:00,,18
2013-11-22 22:00:00,5283.7,15
2013-11-29 03:00:00,5285.3,15
2013-11-29 03:00:00,,18
2013-11-29 03:00:00,5308.4,17
2013-11-29 03:00:00,4298.5,13
2013-11-29 03:00:00,3919.5,14
2013-11-29 03:00:00,5450.1,16
2013-11-29 05:00:00,4605.1,3
2013-11-29 05:00:00,5218.9,6
2013-11-29 05:00:00,4012.5,1
2013-11-29 05:00:00,4488.7,4
2013-11-29 05:00:00,5148.3,2
2013-11-29 05:00:00,4657.2,5
2013-11-29 06:00:00,5503.8,9
2013-11-29 06:00:00,5069.1,7
2013-11-29 06:00:00,5197.5,11
2013-11-29 06:00:00,5340.5,10
2013-11-29 06:00:00,4601.1,12
2013-11-29 06:00:00,5954.3,8
2013-11-29 21:00:00,6383.8,20
2013-11-29 21:00:00,5644.2,22
2013-11-29 21:00:00,5866.2,21
2013-11-29 21:00:00,6208.4,19
2013-11-29 21:00:00,4697.1,24
2013-11-29 21:00:00,4983.5,23
2013-11-29 23:00:00,5450.1,16
2013-11-29 23:00:00,,18
2013-11-29 23:00:00,5285.3,15
2013-11-29 23:00:00,3919.5,14
2013-11-29 23:00:00,4298.5,13
2013-11-29 23:00:00,5308.4,17
2013-12-05 04:00:00,5449.9,16
2013-12-05 04:00:00,4322.0,13
2013-12-05 04:00:00,5307.7,17
2013-12-05 04:00:00,5285.6,15
2013-12-05 04:00:00,3939.7,14
2013-12-05 04:00:00,,18
2013-12-05 06:00:00,4484.1,4
2013-12-05 06:00:00,4601.5,3
2013-12-05 06:00:00,4654.6,5
2013-12-05 06:00:00,5219.5,6
2013-12-05 06:00:00,5175.4,2
2013-12-05 06:00:00,4009.5,1
2013-12-05 07:00:00,5503.0,9
2013-12-05 07:00:00,5087.2,7
2013-12-05 07:00:00,5342.4,10
2013-12-05 07:00:00,4600.5,12
2013-12-05 07:00:00,5197.1,11
2013-12-05 07:00:00,5969.8,8
2013-12-05 22:00:00,5642.5,22
2013-12-05 22:00:00,4982.0,23
2013-12-05 22:00:00,6210.9,19
2013-12-05 22:00:00,6386.2,20
2013-12-05 22:00:00,4696.2,24
2013-12-05 22:00:00,5868.7,21
2013-12-15 05:00:00,5286.8,15
2013-12-15 05:00:00,5451.0,16
2013-12-15 05:00:00,3969.9,14
2013-12-15 05:00:00,,18
2013-12-15 05:00:00,5307.9,17
2013-12-15 05:00:00,4354.6,13
2013-12-15 07:00:00,4652.4,5
2013-12-15 07:00:00,5217.8,6
2013-12-15 07:00:00,4602.2,3
2013-12-15 07:00:00,4010.0,1
2013-12-15 07:00:00,5140.1,2
2013-12-15 07:00:00,4485.5,4
2013-12-15 08:00:00,5505.2,9
2013-12-15 08:00:00,5198.0,11
2013-12-15 08:00:00,5346.3,10
2013-12-15 08:00:00,5113.0,7
2013-12-15 08:00:00,5984.9,8
2013-12-15 08:00:00,4600.6,12
2013-12-15 23:00:00,5642.8,22
2013-12-15 23:00:00,4982.8,23
2013-12-15 23:00:00,6215.8,19
2013-12-15 23:00:00,6398.2,20
2013-12-15 23:00:00,5865.3,21
2013-12-15 23:00:00,4696.6,24
2013-12-20 00:00:00,4982.2,23
2013-12-20 00:00:00,6217.7,19
2013-12-20 00:00:00,4696.2,24
2013-12-20 00:00:00,5642.2,22
2013-12-20 00:00:00,5864.5,21
2013-12-20 00:00:00,6388.3,20
2013-12-20 06:00:00,5450.7,16
2013-12-20 06:00:00,5287.7,15
2013-12-20 06:00:00,,18
2013-12-20 06:00:00,4354.7,13
2013-12-20 06:00:00,5307.8,17
2013-12-20 06:00:00,3970.0,14
2013-12-20 08:00:00,4479.8,4
2013-12-20 08:00:00,4008.7,1
2013-12-20 08:00:00,4651.2,5
2013-12-20 08:00:00,5214.6,6
2013-12-20 08:00:00,4599.9,3
2013-12-20 08:00:00,5134.0,2
2013-12-20 09:00:00,5122.6,7
2013-12-20 09:00:00,5197.8,11
2013-12-20 09:00:00,5346.5,10
2013-12-20 09:00:00,5988.8,8
2013-12-20 09:00:00,4600.6,12
2013-12-20 09:00:00,5505.1,9
2013-12-27 01:00:00,4981.5,23
2013-12-27 01:00:00,5863.5,21
2013-12-27 01:00:00,6389.8,20
2013-12-27 01:00:00,5640.6,22
2013-12-27 01:00:00,6221.0,19
2013-12-27 01:00:00,4695.7,24
2013-12-27 07:00:00,5307.8,17
2013-12-27 07:00:00,3976.9,14
2013-12-27 07:00:00,5287.1,15
2013-12-27 07:00:00,5450.8,16
2013-12-27 07:00:00,,18
2013-12-27 07:00:00,4361.9,13
2013-12-27 09:00:00,4006.5,1
2013-12-27 09:00:00,5120.8,2
2013-12-27 09:00:00,4596.4,3
2013-12-27 09:00:00,4473.5,4
2013-12-27 09:00:00,5202.5,6
2013-12-27 09:00:00,4641.1,5
2013-12-27 10:00:00,5137.9,7
2013-12-27 10:00:00,5197.6,11
2013-12-27 10:00:00,5347.9,10
2013-12-27 10:00:00,5996.4,8
2013-12-27 10:00:00,5505.4,9
2013-12-27 10:00:00,4600.4,12
2014-01-24 02:00:00,6227.9,19
2014-01-24 02:00:00,5637.4,22
2014-01-24 02:00:00,4980.7,23
2014-01-24 02:00:00,5861.2,21
2014-01-24 02:00:00,6391.5,20
2014-01-24 02:00:00,4695.2,24
2014-01-24 08:00:00,5289.9,15
2014-01-24 08:00:00,3993.0,14
2014-01-24 08:00:00,4376.4,13
2014-01-24 08:00:00,5307.6,17
2014-01-24 08:00:00,5450.5,16
2014-01-24 08:00:00,,18
2014-01-24 10:00:00,5195.0,6
2014-01-24 10:00:00,4597.1,3
2014-01-24 10:00:00,4005.4,1
2014-01-24 10:00:00,5111.3,2
2014-01-24 10:00:00,4682.4,5
2014-01-24 10:00:00,4463.4,4
2014-01-24 11:00:00,5158.3,7
2014-01-24 11:00:00,6001.6,8
2014-01-24 11:00:00,5346.9,10
2014-01-24 11:00:00,4604.1,12
2014-01-24 11:00:00,5195.5,11
2014-01-24 11:00:00,5508.0,9
2014-01-30 03:00:00,5860.3,21
2014-01-30 03:00:00,6229.2,19
2014-01-30 03:00:00,5635.6,22
2014-01-30 03:00:00,6391.3,20
2014-01-30 03:00:00,4980.3,23
2014-01-30 03:00:00,4694.7,24
2014-01-30 09:00:00,5307.9,17
2014-01-30 09:00:00,3995.9,14
2014-01-30 09:00:00,5290.1,15
2014-01-30 09:00:00,5452.2,16
2014-01-30 09:00:00,,18
2014-01-30 09:00:00,4379.0,13
2014-01-30 11:00:00,4634.2,5
2014-01-30 11:00:00,5193.9,6
2014-01-30 11:00:00,4600.7,3
2014-01-30 11:00:00,4466.7,4
2014-01-30 11:00:00,4007.3,1
2014-01-30 11:00:00,5119.4,2
2014-01-30 12:00:00,6004.4,8
2014-01-30 12:00:00,5196.7,11
2014-01-30 12:00:00,5511.6,9
2014-01-30 12:00:00,4605.1,12
2014-01-30 12:00:00,5349.1,10
2014-01-30 12:00:00,5161.0,7
2014-02-06 04:00:00,5635.6,22
2014-02-06 04:00:00,4980.0,23
2014-02-06 04:00:00,4694.7,24
2014-02-06 04:00:00,6231.2,19
2014-02-06 04:00:00,5860.1,21
2014-02-06 04:00:00,6392.2,20
2014-02-06 10:00:00,5457.3,16
2014-02-06 10:00:00,4388.5,13
2014-02-06 10:00:00,5290.8,15
2014-02-06 10:00:00,,18
2014-02-06 10:00:00,4005.2,14
2014-02-06 10:00:00,5306.3,17
2014-02-06 12:00:00,4623.7,5
2014-02-06 12:00:00,5113.9,2
2014-02-06 12:00:00,5185.3,6
2014-02-06 12:00:00,4463.2,4
2014-02-06 12:00:00,4005.8,1
2014-02-06 12:00:00,4598.5,3
2014-02-06 13:00:00,5195.4,11
2014-02-06 13:00:00,5510.7,9
2014-02-06 13:00:00,5347.7,10
2014-02-06 13:00:00,4604.0,12
2014-02-06 13:00:00,6005.3,8
2014-02-06 13:00:00,5166.5,7
2014-02-14 05:00:00,4694.8,24
2014-02-14 05:00:00,5634.7,22
2014-02-14 05:00:00,6393.4,20
2014-02-14 05:00:00,5860.4,21
2014-02-14 05:00:00,4979.8,23
2014-02-14 05:00:00,6234.8,19
2014-02-14 11:00:00,5293.5,15
2014-02-14 11:00:00,,18
2014-02-14 11:00:00,4027.0,14
2014-02-14 11:00:00,5307.9,17
2014-02-14 11:00:00,5454.2,16
2014-02-14 11:00:00,4404.5,13
2014-02-14 13:00:00,5191.3,6
2014-02-14 13:00:00,5134.0,2
2014-02-14 13:00:00,4606.2,3
2014-02-14 13:00:00,4647.8,5
2014-02-14 13:00:00,4011.5,1
2014-02-14 13:00:00,4470.8,4
2014-02-14 14:00:00,5197.2,11
2014-02-14 14:00:00,5349.4,10
2014-02-14 14:00:00,4605.4,12
2014-02-14 14:00:00,6003.8,8
2014-02-14 14:00:00,5514.7,9
2014-02-14 14:00:00,5179.7,7
2014-02-21 06:00:00,4695.0,24
2014-02-21 06:00:00,4979.5,23
2014-02-21 06:00:00,5858.7,21
2014-02-21 06:00:00,5633.9,22
2014-02-21 06:00:00,6393.2,20
2014-02-21 06:00:00,6233.7,19
2014-02-21 12:00:00,5293.8,15
2014-02-21 12:00:00,5302.7,17
2014-02-21 12:00:00,5455.1,16
2014-02-21 12:00:00,4402.2,13
2014-02-21 12:00:00,,18
2014-02-21 12:00:00,4026.7,14
2014-02-21 14:00:00,5129.9,2
2014-02-21 14:00:00,4471.6,4
2014-02-21 14:00:00,4636.8,5
2014-02-21 14:00:00,5191.7,6
2014-02-21 14:00:00,4607.2,3
2014-02-21 14:00:00,4009.6,1
2014-02-21 15:00:00,4605.1,12
2014-02-21 15:00:00,5514.5,9
2014-02-21 15:00:00,5180.9,7
2014-02-21 15:00:00,5196.6,11
2014-02-21 15:00:00,6005.6,8
2014-02-21 15:00:00,5348.8,10
2014-02-28 07:00:00,6394.0,20
2014-02-28 07:00:00,6234.8,19
2014-02-28 07:00:00,5860.2,21
2014-02-28 07:00:00,4980.4,23
2014-02-28 07:00:00,4695.5,24
2014-02-28 07:00:00,5633.5,22
2014-02-28 13:00:00,5308.0,17
2014-02-28 13:00:00,5294.4,15
2014-02-28 13:00:00,,18
2014-02-28 13:00:00,4404.9,13
2014-02-28 13:00:00,4027.9,14
2014-02-28 13:00:00,5455.0,16
2014-02-28 15:00:00,5139.8,2
2014-02-28 15:00:00,4613.3,3
2014-02-28 15:00:00,4012.2,1
2014-02-28 15:00:00,4655.1,5
2014-02-28 15:00:00,4479.4,4
2014-02-28 15:00:00,5201.7,6
2014-02-28 16:00:00,6004.1,8
2014-02-28 16:00:00,5348.1,10
2014-02-28 16:00:00,5178.9,7
2014-02-28 16:00:00,5196.9,11
2014-02-28 16:00:00,5514.9,9
2014-02-28 16:00:00,4607.1,12
2014-03-07 08:00:00,4979.1,23
2014-03-07 08:00:00,4694.8,24
2014-03-07 08:00:00,5858.3,21
2014-03-07 08:00:00,6391.4,20
2014-03-07 08:00:00,6232.7,19
2014-03-07 08:00:00,5632.5,22
2014-03-07 14:00:00,4016.1,14
2014-03-07 14:00:00,5293.6,15
2014-03-07 14:00:00,5308.1,17
2014-03-07 14:00:00,,18
2014-03-07 14:00:00,4381.7,13
2014-03-07 14:00:00,5456.0,16
2014-03-07 16:00:00,4478.1,4
2014-03-07 16:00:00,4011.9,1
2014-03-07 16:00:00,5199.9,6
2014-03-07 16:00:00,4643.8,5
2014-03-07 16:00:00,5137.7,2
2014-03-07 16:00:00,4612.6,3
2014-03-07 17:00:00,4605.7,12
2014-03-07 17:00:00,5997.4,8
2014-03-07 17:00:00,5197.3,11
2014-03-07 17:00:00,5516.0,9
2014-03-07 17:00:00,5347.7,10
2014-03-07 17:00:00,5172.4,7
2014-03-14 09:00:00,4979.3,23
2014-03-14 09:00:00,6233.4,19
2014-03-14 09:00:00,5858.2,21
2014-03-14 09:00:00,5632.5,22
2014-03-14 09:00:00,6391.8,20
2014-03-14 09:00:00,4694.4,24
2014-03-14 15:00:00,5307.9,17
2014-03-14 15:00:00,5454.2,16
2014-03-14 15:00:00,,18
2014-03-14 15:00:00,4401.1,13
2014-03-14 15:00:00,4018.1,14
2014-03-14 15:00:00,5293.9,15
2014-03-14 17:00:00,4611.1,3
2014-03-14 17:00:00,5200.1,6
2014-03-14 17:00:00,4009.8,1
2014-03-14 17:00:00,4476.6,4
2014-03-14 17:00:00,5131.3,2
2014-03-14 17:00:00,4642.5,5
2014-03-14 18:00:00,5179.5,7
2014-03-14 18:00:00,5348.2,10
2014-03-14 18:00:00,4605.4,12
2014-03-14 18:00:00,6005.9,8
2014-03-14 18:00:00,5516.1,9
2014-03-14 18:00:00,5197.0,11
2014-03-21 10:00:00,5632.6,22
2014-03-21 10:00:00,4978.7,23
2014-03-21 10:00:00,4694.6,24
2014-03-21 10:00:00,6390.1,20
2014-03-21 10:00:00,6230.6,19
2014-03-21 10:00:00,5857.6,21
2014-03-21 16:00:00,5454.1,16
2014-03-21 16:00:00,5307.8,17
2014-03-21 16:00:00,5293.3,15
2014-03-21 16:00:00,,18
2014-03-21 16:00:00,4000.1,14
2014-03-21 16:00:00,4356.1,13
2014-03-21 18:00:00,4653.4,5
2014-03-21 18:00:00,4010.9,1
2014-03-21 18:00:00,4613.1,3
2014-03-21 18:00:00,4478.2,4
2014-03-21 18:00:00,5134.0,2
2014-03-21 18:00:00,5203.1,6
2014-03-21 19:00:00,5164.0,7
2014-03-21 19:00:00,5515.7,9
2014-03-21 19:00:00,5981.0,8
2014-03-21 19:00:00,4605.1,12
2014-03-21 19:00:00,5344.2,10
2014-03-21 19:00:00,5195.7,11
2014-03-28 11:00:00,6230.8,19
2014-03-28 11:00:00,4694.0,24
2014-03-28 11:00:00,5858.7,21
2014-03-28 11:00:00,6390.8,20
2014-03-28 11:00:00,5633.2,22
2014-03-28 11:00:00,4978.5,23
2014-03-28 17:00:00,5453.2,16
2014-03-28 17:00:00,5293.2,15
2014-03-28 17:00:00,3997.2,14
2014-03-28 17:00:00,5307.0,17
2014-03-28 17:00:00,,18
2014-03-28 17:00:00,4368.4,13
2014-03-28 19:00:00,4644.8,5
2014-03-28 19:00:00,4482.6,4
2014-03-28 19:00:00,5134.4,2
2014-03-28 19:00:00,5207.5,6
2014-03-28 19:00:00,4614.7,3
2014-03-28 19:00:00,4010.9,1
2014-03-28 20:00:00,4605.5,12
2014-03-28 20:00:00,5195.8,11
2014-03-28 20:00:00,5345.7,10
2014-03-28 20:00:00,5987.5,8
2014-03-28 20:00:00,5516.3,9
2014-03-28 20:00:00,5165.5,7
2014-04-04 12:00:00,6229.6,19
2014-04-04 12:00:00,4693.4,24
2014-04-04 12:00:00,6389.6,20
2014-04-04 12:00:00,5857.3,21
2014-04-04 12:00:00,4978.0,23
2014-04-04 12:00:00,5632.3,22
2014-04-04 18:00:00,4369.7,13
2014-04-04 18:00:00,5307.6,17
2014-04-04 18:00:00,,18
2014-04-04 18:00:00,5453.8,16
2014-04-04 18:00:00,3998.2,14
2014-04-04 18:00:00,5292.0,15
2014-04-04 20:00:00,5205.7,6
2014-04-04 20:00:00,5132.3,2
2014-04-04 20:00:00,4010.6,1
2014-04-04 20:00:00,4613.2,3
2014-04-04 20:00:00,4479.1,4
2014-04-04 20:00:00,4643.5,5
2014-04-04 21:00:00,5194.6,11
2014-04-04 21:00:00,5166.1,7
2014-04-04 21:00:00,4605.1,12
2014-04-04 21:00:00,5345.0,10
2014-04-04 21:00:00,5988.0,8
2014-04-04 21:00:00,5515.3,9
2014-04-11 13:00:00,5857.4,21
2014-04-11 13:00:00,4693.2,24
2014-04-11 13:00:00,6230.8,19
2014-04-11 13:00:00,5631.7,22
2014-04-11 13:00:00,4978.0,23
2014-04-11 13:00:00,6390.3,20
2014-04-11 19:00:00,,18
2014-04-11 19:00:00,5454.2,16
2014-04-11 19:00:00,5307.6,17
2014-04-11 19:00:00,4011.0,14
2014-04-11 19:00:00,4368.8,13
2014-04-11 19:00:00,5292.5,15
2014-04-11 21:00:00,4480.0,4
2014-04-11 21:00:00,5137.3,2
2014-04-11 21:00:00,5203.8,6
2014-04-11 21:00:00,4646.8,5
2014-04-11 21:00:00,4615.3,3
2014-04-11 21:00:00,4012.3,1
2014-04-11 22:00:00,5985.8,8
2014-04-11 22:00:00,5194.7,11
2014-04-11 22:00:00,4604.9,12
2014-04-11 22:00:00,5515.6,9
2014-04-11 22:00:00,5345.6,10
2014-04-11 22:00:00,5167.6,7
2014-04-17 14:00:00,4693.5,24
2014-04-17 14:00:00,5633.7,22
2014-04-17 14:00:00,6229.9,19
2014-04-17 14:00:00,4978.3,23
2014-04-17 14:00:00,6391.7,20
2014-04-17 14:00:00,5859.0,21
2014-04-17 20:00:00,4351.6,13
2014-04-17 20:00:00,3995.3,14
2014-04-17 20:00:00,5452.1,16
2014-04-17 20:00:00,5291.7,15
2014-04-17 20:00:00,,18
2014-04-17 20:00:00,5307.1,17
2014-04-17 22:00:00,4655.5,5
2014-04-17 22:00:00,4490.1,4
2014-04-17 22:00:00,4620.6,3
2014-04-17 22:00:00,5215.5,6
2014-04-17 22:00:00,4014.4,1
2014-04-17 22:00:00,5147.7,2
2014-04-17 23:00:00,5159.6,7
2014-04-17 23:00:00,4605.9,12
2014-04-17 23:00:00,5517.7,9
2014-04-17 23:00:00,5344.3,10
2014-04-17 23:00:00,5978.7,8
2014-04-17 23:00:00,5195.4,11
2014-04-25 00:00:00,5198.5,11
2014-04-25 00:00:00,6001.3,8
2014-04-25 00:00:00,5351.9,10
2014-04-25 00:00:00,5521.4,9
2014-04-25 00:00:00,5176.5,7
2014-04-25 00:00:00,4607.2,12
2014-04-25 15:00:00,6235.9,19
2014-04-25 15:00:00,4980.2,23
2014-04-25 15:00:00,5636.2,22
2014-04-25 15:00:00,6397.5,20
2014-04-25 15:00:00,4695.2,24
2014-04-25 15:00:00,5862.1,21
2014-04-25 21:00:00,5307.2,17
2014-04-25 21:00:00,5295.3,15
2014-04-25 21:00:00,,18
2014-04-25 21:00:00,5455.9,16
2014-04-25 21:00:00,4406.5,13
2014-04-25 21:00:00,4025.9,14
2014-04-25 23:00:00,4626.2,3
2014-04-25 23:00:00,4672.0,5
2014-04-25 23:00:00,5220.3,6
2014-04-25 23:00:00,4018.1,1
2014-04-25 23:00:00,5160.8,2
2014-04-25 23:00:00,4497.2,4
2014-05-09 00:00:00,4624.7,3
2014-05-09 00:00:00,4496.5,4
2014-05-09 00:00:00,4015.4,1
2014-05-09 00:00:00,5152.5,2
2014-05-09 00:00:00,4662.1,5
2014-05-09 00:00:00,5222.6,6
2014-05-09 01:00:00,5162.8,7
2014-05-09 01:00:00,5981.5,8
2014-05-09 01:00:00,5196.6,11
2014-05-09 01:00:00,5520.2,9
2014-05-09 01:00:00,4606.3,12
2014-05-09 01:00:00,5345.6,10
2014-05-09 16:00:00,5861.4,21
2014-05-09 16:00:00,5635.3,22
2014-05-09 16:00:00,4441.5,23
2014-05-09 16:00:00,6229.9,19
2014-05-09 16:00:00,4694.3,24
2014-05-09 16:00:00,6393.0,20
2014-05-09 22:00:00,5296.3,15
2014-05-09 22:00:00,5457.9,16
2014-05-09 22:00:00,5306.8,17
2014-05-09 22:00:00,,18
2014-05-09 22:00:00,4366.8,13
2014-05-09 22:00:00,4008.9,14
2014-05-16 01:00:00,5220.9,6
2014-05-16 01:00:00,4014.7,1
2014-05-16 01:00:00,4624.5,3
2014-05-16 01:00:00,4659.9,5
2014-05-16 01:00:00,4497.7,4
2014-05-16 01:00:00,5151.8,2
2014-05-16 02:00:00,5174.2,7
2014-05-16 02:00:00,4606.2,12
2014-05-16 02:00:00,5348.8,10
2014-05-16 02:00:00,5520.1,9
2014-05-16 02:00:00,5196.7,11
2014-05-16 02:00:00,5998.6,8
2014-05-16 17:00:00,4693.8,24
2014-05-16 17:00:00,5859.9,21
2014-05-16 17:00:00,4978.6,23
2014-05-16 17:00:00,6391.5,20
2014-05-16 17:00:00,5635.1,22
2014-05-16 17:00:00,6228.7,19
2014-05-16 23:00:00,4019.7,14
2014-05-16 23:00:00,5297.0,15
2014-05-16 23:00:00,4404.6,13
2014-05-16 23:00:00,5307.2,17
2014-05-16 23:00:00,,18
2014-05-16 23:00:00,5457.7,16
2014-05-24 00:00:00,,18
2014-05-24 00:00:00,4315.6,13
2014-05-24 00:00:00,5307.6,17
2014-05-24 00:00:00,5297.1,15
2014-05-24 00:00:00,5458.7,16
2014-05-24 00:00:00,3966.6,14
2014-05-24 02:00:00,4676.4,5
2014-05-24 02:00:00,4515.9,4
2014-05-24 02:00:00,4021.6,1
2014-05-24 02:00:00,5229.0,6
2014-05-24 02:00:00,5175.4,2
2014-05-24 02:00:00,4637.5,3
2014-05-24 03:00:00,4609.6,12
2014-05-24 03:00:00,5970.0,8
2014-05-24 03:00:00,5526.0,9
2014-05-24 03:00:00,5350.6,10
2014-05-24 03:00:00,5140.3,7
2014-05-24 03:00:00,5201.6,11
2014-05-24 18:00:00,4698.0,24
2014-05-24 18:00:00,4983.3,23
2014-05-24 18:00:00,6397.4,20
2014-05-24 18:00:00,5641.2,22
2014-05-24 18:00:00,5866.4,21
2014-05-24 18:00:00,6228.8,19
2014-05-30 01:00:00,5453.9,16
2014-05-30 01:00:00,4314.0,13
2014-05-30 01:00:00,,18
2014-05-30 01:00:00,5292.6,15
2014-05-30 01:00:00,3959.8,14
2014-05-30 01:00:00,5308.0,17
2014-05-30 03:00:00,4673.8,5
2014-05-30 03:00:00,5170.8,2
2014-05-30 03:00:00,4515.2,4
2014-05-30 03:00:00,4635.1,3
2014-05-30 03:00:00,5234.7,6
2014-05-30 03:00:00,4019.2,1
2014-05-30 04:00:00,5523.1,9
2014-05-30 04:00:00,5967.3,8
2014-05-30 04:00:00,5131.0,7
2014-05-30 04:00:00,5348.5,10
2014-05-30 04:00:00,4608.8,12
2014-05-30 04:00:00,5199.1,11
2014-05-30 19:00:00,4981.2,23
2014-05-30 19:00:00,6221.3,19
2014-05-30 19:00:00,6391.0,20
2014-05-30 19:00:00,5865.2,21
2014-05-30 19:00:00,4695.3,24
2014-05-30 19:00:00,5641.0,22
2014-06-05 02:00:00,4308.0,13
2014-06-05 02:00:00,5450.0,16
2014-06-05 02:00:00,5288.7,15
2014-06-05 02:00:00,5307.3,17
2014-06-05 02:00:00,3952.5,14
2014-06-05 02:00:00,,18
2014-06-05 04:00:00,4018.3,1
2014-06-05 04:00:00,4660.3,5
2014-06-05 04:00:00,5168.4,2
2014-06-05 04:00:00,5233.9,6
2014-06-05 04:00:00,4513.2,4
2014-06-05 04:00:00,4632.2,3
2014-06-05 05:00:00,5122.3,7
2014-06-05 05:00:00,4607.4,12
2014-06-05 05:00:00,5197.2,11
2014-06-05 05:00:00,5344.0,10
2014-06-05 05:00:00,5518.6,9
2014-06-05 05:00:00,5959.5,8
2014-06-05 20:00:00,4980.8,23
2014-06-05 20:00:00,6215.1,19
2014-06-05 20:00:00,5640.6,22
2014-06-05 20:00:00,4694.6,24
2014-06-05 20:00:00,5865.5,21
2014-06-05 20:00:00,6387.1,20
2014-06-13 03:00:00,5287.3,15
2014-06-13 03:00:00,,18
2014-06-13 03:00:00,5307.6,17
2014-06-13 03:00:00,3946.2,14
2014-06-13 03:00:00,4313.0,13
2014-06-13 03:00:00,5449.9,16
2014-06-13 05:00:00,5156.4,2
2014-06-13 05:00:00,4650.6,5
2014-06-13 05:00:00,5232.0,6
2014-06-13 05:00:00,4014.7,1
2014-06-13 05:00:00,4628.2,3
2014-06-13 05:00:00,4509.8,4
2014-06-13 06:00:00,4606.6,12
2014-06-13 06:00:00,5512.5,9
2014-06-13 06:00:00,5341.7,10
2014-06-13 06:00:00,5194.8,11
2014-06-13 06:00:00,5964.0,8
2014-06-13 06:00:00,5119.9,7
2014-06-13 21:00:00,6384.8,20
2014-06-13 21:00:00,4694.2,24
2014-06-13 21:00:00,5643.1,22
2014-06-13 21:00:00,5865.9,21
2014-06-13 21:00:00,4982.0,23
2014-06-13 21:00:00,6210.9,19
2014-06-19 04:00:00,3939.8,14
2014-06-19 04:00:00,4292.4,13
2014-06-19 04:00:00,5448.6,16
2014-06-19 04:00:00,,18
2014-06-19 04:00:00,5286.9,15
2014-06-19 04:00:00,5307.2,17
2014-06-19 06:00:00,4670.1,5
2014-06-19 06:00:00,5171.6,2
2014-06-19 06:00:00,5236.4,6
2014-06-19 06:00:00,4633.8,3
2014-06-19 06:00:00,4019.4,1
2014-06-19 06:00:00,4514.9,4
2014-06-19 07:00:00,5514.2,9
2014-06-19 07:00:00,5342.5,10
2014-06-19 07:00:00,5955.2,8
2014-06-19 07:00:00,5107.2,7
2014-06-19 07:00:00,4607.1,12
2014-06-19 07:00:00,5196.7,11
2014-06-19 22:00:00,5643.9,22
2014-06-19 22:00:00,6385.7,20
2014-06-19 22:00:00,4696.0,24
2014-06-19 22:00:00,6210.0,19
2014-06-19 22:00:00,4983.4,23
2014-06-19 22:00:00,5867.6,21
2014-06-27 05:00:00,5307.2,17
2014-06-27 05:00:00,5449.5,16
2014-06-27 05:00:00,3933.0,14
2014-06-27 05:00:00,4282.2,13
2014-06-27 05:00:00,,18
2014-06-27 05:00:00,5290.3,15
2014-06-27 07:00:00,5235.0,6
2014-06-27 07:00:00,4650.1,5
2014-06-27 07:00:00,5166.1,2
2014-06-27 07:00:00,4513.9,4
2014-06-27 07:00:00,4016.9,1
2014-06-27 07:00:00,4630.4,3
2014-06-27 08:00:00,5197.2,11
2014-06-27 08:00:00,5096.0,7
2014-06-27 08:00:00,5945.2,8
2014-06-27 08:00:00,4606.7,12
2014-06-27 08:00:00,5512.2,9
2014-06-27 08:00:00,5339.5,10
2014-06-27 23:00:00,5645.1,22
2014-06-27 23:00:00,5868.0,21
2014-06-27 23:00:00,6206.1,19
2014-06-27 23:00:00,4983.1,23
2014-06-27 23:00:00,4695.2,24
2014-06-27 23:00:00,6382.9,20
2014-07-05 00:00:00,5644.7,22
2014-07-05 00:00:00,6201.1,19
2014-07-05 00:00:00,4983.6,23
2014-07-05 00:00:00,5868.2,21
2014-07-05 00:00:00,4695.0,24
2014-07-05 00:00:00,6379.6,20
2014-07-05 06:00:00,,18
2014-07-05 06:00:00,4009.1,13
2014-07-05 06:00:00,5287.0,15
2014-07-05 06:00:00,3915.0,14
2014-07-05 06:00:00,5446.3,16
2014-07-05 06:00:00,5307.3,17
2014-07-05 08:00:00,4016.4,1
2014-07-05 08:00:00,4644.5,5
2014-07-05 08:00:00,4629.3,3
2014-07-05 08:00:00,5233.0,6
2014-07-05 08:00:00,4512.9,4
2014-07-05 08:00:00,5164.8,2
2014-07-05 09:00:00,5195.2,11
2014-07-05 09:00:00,4606.5,12
2014-07-05 09:00:00,5940.5,8
2014-07-05 09:00:00,5338.0,10
2014-07-05 09:00:00,5079.6,7
2014-07-05 09:00:00,5508.5,9
2014-07-11 01:00:00,4695.9,24
2014-07-11 01:00:00,6205.2,19
2014-07-11 01:00:00,4984.2,23
2014-07-11 01:00:00,5857.9,21
2014-07-11 01:00:00,6379.2,20
2014-07-11 01:00:00,5667.9,22
2014-07-11 07:00:00,5307.2,17
2014-07-11 07:00:00,4282.2,13
2014-07-11 07:00:00,5449.5,16
2014-07-11 07:00:00,,18
2014-07-11 07:00:00,5290.3,15
2014-07-11 07:00:00,3933.0,14
2014-07-11 09:00:00,5255.1,6
2014-07-11 09:00:00,4517.5,4
2014-07-11 09:00:00,4018.9,1
2014-07-11 09:00:00,4652.1,5
2014-07-11 09:00:00,5172.8,2
2014-07-11 09:00:00,4633.0,3
2014-07-11 10:00:00,5511.9,9
2014-07-11 10:00:00,5338.1,10
2014-07-11 10:00:00,5095.8,7
2014-07-11 10:00:00,5196.9,11
2014-07-11 10:00:00,5945.8,8
2014-07-11 10:00:00,4602.9,12
2015-09-18 02:00:00,4698.89,24
2015-09-18 02:00:00,6204.93,19
2015-09-18 02:00:00,6383.35,20
2015-09-18 02:00:00,5641.71,22
2015-09-18 02:00:00,5003.3,23
2015-09-18 02:00:00,5868.18,21
2015-09-18 08:00:00,4352.15,13
2015-09-18 08:00:00,5296.08,15
2015-09-18 08:00:00,5332.54,17
2015-09-18 08:00:00,3988.82,14
2015-09-18 08:00:00,5466.99,16
2015-09-18 08:00:00,,18
2015-09-18 10:00:00,4625.57,5
2015-09-18 10:00:00,4015.79,1
2015-09-18 10:00:00,4509.65,4
2015-09-18 10:00:00,5159.42,2
2015-09-18 10:00:00,4628.39,3
2015-09-18 10:00:00,5217.83,6
2015-09-18 11:00:00,,12
2015-09-18 11:00:00,5971.66,8
2015-09-18 11:00:00,5344.26,10
2015-09-18 11:00:00,5197.94,11
2015-09-18 11:00:00,5523.33,9
2015-09-18 11:00:00,5119.14,7
2015-09-22 03:00:00,5641.13,22
2015-09-22 03:00:00,6157.61,19
2015-09-22 03:00:00,5003.39,23
2015-09-22 03:00:00,5868.07,21
2015-09-22 03:00:00,4698.46,24
2015-09-22 03:00:00,6377.13,20
2015-09-22 09:00:00,3935.28,14
2015-09-22 09:00:00,,18
2015-09-22 09:00:00,5291.4,15
2015-09-22 09:00:00,5331.7,17
2015-09-22 09:00:00,5464.63,16
2015-09-22 09:00:00,4261.65,13
2015-09-22 11:00:00,4625.41,3
2015-09-22 11:00:00,5156.4,2
2015-09-22 11:00:00,4014.58,1
2015-09-22 11:00:00,4612.82,5
2015-09-22 11:00:00,4505.59,4
2015-09-22 11:00:00,5212.97,6
2015-09-22 12:00:00,5331.7,10
2015-09-22 12:00:00,,12
2015-09-22 12:00:00,5194.67,11
2015-09-22 12:00:00,5929.3,8
2015-09-22 12:00:00,5515.89,9
2015-09-22 12:00:00,5080.19,7
2015-10-09 04:00:00,5003.48,23
2015-10-09 04:00:00,5867.59,21
2015-10-09 04:00:00,6375.16,20
2015-10-09 04:00:00,4698.63,24
2015-10-09 04:00:00,5640.94,22
2015-10-09 04:00:00,6194.65,19
2015-10-09 10:00:00,,18
2015-10-09 10:00:00,4221.39,13
2015-10-09 10:00:00,3895.95,14
2015-10-09 10:00:00,5336.91,17
2015-10-09 10:00:00,5283.91,15
2015-10-09 10:00:00,5459.53,16
2015-10-09 12:00:00,,6
2015-10-09 12:00:00,5159.64,2
2015-10-09 12:00:00,4626.98,3
2015-10-09 12:00:00,4624.0,5
2015-10-09 12:00:00,4015.52,1
2015-10-09 12:00:00,4505.67,4
2015-10-09 13:00:00,5329.95,10
2015-10-09 13:00:00,5043.36,7
2015-10-09 13:00:00,5911.9,8
2015-10-09 13:00:00,5193.98,11
2015-10-09 13:00:00,,12
2015-10-09 13:00:00,5506.93,9
2015-10-16 05:00:00,6193.36,19
2015-10-16 05:00:00,5640.59,22
2015-10-16 05:00:00,5867.25,21
2015-10-16 05:00:00,5003.39,23
2015-10-16 05:00:00,4698.63,24
2015-10-16 05:00:00,6374.1,20
2015-10-16 11:00:00,5455.93,16
2015-10-16 11:00:00,3893.46,14
2015-10-16 11:00:00,5280.37,15
2015-10-16 11:00:00,,18
2015-10-16 11:00:00,4222.76,13
2015-10-16 11:00:00,5336.01,17
2015-10-16 13:00:00,,6
2015-10-16 13:00:00,5158.65,2
2015-10-16 13:00:00,4622.33,5
2015-10-16 13:00:00,4626.22,3
2015-10-16 13:00:00,4015.58,1
2015-10-16 13:00:00,4505.44,4
2015-10-16 14:00:00,5043.07,7
2015-10-16 14:00:00,5192.4,11
2015-10-16 14:00:00,,12
2015-10-16 14:00:00,5502.62,9
2015-10-16 14:00:00,5330.47,10
2015-10-16 14:00:00,5914.17,8
2015-10-22 06:00:00,6374.78,20
2015-10-22 06:00:00,5640.48,22
2015-10-22 06:00:00,4698.63,24
2015-10-22 06:00:00,5003.39,23
2015-10-22 06:00:00,6194.65,19
2015-10-22 06:00:00,5866.99,21
2015-10-22 12:00:00,,18
2015-10-22 12:00:00,5453.69,16
2015-10-22 12:00:00,3894.79,14
2015-10-22 12:00:00,5385.31,17
2015-10-22 12:00:00,4222.94,13
2015-10-22 12:00:00,5279.15,15
2015-10-22 14:00:00,,6
2015-10-22 14:00:00,4617.78,5
2015-10-22 14:00:00,4014.84,1
2015-10-22 14:00:00,4502.57,4
2015-10-22 14:00:00,5155.04,2
2015-10-22 14:00:00,4626.4,3
2015-10-22 15:00:00,5923.18,8
2015-10-22 15:00:00,5331.09,10
2015-10-22 15:00:00,5049.03,7
2015-10-22 15:00:00,5507.77,9
2015-10-22 15:00:00,5192.99,11
2015-10-22 15:00:00,,12
2015-10-30 07:00:00,6375.78,20
2015-10-30 07:00:00,5866.42,21
2015-10-30 07:00:00,5639.92,22
2015-10-30 07:00:00,4698.38,24
2015-10-30 07:00:00,5003.21,23
2015-10-30 07:00:00,6195.67,19
2015-10-30 13:00:00,5453.38,16
2015-10-30 13:00:00,5335.72,17
2015-10-30 13:00:00,,18
2015-10-30 13:00:00,3896.01,14
2015-10-30 13:00:00,5278.96,15
2015-10-30 13:00:00,4242.06,13
2015-10-30 15:00:00,5141.8,2
2015-10-30 15:00:00,4016.97,1
2015-10-30 15:00:00,4599.81,5
2015-10-30 15:00:00,,6
2015-10-30 15:00:00,4484.94,4
2015-10-30 15:00:00,4618.2,3
2015-10-30 16:00:00,5053.34,7
2015-10-30 16:00:00,5498.75,9
2015-10-30 16:00:00,5329.85,10
2015-10-30 16:00:00,5191.43,11
2015-10-30 16:00:00,,12
2015-10-30 16:00:00,5928.46,8
2015-11-05 08:00:00,6377.0,20
2015-11-05 08:00:00,5003.0,23
2015-11-05 08:00:00,5866.6,21
2015-11-05 08:00:00,6197.0,19
2015-11-05 08:00:00,4698.7,24
2015-11-05 08:00:00,5640.0,22
2015-11-05 14:00:00,,18
2015-11-05 14:00:00,5454.6,16
2015-11-05 14:00:00,4254.3,13
2015-11-05 14:00:00,5335.8,17
2015-11-05 14:00:00,5280.2,15
2015-11-05 14:00:00,3903.1,14
2015-11-05 16:00:00,5157.2,2
2015-11-05 16:00:00,4501.7,4
2015-11-05 16:00:00,4625.0,5
2015-11-05 16:00:00,,6
2015-11-05 16:00:00,4015.6,1
2015-11-05 16:00:00,4624.4,3
2015-11-05 17:00:00,5332.3,10
2015-11-05 17:00:00,5931.2,8
2015-11-05 17:00:00,,12
2015-11-05 17:00:00,5059.1,7
2015-11-05 17:00:00,5192.8,11
2015-11-05 17:00:00,5501.7,9
2015-11-10 09:00:00,5866.0,21
2015-11-10 09:00:00,5003.1,23
2015-11-10 09:00:00,6197.2,19
2015-11-10 09:00:00,6377.1,20
2015-11-10 09:00:00,4698.2,24
2015-11-10 09:00:00,5638.4,22
2015-11-10 15:00:00,5279.5,15
2015-11-10 15:00:00,5453.2,16
2015-11-10 15:00:00,,18
2015-11-10 15:00:00,4255.6,13
2015-11-10 15:00:00,5335.1,17
2015-11-10 15:00:00,3910.5,14
2015-11-10 17:00:00,,6
2015-11-10 17:00:00,4496.3,4
2015-11-10 17:00:00,4010.9,1
2015-11-10 17:00:00,4619.1,3
2015-11-10 17:00:00,4608.5,5
2015-11-10 17:00:00,5140.0,2
2015-11-10 18:00:00,5192.2,11
2015-11-10 18:00:00,5059.2,7
2015-11-10 18:00:00,,12
2015-11-10 18:00:00,5932.5,8
2015-11-10 18:00:00,5331.1,10
2015-11-10 18:00:00,5499.9,9
2015-11-20 10:00:00,5865.3,21
2015-11-20 10:00:00,5003.2,23
2015-11-20 10:00:00,6196.6,19
2015-11-20 10:00:00,4698.2,24
2015-11-20 10:00:00,5638.3,22
2015-11-20 10:00:00,6376.1,20
2015-11-20 16:00:00,4254.4,13
2015-11-20 16:00:00,5335.1,17
2015-11-20 16:00:00,,18
2015-11-20 16:00:00,3906.8,14
2015-11-20 16:00:00,5248.7,15
2015-11-20 16:00:00,5452.2,16
2015-11-20 18:00:00,,6
2015-11-20 18:00:00,4616.0,5
2015-11-20 18:00:00,4620.6,3
2015-11-20 18:00:00,4013.3,1
2015-11-20 18:00:00,4496.1,4
2015-11-20 18:00:00,5147.8,2
2015-11-20 19:00:00,,12
2015-11-20 19:00:00,5928.5,8
2015-11-20 19:00:00,5499.1,9
2015-11-20 19:00:00,5060.1,7
2015-11-20 19:00:00,5190.8,11
2015-11-20 19:00:00,5328.8,10
2015-11-27 11:00:00,5003.2,23
2015-11-27 11:00:00,6198.7,19
2015-11-27 11:00:00,5864.8,21
2015-11-27 11:00:00,6377.4,20
2015-11-27 11:00:00,5637.9,22
2015-11-27 11:00:00,4698.0,24
2015-11-27 17:00:00,4256.0,13
2015-11-27 17:00:00,,18
2015-11-27 17:00:00,3908.4,14
2015-11-27 17:00:00,5335.1,17
2015-11-27 17:00:00,5288.8,15
2015-11-27 17:00:00,5451.4,16
2015-11-27 19:00:00,4010.9,1
2015-11-27 19:00:00,4617.6,3
2015-11-27 19:00:00,,6
2015-11-27 19:00:00,4493.1,4
2015-11-27 19:00:00,4605.6,5
2015-11-27 19:00:00,5139.7,2
2015-11-27 20:00:00,,12
2015-11-27 20:00:00,5060.8,7
2015-11-27 20:00:00,5191.1,11
2015-11-27 20:00:00,7329.8,10
2015-11-27 20:00:00,5933.1,8
2015-11-27 20:00:00,5498.8,9
2015-12-02 12:00:00,4698.1,24
2015-12-02 12:00:00,5638.0,22
2015-12-02 12:00:00,6201.6,19
2015-12-02 12:00:00,5003.2,23
2015-12-02 12:00:00,5864.6,21
2015-12-02 12:00:00,6379.6,20
2015-12-02 18:00:00,4279.8,13
2015-12-02 18:00:00,5280.0,15
2015-12-02 18:00:00,5335.4,17
2015-12-02 18:00:00,3925.4,14
2015-12-02 18:00:00,5452.9,16
2015-12-02 18:00:00,,18
2015-12-02 20:00:00,5147.6,2
2015-12-02 20:00:00,4619.6,3
2015-12-02 20:00:00,4495.4,4
2015-12-02 20:00:00,,6
2015-12-02 20:00:00,4013.0,1
2015-12-02 20:00:00,4612.1,5
2015-12-02 21:00:00,5500.9,9
2015-12-02 21:00:00,5945.3,8
2015-12-02 21:00:00,5191.9,11
2015-12-02 21:00:00,5071.5,7
2015-12-02 21:00:00,5333.4,10
2015-12-02 21:00:00,4602.8,12
2015-12-10 13:00:00,5636.4,22
2015-12-10 13:00:00,6200.4,19
2015-12-10 13:00:00,5003.0,23
2015-12-10 13:00:00,5863.9,21
2015-12-10 13:00:00,6378.3,20
2015-12-10 13:00:00,4697.6,24
2015-12-10 19:00:00,5335.1,17
2015-12-10 19:00:00,4267.8,13
2015-12-10 19:00:00,5451.8,16
2015-12-10 19:00:00,5278.9,15
2015-12-10 19:00:00,3924.0,14
2015-12-10 19:00:00,,18
2015-12-10 21:00:00,5142.2,2
2015-12-10 21:00:00,,6
2015-12-10 21:00:00,4609.9,5
2015-12-10 21:00:00,4618.1,3
2015-12-10 21:00:00,4011.9,1
2015-12-10 21:00:00,4491.3,4
2015-12-10 22:00:00,5191.2,11
2015-12-10 22:00:00,5330.6,10
2015-12-10 22:00:00,4602.7,12
2015-12-10 22:00:00,5065.2,7
2015-12-10 22:00:00,5933.4,8
2015-12-10 22:00:00,5499.9,9
2015-12-16 14:00:00,4697.4,24
2015-12-16 14:00:00,6378.2,20
2015-12-16 14:00:00,5635.8,22
2015-12-16 14:00:00,5863.3,21
2015-12-16 14:00:00,5003.0,23
2015-12-16 14:00:00,6200.5,19
2015-12-16 20:00:00,5333.5,17
2015-12-16 20:00:00,,18
2015-12-16 20:00:00,3923.9,14
2015-12-16 20:00:00,5278.1,15
2015-12-16 20:00:00,4267.0,13
2015-12-16 20:00:00,5451.1,16
2015-12-16 22:00:00,,6
2015-12-16 22:00:00,4617.0,3
2015-12-16 22:00:00,4011.5,1
2015-12-16 22:00:00,4489.0,4
2015-12-16 22:00:00,4606.0,5
2015-12-16 22:00:00,5139.7,2
2015-12-16 23:00:00,5065.2,7
2015-12-16 23:00:00,5497.9,9
2015-12-16 23:00:00,5328.2,10
2015-12-16 23:00:00,5929.3,8
2015-12-16 23:00:00,5189.7,11
2015-12-16 23:00:00,4602.5,12
2015-12-23 00:00:00,5916.1,8
2015-12-23 00:00:00,5054.0,7
2015-12-23 00:00:00,4602.2,12
2015-12-23 00:00:00,5495.2,9
2015-12-23 00:00:00,5187.5,11
2015-12-23 00:00:00,5324.8,10
2015-12-23 15:00:00,4697.8,24
2015-12-23 15:00:00,6198.2,19
2015-12-23 15:00:00,6376.2,20
2015-12-23 15:00:00,5002.8,23
2015-12-23 15:00:00,5862.1,21
2015-12-23 15:00:00,5634.5,22
2015-12-23 21:00:00,3915.0,14
2015-12-23 21:00:00,4243.3,13
2015-12-23 21:00:00,5333.1,17
2015-12-23 21:00:00,,18
2015-12-23 21:00:00,5448.5,16
2015-12-23 21:00:00,5275.6,15
2015-12-23 23:00:00,,6
2015-12-23 23:00:00,4616.9,3
2015-12-23 23:00:00,4011.37,1
2015-12-23 23:00:00,4608.5,5
2015-12-23 23:00:00,5138.7,2
2015-12-23 23:00:00,4488.3,4
2015-12-30 00:00:00,4599.2,5
2015-12-30 00:00:00,,6
2015-12-30 00:00:00,4613.2,3
2015-12-30 00:00:00,5129.3,2
2015-12-30 00:00:00,4009.2,1
2015-12-30 00:00:00,4483.3,4
2015-12-30 01:00:00,5030.6,7
2015-12-30 01:00:00,5492.3,9
2015-12-30 01:00:00,5322.0,10
2015-12-30 01:00:00,5920.8,8
2015-12-30 01:00:00,4602.3,12
2015-12-30 01:00:00,5186.1,11
2015-12-30 16:00:00,6376.2,20
2015-12-30 16:00:00,5002.8,23
2015-12-30 16:00:00,6198.2,19
2015-12-30 16:00:00,4697.8,24
2015-12-30 16:00:00,5862.1,21
2015-12-30 16:00:00,5634.5,22
2015-12-30 22:00:00,5273.0,15
2015-12-30 22:00:00,5447.0,16
2015-12-30 22:00:00,,18
2015-12-30 22:00:00,4214.1,13
2015-12-30 22:00:00,5333.0,17
2015-12-30 22:00:00,3877.6,14
2016-01-08 01:00:00,4603.1,5
2016-01-08 01:00:00,4612.7,3
2016-01-08 01:00:00,,6
2016-01-08 01:00:00,5130.5,2
2016-01-08 01:00:00,4009.7,1
2016-01-08 01:00:00,4480.0,4
2016-01-08 02:00:00,5186.1,11
2016-01-08 02:00:00,4603.5,12
2016-01-08 02:00:00,5928.0,8
2016-01-08 02:00:00,5491.6,9
2016-01-08 02:00:00,5323.6,10
2016-01-08 02:00:00,,7
2016-01-08 17:00:00,4695.9,24
2016-01-08 17:00:00,6201.0,19
2016-01-08 17:00:00,5630.3,22
2016-01-08 17:00:00,6378.1,20
2016-01-08 17:00:00,5002.2,23
2016-01-08 17:00:00,5859.7,21
2016-01-08 23:00:00,5333.2,17
2016-01-08 23:00:00,5272.9,15
2016-01-08 23:00:00,3889.8,14
2016-01-08 23:00:00,5446.0,16
2016-01-08 23:00:00,4235.2,13
2016-01-08 23:00:00,,18
2016-01-15 00:00:00,3911.1,14
2016-01-15 00:00:00,,18
2016-01-15 00:00:00,5446.6,16
2016-01-15 00:00:00,4260.4,13
2016-01-15 00:00:00,5273.4,15
2016-01-15 00:00:00,5333.3,17
2016-01-15 02:00:00,4009.3,1
2016-01-15 02:00:00,4612.1,3
2016-01-15 02:00:00,4477.3,4
2016-01-15 02:00:00,,6
2016-01-15 02:00:00,4593.8,5
2016-01-15 02:00:00,5129.3,2
2016-01-15 03:00:00,5493.1,9
2016-01-15 03:00:00,5940.2,8
2016-01-15 03:00:00,5186.9,11
2016-01-15 03:00:00,5326.8,10
2016-01-15 03:00:00,,7
2016-01-15 03:00:00,4603.6,12
2016-01-15 18:00:00,5001.0,23
2016-01-15 18:00:00,6205.3,19
2016-01-15 18:00:00,6380.8,20
2016-01-15 18:00:00,5859.4,21
2016-01-15 18:00:00,4697.6,24
2016-01-15 18:00:00,5629.2,22
2016-01-20 01:00:00,4226.0,13
2016-01-20 01:00:00,,18
2016-01-20 01:00:00,5446.6,16
2016-01-20 01:00:00,5274.4,15
2016-01-20 01:00:00,5333.3,17
2016-01-20 01:00:00,3968.1,14
2016-01-20 03:00:00,4610.3,3
2016-01-20 03:00:00,4475.4,4
2016-01-20 03:00:00,4008.1,1
2016-01-20 03:00:00,,6
2016-01-20 03:00:00,5124.1,2
2016-01-20 03:00:00,4587.5,5
2016-01-20 04:00:00,,7
2016-01-20 04:00:00,5186.9,11
2016-01-20 04:00:00,5970.3,8
2016-01-20 04:00:00,5492.2,9
2016-01-20 04:00:00,5330.4,10
2016-01-20 04:00:00,4603.1,12
2016-01-20 19:00:00,6211.5,19
2016-01-20 19:00:00,5001.4,23
2016-01-20 19:00:00,5853.3,21
2016-01-20 19:00:00,5629.7,22
2016-01-20 19:00:00,6384.4,20
2016-01-20 19:00:00,4698.3,24
2016-01-29 02:00:00,,18
2016-01-29 02:00:00,5284.1,15
2016-01-29 02:00:00,4030.9,14
2016-01-29 02:00:00,5448.7,16
2016-01-29 02:00:00,4385.0,13
2016-01-29 02:00:00,5333.3,17
2016-01-29 04:00:00,4581.9,5
2016-01-29 04:00:00,5122.0,2
2016-01-29 04:00:00,4007.4,1
2016-01-29 04:00:00,4473.5,4
2016-01-29 04:00:00,,6
2016-01-29 04:00:00,4609.7,3
2016-01-29 05:00:00,5335.8,10
2016-01-29 05:00:00,5995.4,8
2016-01-29 05:00:00,5496.1,9
2016-01-29 05:00:00,4602.8,12
2016-01-29 05:00:00,,7
2016-01-29 05:00:00,5187.6,11
2016-01-29 20:00:00,5001.4,23
2016-01-29 20:00:00,6217.9,19
2016-01-29 20:00:00,4698.1,24
2016-01-29 20:00:00,5859.1,21
2016-01-29 20:00:00,5629.5,22
2016-01-29 20:00:00,6386.8,20
2016-02-05 03:00:00,4392.6,13
2016-02-05 03:00:00,5333.3,17
2016-02-05 03:00:00,4037.4,14
2016-02-05 03:00:00,5284.8,15
2016-02-05 03:00:00,,18
2016-02-05 03:00:00,5448.9,16
2016-02-05 05:00:00,5130.0,2
2016-02-05 05:00:00,,6
2016-02-05 05:00:00,4009.4,1
2016-02-05 05:00:00,4613.6,3
2016-02-05 05:00:00,4593.9,5
2016-02-05 05:00:00,4476.9,4
2016-02-05 06:00:00,,7
2016-02-05 06:00:00,4602.4,12
2016-02-05 06:00:00,5997.6,8
2016-02-05 06:00:00,5186.9,11
2016-02-05 06:00:00,5335.9,10
2016-02-05 06:00:00,5496.1,9
2016-02-05 21:00:00,5001.3,23
2016-02-05 21:00:00,6385.9,20
2016-02-05 21:00:00,5629.1,22
2016-02-05 21:00:00,6218.3,19
2016-02-05 21:00:00,5858.6,21
2016-02-05 21:00:00,4697.6,24
2016-02-12 04:00:00,5286.3,15
2016-02-12 04:00:00,4039.4,14
2016-02-12 04:00:00,5450.3,16
2016-02-12 04:00:00,4391.0,13
2016-02-12 04:00:00,5333.4,17
2016-02-12 04:00:00,,18
2016-02-12 06:00:00,4473.4,4
2016-02-12 06:00:00,5124.2,2
2016-02-12 06:00:00,4585.1,5
2016-02-12 06:00:00,4611.1,3
2016-02-12 06:00:00,4008.2,1
2016-02-12 06:00:00,,6
2016-02-12 07:00:00,,7
2016-02-12 07:00:00,5993.7,8
2016-02-12 07:00:00,5333.0,10
2016-02-12 07:00:00,5186.9,11
2016-02-12 07:00:00,5497.4,9
2016-02-12 07:00:00,4601.7,12
2016-02-12 22:00:00,6385.5,20
2016-02-12 22:00:00,5001.1,23
2016-02-12 22:00:00,5857.7,21
2016-02-12 22:00:00,4697.4,24
2016-02-12 22:00:00,6215.2,19
2016-02-12 22:00:00,5627.6,22
2016-02-17 05:00:00,5287.7,15
2016-02-17 05:00:00,5451.1,16
2016-02-17 05:00:00,4390.2,13
2016-02-17 05:00:00,,18
2016-02-17 05:00:00,5330.9,17
2016-02-17 05:00:00,4039.3,14
2016-02-17 07:00:00,4007.2,1
2016-02-17 07:00:00,4472.0,4
2016-02-17 07:00:00,4590.2,5
2016-02-17 07:00:00,5122.0,2
2016-02-17 07:00:00,,6
2016-02-17 07:00:00,4610.5,3
2016-02-17 08:00:00,4601.2,12
2016-02-17 08:00:00,5497.5,9
2016-02-17 08:00:00,5333.4,10
2016-02-17 08:00:00,5957.4,8
2016-02-17 08:00:00,5186.8,11
2016-02-17 08:00:00,,7
2016-02-17 23:00:00,5626.4,22
2016-02-17 23:00:00,4697.1,24
2016-02-17 23:00:00,5000.8,23
2016-02-17 23:00:00,6384.9,20
2016-02-17 23:00:00,5857.2,21
2016-02-17 23:00:00,6218.0,19
2016-02-26 00:00:00,5856.4,21
2016-02-26 00:00:00,4696.8,24
2016-02-26 00:00:00,5625.9,22
2016-02-26 00:00:00,6384.4,20
2016-02-26 00:00:00,6217.9,19
2016-02-26 00:00:00,5000.6,23
2016-02-26 06:00:00,5285.6,15
2016-02-26 06:00:00,4388.0,13
2016-02-26 06:00:00,4038.4,14
2016-02-26 06:00:00,5333.0,17
2016-02-26 06:00:00,,18
2016-02-26 06:00:00,5449.9,16
2016-02-26 08:00:00,5121.4,2
2016-02-26 08:00:00,,6
2016-02-26 08:00:00,4609.6,3
2016-02-26 08:00:00,4470.1,4
2016-02-26 08:00:00,4006.5,1
2016-02-26 08:00:00,4580.4,5
2016-02-26 09:00:00,5186.1,11
2016-02-26 09:00:00,5993.6,8
2016-02-26 09:00:00,4600.3,12
2016-02-26 09:00:00,5497.3,9
2016-02-26 09:00:00,5330.3,10
2016-02-26 09:00:00,,7
2016-03-04 01:00:00,5001.0,23
2016-03-04 01:00:00,4697.6,24
2016-03-04 01:00:00,5857.3,21
2016-03-04 01:00:00,6385.5,20
2016-03-04 01:00:00,6218.7,19
2016-03-04 01:00:00,5626.6,22
2016-03-04 07:00:00,5333.6,17
2016-03-04 07:00:00,5452.7,16
2016-03-04 07:00:00,5287.5,15
2016-03-04 07:00:00,4038.8,14
2016-03-04 07:00:00,4383.8,13
2016-03-04 07:00:00,,18
2016-03-04 09:00:00,4011.7,1
2016-03-04 09:00:00,4605.2,5
2016-03-04 09:00:00,,6
2016-03-04 09:00:00,4479.4,4
2016-03-04 09:00:00,4618.6,3
2016-03-04 09:00:00,5135.9,2
2016-03-04 10:00:00,5188.3,11
2016-03-04 10:00:00,5500.6,9
2016-03-04 10:00:00,5989.2,8
2016-03-04 10:00:00,,7
2016-03-04 10:00:00,5333.8,10
2016-03-04 10:00:00,4602.2,12
2016-03-11 02:00:00,5857.3,21
2016-03-11 02:00:00,4697.5,24
2016-03-11 02:00:00,6219.0,19
2016-03-11 02:00:00,5001.9,23
2016-03-11 02:00:00,5626.7,22
2016-03-11 02:00:00,6385.6,20
2016-03-11 08:00:00,4038.8,14
2016-03-11 08:00:00,,18
2016-03-11 08:00:00,5454.7,16
2016-03-11 08:00:00,5334.0,17
2016-03-11 08:00:00,4388.3,13
2016-03-11 08:00:00,5288.8,15
2016-03-11 10:00:00,4012.5,1
2016-03-11 10:00:00,5139.8,2
2016-03-11 10:00:00,4623.0,3
2016-03-11 10:00:00,4482.9,4
2016-03-11 10:00:00,,6
2016-03-11 10:00:00,4609.9,5
2016-03-11 11:00:00,5188.7,11
2016-03-11 11:00:00,5502.6,9
2016-03-11 11:00:00,,7
2016-03-11 11:00:00,5997.6,8
2016-03-11 11:00:00,5336.0,10
2016-03-11 11:00:00,4602.1,12
2016-03-18 03:00:00,4696.9,24
2016-03-18 03:00:00,5856.8,21
2016-03-18 03:00:00,5000.5,23
2016-03-18 03:00:00,6384.1,20
2016-03-18 03:00:00,6217.6,19
2016-03-18 03:00:00,5625.8,22
2016-03-18 09:00:00,,18
2016-03-18 09:00:00,4039.9,14
2016-03-18 09:00:00,5288.7,15
2016-03-18 09:00:00,4388.3,13
2016-03-18 09:00:00,5454.7,16
2016-03-18 09:00:00,5334.0,17
2016-03-18 11:00:00,,6
2016-03-18 11:00:00,4479.1,4
2016-03-18 11:00:00,4008.6,1
2016-03-18 11:00:00,4595.4,5
2016-03-18 11:00:00,4619.4,3
2016-03-18 11:00:00,5125.6,2
2016-03-18 12:00:00,5996.8,8
2016-03-18 12:00:00,5187.7,11
2016-03-18 12:00:00,5334.2,10
2016-03-18 12:00:00,,7
2016-03-18 12:00:00,4601.1,12
2016-03-18 12:00:00,5501.5,9
2016-03-24 04:00:00,5627.5,22
2016-03-24 04:00:00,6218.8,19
2016-03-24 04:00:00,5858.2,21
2016-03-24 04:00:00,6386.1,20
2016-03-24 04:00:00,5001.5,23
2016-03-24 04:00:00,4698.2,24
2016-03-24 10:00:00,5456.4,16
2016-03-24 10:00:00,5334.3,17
2016-03-24 10:00:00,,18
2016-03-24 10:00:00,4039.5,14
2016-03-24 10:00:00,4379.5,13
2016-03-24 10:00:00,5289.5,15
2016-03-24 12:00:00,4626.4,3
2016-03-24 12:00:00,4485.9,4
2016-03-24 12:00:00,4617.6,5
2016-03-24 12:00:00,4013.5,1
2016-03-24 12:00:00,,6
2016-03-24 12:00:00,5141.6,2
2016-03-24 13:00:00,4601.8,12
2016-03-24 13:00:00,,7
2016-03-24 13:00:00,5334.3,10
2016-03-24 13:00:00,5988.7,8
2016-03-24 13:00:00,5503.5,9
2016-03-24 13:00:00,5189.2,11
2016-04-05 05:00:00,5000.8,23
2016-04-05 05:00:00,5626.1,22
2016-04-05 05:00:00,5856.3,21
2016-04-05 05:00:00,6213.7,19
2016-04-05 05:00:00,4696.7,24
2016-04-05 05:00:00,6382.0,20
2016-04-05 11:00:00,5454.3,16
2016-04-05 11:00:00,5286.7,15
2016-04-05 11:00:00,,18
2016-04-05 11:00:00,4365.2,13
2016-04-05 11:00:00,4019.0,14
2016-04-05 11:00:00,5333.7,17
2016-04-05 13:00:00,4599.7,5
2016-04-05 13:00:00,4009.9,1
2016-04-05 13:00:00,4623.6,3
2016-04-05 13:00:00,5130.6,2
2016-04-05 13:00:00,4483.0,4
2016-04-05 13:00:00,,6
2016-04-05 14:00:00,4600.4,12
2016-04-05 14:00:00,,7
2016-04-05 14:00:00,5987.3,8
2016-04-05 14:00:00,5187.4,11
2016-04-05 14:00:00,5330.4,10
2016-04-05 14:00:00,5500.3,9
2016-04-14 06:00:00,5626.3,22
2016-04-14 06:00:00,6381.6,20
2016-04-14 06:00:00,6212.4,19
2016-04-14 06:00:00,5001.2,23
2016-04-14 06:00:00,4697.1,24
2016-04-14 06:00:00,5857.0,21
2016-04-14 12:00:00,5286.0,15
2016-04-14 12:00:00,4342.4,13
2016-04-14 12:00:00,5454.0,16
2016-04-14 12:00:00,4014.7,14
2016-04-14 12:00:00,5333.3,17
2016-04-14 12:00:00,,18
2016-04-14 14:00:00,5135.4,2
2016-04-14 14:00:00,4624.6,3
2016-04-14 14:00:00,4599.2,5
2016-04-14 14:00:00,,6
2016-04-14 14:00:00,4483.5,4
2016-04-14 14:00:00,4011.0,1
2016-04-14 15:00:00,5181.0,11
2016-04-14 15:00:00,5969.7,8
2016-04-14 15:00:00,4600.4,12
2016-04-14 15:00:00,5500.4,9
2016-04-14 15:00:00,,7
2016-04-14 15:00:00,5327.9,10
2016-04-20 07:00:00,5628.6,22
2016-04-20 07:00:00,6211.0,19
2016-04-20 07:00:00,5001.0,23
2016-04-20 07:00:00,4696.8,24
2016-04-20 07:00:00,6380.4,20
2016-04-20 07:00:00,5856.2,21
2016-04-20 13:00:00,5284.7,15
2016-04-20 13:00:00,4341.0,13
2016-04-20 13:00:00,,18
2016-04-20 13:00:00,5453.2,16
2016-04-20 13:00:00,5333.2,17
2016-04-20 13:00:00,4013.1,14
2016-04-20 15:00:00,,6
2016-04-20 15:00:00,5126.0,2
2016-04-20 15:00:00,4481.0,4
2016-04-20 15:00:00,4595.8,5
2016-04-20 15:00:00,4627.6,3
2016-04-20 15:00:00,4008.9,1
2016-04-20 16:00:00,5185.8,11
2016-04-20 16:00:00,5498.8,9
2016-04-20 16:00:00,5326.6,10
2016-04-20 16:00:00,5971.9,8
2016-04-20 16:00:00,,7
2016-04-20 16:00:00,4599.9,12
2016-04-29 08:00:00,4700.4,24
2016-04-29 08:00:00,5003.4,23
2016-04-29 08:00:00,5630.1,22
2016-04-29 08:00:00,6217.4,19
2016-04-29 08:00:00,5862.3,21
2016-04-29 08:00:00,6389.1,20
2016-04-29 14:00:00,5287.9,15
2016-04-29 14:00:00,5334.3,17
2016-04-29 14:00:00,5458.3,16
2016-04-29 14:00:00,4007.5,14
2016-04-29 14:00:00,4335.1,13
2016-04-29 14:00:00,,18
2016-04-29 16:00:00,5169.2,2
2016-04-29 16:00:00,4643.4,5
2016-04-29 16:00:00,4507.9,4
2016-04-29 16:00:00,4020.8,1
2016-04-29 16:00:00,5228.1,6
2016-04-29 16:00:00,4640.4,3
2016-04-29 17:00:00,,7
2016-04-29 17:00:00,5972.0,8
2016-04-29 17:00:00,4604.4,12
2016-04-29 17:00:00,5344.8,10
2016-04-29 17:00:00,5197.0,11
2016-04-29 17:00:00,5518.4,9
2016-05-03 09:00:00,5860.7,21
2016-05-03 09:00:00,6213.4,19
2016-05-03 09:00:00,5624.2,22
2016-05-03 09:00:00,6385.3,20
2016-05-03 09:00:00,5002.4,23
2016-05-03 09:00:00,4698.7,24
2016-05-03 15:00:00,,18
2016-05-03 15:00:00,5286.7,15
2016-05-03 15:00:00,5307.6,17
2016-05-03 15:00:00,4330.6,13
2016-05-03 15:00:00,4001.3,14
2016-05-03 15:00:00,5456.9,16
2016-05-03 17:00:00,4017.8,1
2016-05-03 17:00:00,4508.2,4
2016-05-03 17:00:00,4647.8,5
2016-05-03 17:00:00,5230.6,6
2016-05-03 17:00:00,5161.6,2
2016-05-03 17:00:00,4639.3,3
2016-05-03 18:00:00,5512.6,9
2016-05-03 18:00:00,5339.6,10
2016-05-03 18:00:00,4603.4,12
2016-05-03 18:00:00,5966.2,8
2016-05-03 18:00:00,5193.9,11
2016-05-03 18:00:00,,7
2016-05-13 10:00:00,5002.2,23
2016-05-13 10:00:00,4698.3,24
2016-05-13 10:00:00,6203.2,19
2016-05-13 10:00:00,5860.7,21
2016-05-13 10:00:00,6380.9,20
2016-05-13 10:00:00,5629.0,22
2016-05-13 16:00:00,5456.6,16
2016-05-13 16:00:00,5304.3,17
2016-05-13 16:00:00,,18
2016-05-13 16:00:00,3997.2,14
2016-05-13 16:00:00,5284.6,15
2016-05-13 16:00:00,4323.7,13
2016-05-13 18:00:00,4639.9,3
2016-05-13 18:00:00,5164.7,2
2016-05-13 18:00:00,4636.3,5
2016-05-13 18:00:00,4508.5,4
2016-05-13 18:00:00,4018.6,1
2016-05-13 18:00:00,5226.0,6
2016-05-13 19:00:00,5511.4,9
2016-05-13 19:00:00,5193.2,11
2016-05-13 19:00:00,5963.9,8
2016-05-13 19:00:00,5337.8,10
2016-05-13 19:00:00,4603.6,12
2016-05-13 19:00:00,,7
2016-05-20 11:00:00,6387.6,20
2016-05-20 11:00:00,4699.3,24
2016-05-20 11:00:00,6214.6,19
2016-05-20 11:00:00,5862.9,21
2016-05-20 11:00:00,5632.4,22
2016-05-20 11:00:00,5002.5,23
2016-05-20 17:00:00,5468.3,16
2016-05-20 17:00:00,4332.1,13
2016-05-20 17:00:00,,18
2016-05-20 17:00:00,4036.6,14
2016-05-20 17:00:00,5297.7,15
2016-05-20 17:00:00,5310.7,17
2016-05-20 19:00:00,4644.2,3
2016-05-20 19:00:00,4647.0,5
2016-05-20 19:00:00,4018.6,1
2016-05-20 19:00:00,4517.0,4
2016-05-20 19:00:00,5227.7,6
2016-05-20 19:00:00,5164.8,2
2016-05-20 20:00:00,5518.1,9
2016-05-20 20:00:00,5198.9,11
2016-05-20 20:00:00,5996.6,8
2016-05-20 20:00:00,4604.3,12
2016-05-20 20:00:00,,7
2016-05-20 20:00:00,5350.5,10
2016-05-25 12:00:00,6386.9,20
2016-05-25 12:00:00,4698.9,24
2016-05-25 12:00:00,5863.5,21
2016-05-25 12:00:00,6213.1,19
2016-05-25 12:00:00,5002.4,23
2016-05-25 12:00:00,5633.1,22
2016-05-25 18:00:00,5299.6,15
2016-05-25 18:00:00,4394.4,13
2016-05-25 18:00:00,,18
2016-05-25 18:00:00,5470.3,16
2016-05-25 18:00:00,5310.8,17
2016-05-25 18:00:00,4039.9,14
2016-05-25 20:00:00,4517.3,4
2016-05-25 20:00:00,4021.2,1
2016-05-25 20:00:00,4646.6,5
2016-05-25 20:00:00,4642.3,3
2016-05-25 20:00:00,5174.0,2
2016-05-25 20:00:00,5227.6,6
2016-05-25 21:00:00,5350.3,10
2016-05-25 21:00:00,5199.1,11
2016-05-25 21:00:00,4604.1,12
2016-05-25 21:00:00,,7
2016-05-25 21:00:00,5518.5,9
2016-05-25 21:00:00,5995.1,8
2016-06-03 13:00:00,6211.6,19
2016-06-03 13:00:00,4698.2,24
2016-06-03 13:00:00,5633.6,22
2016-06-03 13:00:00,5002.6,23
2016-06-03 13:00:00,6385.7,20
2016-06-03 13:00:00,5864.1,21
2016-06-03 19:00:00,,18
2016-06-03 19:00:00,5474.2,16
2016-06-03 19:00:00,5311.1,17
2016-06-03 19:00:00,4396.0,13
2016-06-03 19:00:00,5304.3,15
2016-06-03 19:00:00,4044.0,14
2016-06-03 21:00:00,5165.7,2
2016-06-03 21:00:00,4647.6,5
2016-06-03 21:00:00,4516.6,4
2016-06-03 21:00:00,4642.7,3
2016-06-03 21:00:00,4018.1,1
2016-06-03 21:00:00,5229.0,6
2016-06-03 22:00:00,5199.8,11
2016-06-03 22:00:00,5520.0,9
2016-06-03 22:00:00,5350.7,10
2016-06-03 22:00:00,,7
2016-06-03 22:00:00,4604.4,12
2016-06-03 22:00:00,5995.9,8
2016-06-10 14:00:00,5865.7,21
2016-06-10 14:00:00,5002.5,23
2016-06-10 14:00:00,4699.7,24
2016-06-10 14:00:00,6211.8,19
2016-06-10 14:00:00,5635.2,22
2016-06-10 14:00:00,6386.4,20
2016-06-10 20:00:00,4051.5,14
2016-06-10 20:00:00,4398.7,13
2016-06-10 20:00:00,,18
2016-06-10 20:00:00,5316.2,17
2016-06-10 20:00:00,5485.1,16
2016-06-10 20:00:00,5317.7,15
2016-06-10 22:00:00,4022.9,1
2016-06-10 22:00:00,4647.1,3
2016-06-10 22:00:00,4527.1,4
2016-06-10 22:00:00,4654.7,5
2016-06-10 22:00:00,5182.5,2
2016-06-10 22:00:00,5234.4,6
2016-06-10 23:00:00,5999.2,8
2016-06-10 23:00:00,4607.0,12
2016-06-10 23:00:00,,7
2016-06-10 23:00:00,5359.7,10
2016-06-10 23:00:00,5532.0,9
2016-06-10 23:00:00,5206.5,11
2016-06-16 00:00:00,,7
2016-06-16 00:00:00,4603.9,12
2016-06-16 00:00:00,5200.5,11
2016-06-16 00:00:00,5522.1,9
2016-06-16 00:00:00,5993.9,8
2016-06-16 00:00:00,5350.9,10
2016-06-16 15:00:00,6208.9,19
2016-06-16 15:00:00,5635.5,22
2016-06-16 15:00:00,5002.4,23
2016-06-16 15:00:00,4699.6,24
2016-06-16 15:00:00,6384.7,20
2016-06-16 15:00:00,5865.9,21
2016-06-16 21:00:00,4391.7,13
2016-06-16 21:00:00,5482.9,16
2016-06-16 21:00:00,4048.5,14
2016-06-16 21:00:00,,18
2016-06-16 21:00:00,5312.1,17
2016-06-16 21:00:00,5313.9,15
2016-06-16 23:00:00,4646.6,5
2016-06-16 23:00:00,4639.8,3
2016-06-16 23:00:00,4520.2,4
2016-06-16 23:00:00,5172.9,2
2016-06-16 23:00:00,5230.0,6
2016-06-16 23:00:00,4019.5,1
2016-06-23 00:00:00,4520.3,4
2016-06-23 00:00:00,4020.2,1
2016-06-23 00:00:00,4645.1,5
2016-06-23 00:00:00,4638.3,3
2016-06-23 00:00:00,5230.1,6
2016-06-23 00:00:00,5176.0,2
2016-06-23 01:00:00,5994.3,8
2016-06-23 01:00:00,5201.6,11
2016-06-23 01:00:00,5523.2,9
2016-06-23 01:00:00,4604.1,12
2016-06-23 01:00:00,,7
2016-06-23 01:00:00,5352.9,10
2016-06-23 16:00:00,6206.8,19
2016-06-23 16:00:00,5002.7,23
2016-06-23 16:00:00,4699.8,24
2016-06-23 16:00:00,5636.2,22
2016-06-23 16:00:00,5866.7,21
2016-06-23 16:00:00,6383.5,20
2016-06-23 22:00:00,5487.6,16
2016-06-23 22:00:00,5312.7,17
2016-06-23 22:00:00,5319.8,15
2016-06-23 22:00:00,4392.7,13
2016-06-23 22:00:00,4049.6,14
2016-06-23 22:00:00,,18
2016-07-07 01:00:00,4020.5,1
2016-07-07 01:00:00,5174.1,2
2016-07-07 01:00:00,5229.2,6
2016-07-07 01:00:00,4639.6,5
2016-07-07 01:00:00,4637.0,3
2016-07-07 01:00:00,4516.1,4
2016-07-07 02:00:00,5524.3,9
2016-07-07 02:00:00,4604.3,12
2016-07-07 02:00:00,5203.2,11
2016-07-07 02:00:00,5352.7,10
2016-07-07 02:00:00,,7
2016-07-07 02:00:00,5996.0,8
2016-07-07 17:00:00,5002.7,23
2016-07-07 17:00:00,6381.6,20
2016-07-07 17:00:00,4699.7,24
2016-07-07 17:00:00,5886.9,21
2016-07-07 17:00:00,5636.8,22
2016-07-07 17:00:00,6203.9,19
2016-07-07 23:00:00,5312.0,17
2016-07-07 23:00:00,5484.7,16
2016-07-07 23:00:00,5316.5,15
2016-07-07 23:00:00,4049.0,14
2016-07-07 23:00:00,,18
2016-07-07 23:00:00,4391.9,13
2016-07-15 00:00:00,5313.6,15
2016-07-15 00:00:00,,18
2016-07-15 00:00:00,5481.7,16
2016-07-15 00:00:00,5309.7,17
2016-07-15 00:00:00,4354.3,13
2016-07-15 00:00:00,4047.1,14
2016-07-15 02:00:00,5166.6,2
2016-07-15 02:00:00,4515.0,4
2016-07-15 02:00:00,4633.9,3
2016-07-15 02:00:00,4634.6,5
2016-07-15 02:00:00,5224.9,6
2016-07-15 02:00:00,4017.0,1
2016-07-15 03:00:00,5347.3,10
2016-07-15 03:00:00,5509.9,9
2016-07-15 03:00:00,5985.6,8
2016-07-15 03:00:00,5200.5,11
2016-07-15 03:00:00,,7
2016-07-15 03:00:00,4603.0,12
2016-07-15 18:00:00,6201.7,19
2016-07-15 18:00:00,6380.4,20
2016-07-15 18:00:00,5637.8,22
2016-07-15 18:00:00,4699.8,24
2016-07-15 18:00:00,5002.8,23
2016-07-15 18:00:00,5863.4,21
2016-07-20 06:00:00,5003.9,23
2016-07-20 06:00:00,6374.6,20
2016-07-20 06:00:00,5646.5,22
2016-07-20 06:00:00,5875.7,21
2016-07-20 06:00:00,4699.9,24
2016-07-20 06:00:00,6192.7,19
2016-07-20 12:00:00,5308.4,17
2016-07-20 12:00:00,5468.9,16
2016-07-20 12:00:00,,18
2016-07-20 12:00:00,3899.9,14
2016-07-20 12:00:00,5300.1,15
2016-07-20 12:00:00,4220.4,13
2016-07-20 14:00:00,4500.5,4
2016-07-20 14:00:00,5152.9,2
2016-07-20 14:00:00,4618.1,3
2016-07-20 14:00:00,5219.5,6
2016-07-20 14:00:00,4013.5,1
2016-07-20 14:00:00,4627.5,5
2016-07-20 15:00:00,5912.9,8
2016-07-20 15:00:00,5516.3,9
2016-07-20 15:00:00,5334.4,10
2016-07-20 15:00:00,5205.7,11
2016-07-20 15:00:00,4603.0,12
2016-07-20 15:00:00,,7
2016-07-25 01:00:00,5311.3,17
2016-07-25 01:00:00,4375.7,13
2016-07-25 01:00:00,5482.4,16
2016-07-25 01:00:00,,18
2016-07-25 01:00:00,4039.6,14
2016-07-25 01:00:00,5314.2,15
2016-07-25 03:00:00,5229.7,6
2016-07-25 03:00:00,4018.8,1
2016-07-25 03:00:00,4636.1,5
2016-07-25 03:00:00,4633.6,3
2016-07-25 03:00:00,4518.0,4
2016-07-25 03:00:00,5171.7,2
2016-07-25 04:00:00,5987.2,8
2016-07-25 04:00:00,4604.3,12
2016-07-25 04:00:00,5203.0,11
2016-07-25 04:00:00,5523.1,9
2016-07-25 04:00:00,,7
2016-07-25 04:00:00,5350.7,10
2016-07-25 19:00:00,5003.0,23
2016-07-25 19:00:00,6380.1,20
2016-07-25 19:00:00,4700.2,24
2016-07-25 19:00:00,5639.3,22
2016-07-25 19:00:00,6200.4,19
2016-07-25 19:00:00,5868.3,21
2016-07-28 02:00:00,5318.6,15
2016-07-28 02:00:00,5485.9,16
2016-07-28 02:00:00,4378.2,13
2016-07-28 02:00:00,5314.9,17
2016-07-28 02:00:00,4041.2,14
2016-07-28 02:00:00,,18
2016-07-28 04:00:00,4022.7,1
2016-07-28 04:00:00,5234.1,6
2016-07-28 04:00:00,4642.1,3
2016-07-28 04:00:00,4646.1,5
2016-07-28 04:00:00,4527.6,4
2016-07-28 04:00:00,5183.1,2
2016-07-28 05:00:00,4606.2,12
2016-07-28 05:00:00,5986.8,8
2016-07-28 05:00:00,5358.1,10
2016-07-28 05:00:00,,7
2016-07-28 05:00:00,5208.8,11
2016-07-28 05:00:00,5531.0,9
2016-07-28 20:00:00,5003.5,23
2016-07-28 20:00:00,6201.4,19
2016-07-28 20:00:00,6381.2,20
2016-07-28 20:00:00,5868.7,21
2016-07-28 20:00:00,4700.6,24
2016-07-28 20:00:00,5640.0,22
2016-08-04 03:00:00,5482.0,16
2016-08-04 03:00:00,4039.6,14
2016-08-04 03:00:00,,18
2016-08-04 03:00:00,5313.6,15
2016-08-04 03:00:00,5310.5,17
2016-08-04 03:00:00,4377.9,13
2016-08-04 05:00:00,4515.4,4
2016-08-04 05:00:00,4630.2,3
2016-08-04 05:00:00,4017.8,1
2016-08-04 05:00:00,5227.3,6
2016-08-04 05:00:00,4635.1,5
2016-08-04 05:00:00,5169.3,2
2016-08-04 06:00:00,,7
2016-08-04 06:00:00,5202.8,11
2016-08-04 06:00:00,5522.4,9
2016-08-04 06:00:00,5350.2,10
2016-08-04 06:00:00,4604.0,12
2016-08-04 06:00:00,5997.0,8
2016-08-04 21:00:00,6198.9,19
2016-08-04 21:00:00,6379.4,20
2016-08-04 21:00:00,4700.3,24
2016-08-04 21:00:00,5003.6,23
2016-08-04 21:00:00,5869.2,21
2016-08-04 21:00:00,5641.7,22
2016-08-12 04:00:00,,18
2016-08-12 04:00:00,5316.6,15
2016-08-12 04:00:00,5311.9,17
2016-08-12 04:00:00,4040.9,14
2016-08-12 04:00:00,4380.6,13
2016-08-12 04:00:00,5484.3,16
2016-08-12 06:00:00,5231.4,6
2016-08-12 06:00:00,4640.1,5
2016-08-12 06:00:00,4635.0,3
2016-08-12 06:00:00,4521.0,4
2016-08-12 06:00:00,5172.5,2
2016-08-12 06:00:00,4019.1,1
2016-08-12 07:00:00,4605.0,12
2016-08-12 07:00:00,5999.3,8
2016-08-12 07:00:00,5354.3,10
2016-08-12 07:00:00,5206.0,11
2016-08-12 07:00:00,5526.8,9
2016-08-12 07:00:00,,7
2016-08-12 22:00:00,6380.41,20
2016-08-12 22:00:00,5870.9,21
2016-08-12 22:00:00,5003.8,23
2016-08-12 22:00:00,5642.1,22
2016-08-12 22:00:00,6199.9,19
2016-08-12 22:00:00,4700.6,24
2016-08-30 05:00:00,,18
2016-08-30 05:00:00,4377.4,13
2016-08-30 05:00:00,4039.5,14
2016-08-30 05:00:00,5482.0,16
2016-08-30 05:00:00,5313.5,15
2016-08-30 05:00:00,5309.3,17
2016-08-30 07:00:00,4016.6,1
2016-08-30 07:00:00,5222.6,6
2016-08-30 07:00:00,4509.0,4
2016-08-30 07:00:00,5163.0,2
2016-08-30 07:00:00,4625.3,3
2016-08-30 07:00:00,4632.1,5
2016-08-30 08:00:00,5348.2,10
2016-08-30 08:00:00,5203.6,11
2016-08-30 08:00:00,5522.0,9
2016-08-30 08:00:00,4604.0,12
2016-08-30 08:00:00,,7
2016-08-30 08:00:00,5977.2,8
2016-08-30 23:00:00,4700.3,24
2016-08-30 23:00:00,6199.9,19
2016-08-30 23:00:00,5003.7,23
2016-08-30 23:00:00,5641.7,22
2016-08-30 23:00:00,6380.2,20
2016-08-30 23:00:00,5874.4,21
2016-09-09 00:00:00,4700.7,24
2016-09-09 00:00:00,6198.1,19
2016-09-09 00:00:00,5003.9,23
2016-09-09 00:00:00,5642.1,22
2016-09-09 00:00:00,6378.9,20
2016-09-09 00:00:00,5876.7,21
2016-09-09 06:00:00,5484.8,16
2016-09-09 06:00:00,4038.2,14
2016-09-09 06:00:00,,18
2016-09-09 06:00:00,5312.1,17
2016-09-09 06:00:00,4371.4,13
2016-09-09 06:00:00,5317.5,15
2016-09-09 08:00:00,4637.5,5
2016-09-09 08:00:00,4017.9,1
2016-09-09 08:00:00,4630.5,3
2016-09-09 08:00:00,5227.2,6
2016-09-09 08:00:00,5169.2,2
2016-09-09 08:00:00,4517.1,4
2016-09-09 09:00:00,5528.6,9
2016-09-09 09:00:00,5969.3,8
2016-09-09 09:00:00,5207.0,11
2016-09-09 09:00:00,,7
2016-09-09 09:00:00,4605.8,12
2016-09-09 09:00:00,5350.5,10
2016-09-15 01:00:00,5877.0,21
2016-09-15 01:00:00,6379.7,20
2016-09-15 01:00:00,5642.7,22
2016-09-15 01:00:00,6198.6,19
2016-09-15 01:00:00,4701.0,24
2016-09-15 01:00:00,5004.2,23
2016-09-15 07:00:00,4362.0,13
2016-09-15 07:00:00,5316.0,15
2016-09-15 07:00:00,,18
2016-09-15 07:00:00,5484.0,16
2016-09-15 07:00:00,5311.1,17
2016-09-15 07:00:00,4029.4,14
2016-09-15 09:00:00,4017.1,1
2016-09-15 09:00:00,5166.9,2
2016-09-15 09:00:00,4627.2,3
2016-09-15 09:00:00,4512.5,4
2016-09-15 09:00:00,4628.7,5
2016-09-15 09:00:00,5219.4,6
2016-09-15 10:00:00,4604.8,12
2016-09-15 10:00:00,,7
2016-09-15 10:00:00,5350.6,10
2016-09-15 10:00:00,5206.5,11
2016-09-15 10:00:00,5973.5,8
2016-09-15 10:00:00,5525.7,9
2016-09-22 02:00:00,6380.5,20
2016-09-22 02:00:00,5004.1,23
2016-09-22 02:00:00,5876.3,21
2016-09-22 02:00:00,5642.0,22
2016-09-22 02:00:00,6199.9,19
2016-09-22 02:00:00,4700.5,24
2016-09-22 08:00:00,5484.3,16
2016-09-22 08:00:00,5317.5,15
2016-09-22 08:00:00,,18
2016-09-22 08:00:00,4032.4,14
2016-09-22 08:00:00,5311.2,17
2016-09-22 08:00:00,4371.7,13
2016-09-22 10:00:00,4623.6,5
2016-09-22 10:00:00,4623.8,3
2016-09-22 10:00:00,4509.1,4
2016-09-22 10:00:00,5161.5,2
2016-09-22 10:00:00,4015.5,1
2016-09-22 10:00:00,5214.9,6
2016-09-22 11:00:00,,7
2016-09-22 11:00:00,4604.6,12
2016-09-22 11:00:00,5977.9,8
2016-09-22 11:00:00,5525.2,9
2016-09-22 11:00:00,5207.1,11
2016-09-22 11:00:00,5350.9,10
2016-09-27 03:00:00,6383.5,20
2016-09-27 03:00:00,5642.8,22
2016-09-27 03:00:00,5877.6,21
2016-09-27 03:00:00,4701.1,24
2016-09-27 03:00:00,6202.8,19
2016-09-27 03:00:00,5004.2,23
2016-09-27 09:00:00,5319.2,15
2016-09-27 09:00:00,4033.7,14
2016-09-27 09:00:00,4375.1,13
2016-09-27 09:00:00,5485.8,16
2016-09-27 09:00:00,5312.6,17
2016-09-27 09:00:00,,18
2016-09-27 11:00:00,4512.6,4
2016-09-27 11:00:00,5170.2,2
2016-09-27 11:00:00,5217.2,6
2016-09-27 11:00:00,4018.2,1
2016-09-27 11:00:00,4627.1,3
2016-09-27 11:00:00,4626.8,5
2016-09-27 12:00:00,,7
2016-09-27 12:00:00,5978.8,8
2016-09-27 12:00:00,5352.5,10
2016-09-27 12:00:00,5210.6,11
2016-09-27 12:00:00,4605.4,12
2016-09-27 12:00:00,5527.7,9
2016-10-07 04:00:00,5642.9,22
2016-10-07 04:00:00,5004.6,23
2016-10-07 04:00:00,5877.8,21
2016-10-07 04:00:00,6385.2,20
2016-10-07 04:00:00,4701.4,24
2016-10-07 04:00:00,6205.4,19
2016-10-07 10:00:00,5484.4,16
2016-10-07 10:00:00,5310.9,17
2016-10-07 10:00:00,4033.4,14
2016-10-07 10:00:00,,18
2016-10-07 10:00:00,4373.9,13
2016-10-07 10:00:00,5316.9,15
2016-10-07 12:00:00,4631.9,5
2016-10-07 12:00:00,5157.0,2
2016-10-07 12:00:00,4018.0,1
2016-10-07 12:00:00,4625.4,3
2016-10-07 12:00:00,5225.5,6
2016-10-07 12:00:00,4509.4,4
2016-10-07 13:00:00,5525.1,9
2016-10-07 13:00:00,5973.0,8
2016-10-07 13:00:00,5209.1,11
2016-10-07 13:00:00,5350.3,10
2016-10-07 13:00:00,,7
2016-10-07 13:00:00,4604.9,12
2016-10-13 05:00:00,4699.7,24
2016-10-13 05:00:00,5641.0,22
2016-10-13 05:00:00,6203.0,19
2016-10-13 05:00:00,6382.4,20
2016-10-13 05:00:00,5003.7,23
2016-10-13 05:00:00,5878.7,21
2016-10-13 11:00:00,5309.9,17
2016-10-13 11:00:00,4034.4,14
2016-10-13 11:00:00,5316.9,15
2016-10-13 11:00:00,,18
2016-10-13 11:00:00,5483.3,16
2016-10-13 11:00:00,4375.7,13
2016-10-13 13:00:00,4616.8,3
2016-10-13 13:00:00,4618.0,5
2016-10-13 13:00:00,5156.2,2
2016-10-13 13:00:00,4499.8,4
2016-10-13 13:00:00,5211.5,6
2016-10-13 13:00:00,4012.2,1
2016-10-13 14:00:00,,7
2016-10-13 14:00:00,4603.8,12
2016-10-13 14:00:00,5208.0,11
2016-10-13 14:00:00,5960.0,8
2016-10-13 14:00:00,5349.2,10
2016-10-13 14:00:00,5528.5,9
2016-10-27 07:00:00,4700.5,24
2016-10-27 07:00:00,6376.5,20
2016-10-27 07:00:00,5875.5,21
2016-10-27 07:00:00,5004.3,23
2016-10-27 07:00:00,6194.7,19
2016-10-27 07:00:00,5641.7,22
2016-10-27 13:00:00,5300.2,15
2016-10-27 13:00:00,,18
2016-10-27 13:00:00,5468.7,16
2016-10-27 13:00:00,3899.8,14
2016-10-27 13:00:00,4223.3,13
2016-10-27 13:00:00,5309.1,17
2016-10-27 15:00:00,4619.5,3
2016-10-27 15:00:00,4633.7,5
2016-10-27 15:00:00,4013.2,1
2016-10-27 15:00:00,4501.3,4
2016-10-27 15:00:00,5223.3,6
2016-10-27 15:00:00,5151.1,2
2016-10-27 16:00:00,5205.6,11
2016-10-27 16:00:00,5912.8,8
2016-10-27 16:00:00,5634.6,10
2016-10-27 16:00:00,4603.0,12
2016-10-27 16:00:00,,7
2016-10-27 16:00:00,5516.1,9
2016-11-01 08:00:00,6380.2,20
2016-11-01 08:00:00,5875.1,21
2016-11-01 08:00:00,5640.8,22
2016-11-01 08:00:00,4700.3,24
2016-11-01 08:00:00,6199.5,19
2016-11-01 08:00:00,5004.1,23
2016-11-01 14:00:00,3921.7,14
2016-11-01 14:00:00,4283.4,13
2016-11-01 14:00:00,5466.8,16
2016-11-01 14:00:00,,18
2016-11-01 14:00:00,5309.3,17
2016-11-01 14:00:00,5299.2,15
2016-11-01 16:00:00,4615.3,3
2016-11-01 16:00:00,5152.6,2
2016-11-01 16:00:00,4013.1,1
2016-11-01 16:00:00,4624.7,5
2016-11-01 16:00:00,4498.3,4
2016-11-01 16:00:00,5209.8,6
2016-11-01 17:00:00,5518.9,9
2016-11-01 17:00:00,5207.1,11
2016-11-01 17:00:00,5923.6,8
2016-11-01 17:00:00,5339.6,10
2016-11-01 17:00:00,,7
2016-11-01 17:00:00,4604.8,12
2016-11-11 09:00:00,6196.4,19
2016-11-11 09:00:00,5873.7,21
2016-11-11 09:00:00,5003.8,23
2016-11-11 09:00:00,5639.8,22
2016-11-11 09:00:00,6376.6,20
2016-11-11 09:00:00,4699.8,24
2016-11-11 15:00:00,5462.5,16
2016-11-11 15:00:00,3917.3,14
2016-11-11 15:00:00,4243.5,13
2016-11-11 15:00:00,,18
2016-11-11 15:00:00,5294.5,15
2016-11-11 15:00:00,5305.6,17
2016-11-11 17:00:00,4493.2,4
2016-11-11 17:00:00,5145.0,2
2016-11-11 17:00:00,5199.5,6
2016-11-11 17:00:00,4618.7,5
2016-11-11 17:00:00,4011.9,1
2016-11-11 17:00:00,4615.1,3
2016-11-11 18:00:00,5922.0,8
2016-11-11 18:00:00,,7
2016-11-11 18:00:00,5202.9,11
2016-11-11 18:00:00,4602.4,12
2016-11-11 18:00:00,5511.4,9
2016-11-11 18:00:00,5334.1,10
2016-11-18 10:00:00,5641.5,22
2016-11-18 10:00:00,5004.5,23
2016-11-18 10:00:00,5875.3,21
2016-11-18 10:00:00,6385.3,20
2016-11-18 10:00:00,4701.4,24
2016-11-18 10:00:00,6206.1,19
2016-11-18 16:00:00,3957.0,14
2016-11-18 16:00:00,4314.7,13
2016-11-18 16:00:00,5307.0,17
2016-11-18 16:00:00,5301.3,15
2016-11-18 16:00:00,5467.6,16
2016-11-18 16:00:00,,18
2016-11-18 18:00:00,4623.0,3
2016-11-18 18:00:00,4628.7,5
2016-11-18 18:00:00,4017.5,1
2016-11-18 18:00:00,4504.0,4
2016-11-18 18:00:00,5213.2,6
2016-11-18 18:00:00,5162.2,2
2016-11-18 19:00:00,4604.2,12
2016-11-18 19:00:00,5952.4,8
2016-11-18 19:00:00,5207.5,11
2016-11-18 19:00:00,5346.3,10
2016-11-18 19:00:00,,7
2016-11-18 19:00:00,5518.8,9
2016-11-23 20:00:00,,12
2016-11-23 20:00:00,,9
2016-11-23 20:00:00,,10
2016-11-23 20:00:00,,11
2016-11-23 20:00:00,5937.1,8
2016-11-23 20:00:00,,7
2016-11-23 21:00:00,,10
2016-11-23 21:00:00,,11
2016-11-23 21:00:00,,12
2016-11-23 21:00:00,4904.3,7
2016-11-23 21:00:00,5888.8,8
2016-11-23 21:00:00,,9
2016-11-23 22:00:00,,10
2016-11-23 22:00:00,4905.3,7
2016-11-23 22:00:00,,11
2016-11-23 22:00:00,,9
2016-11-23 22:00:00,5888.8,8
2016-11-23 22:00:00,,12
2016-11-28 11:00:00,5873.2,21
2016-11-28 11:00:00,5639.6,22
2016-11-28 11:00:00,6205.3,19
2016-11-28 11:00:00,6383.6,20
2016-11-28 11:00:00,5003.9,23
2016-11-28 11:00:00,4699.9,24
2016-11-28 17:00:00,5306.3,17
2016-11-28 17:00:00,5467.8,16
2016-11-28 17:00:00,5302.7,15
2016-11-28 17:00:00,,18
2016-11-28 17:00:00,4324.6,13
2016-11-28 17:00:00,3965.4,14
2016-11-28 19:00:00,5194.8,6
2016-11-28 19:00:00,4490.7,4
2016-11-28 19:00:00,4612.8,3
2016-11-28 19:00:00,4606.3,5
2016-11-28 19:00:00,5138.3,2
2016-11-28 19:00:00,4010.6,1
2016-11-28 23:00:00,4603.4,12
2016-11-28 23:00:00,5515.2,9
2016-11-28 23:00:00,5890.0,8
2016-11-28 23:00:00,4881.2,7
2016-11-28 23:00:00,5205.6,11
2016-11-28 23:00:00,5343.6,10
2016-12-05 18:00:00,,13
2016-12-05 18:00:00,,16
2016-12-05 18:00:00,,18
2016-12-05 18:00:00,5306.1,17
2016-12-05 18:00:00,,14
2016-12-05 18:00:00,,15
2016-12-05 19:00:00,,15
2016-12-05 19:00:00,5290.0,17
2016-12-05 19:00:00,,14
2016-12-05 19:00:00,5366.1,18
2016-12-05 19:00:00,,16
2016-12-05 19:00:00,,13
2016-12-12 00:00:00,5514.2,9
2016-12-12 00:00:00,4887.6,7
2016-12-12 00:00:00,5204.8,11
2016-12-12 00:00:00,5344.3,10
2016-12-12 00:00:00,5899.7,8
2016-12-12 00:00:00,4602.7,12
2016-12-12 12:00:00,6208.8,19
2016-12-12 12:00:00,5872.3,21
2016-12-12 12:00:00,6384.9,20
2016-12-12 12:00:00,5003.8,23
2016-12-12 12:00:00,5638.3,22
2016-12-12 12:00:00,4699.3,24
2016-12-12 20:00:00,5366.8,18
2016-12-12 20:00:00,5467.4,16
2016-12-12 20:00:00,4009.8,1
2016-12-12 20:00:00,5189.3,6
2016-12-12 20:00:00,5133.8,2
2016-12-12 20:00:00,4611.1,3
2016-12-12 20:00:00,4346.3,13
2016-12-12 20:00:00,3986.4,14
2016-12-12 20:00:00,4487.6,4
2016-12-12 20:00:00,5303.2,15
2016-12-12 20:00:00,5283.7,17
2016-12-12 20:00:00,4607.4,5
2016-12-21 01:00:00,4888.3,7
2016-12-21 01:00:00,5342.8,10
2016-12-21 01:00:00,5899.1,8
2016-12-21 01:00:00,5203.6,11
2016-12-21 01:00:00,4602.6,12
2016-12-21 01:00:00,5515.9,9
2016-12-21 13:00:00,5637.7,22
2016-12-21 13:00:00,6385.6,20
2016-12-21 13:00:00,5003.6,23
2016-12-21 13:00:00,5871.6,21
2016-12-21 13:00:00,6209.7,19
2016-12-21 13:00:00,4699.0,24
2016-12-21 21:00:00,5305.3,15
2016-12-21 21:00:00,4611.1,3
2016-12-21 21:00:00,5134.7,2
2016-12-21 21:00:00,4608.5,5
2016-12-21 21:00:00,5183.9,6
2016-12-21 21:00:00,5283.1,17
2016-12-21 21:00:00,5469.4,16
2016-12-21 21:00:00,4486.2,4
2016-12-21 21:00:00,5365.1,18
2016-12-21 21:00:00,3990.0,14
2016-12-21 21:00:00,4345.4,13
2016-12-21 21:00:00,4010.2,1
2016-12-29 02:00:00,5908.5,8
2016-12-29 02:00:00,5343.3,10
2016-12-29 02:00:00,5516.4,9
2016-12-29 02:00:00,5204.1,11
2016-12-29 02:00:00,4602.6,12
2016-12-29 02:00:00,4886.3,7
2016-12-29 14:00:00,5635.8,22
2016-12-29 14:00:00,5870.3,21
2016-12-29 14:00:00,4698.3,24
2016-12-29 14:00:00,6385.2,20
2016-12-29 14:00:00,5003.5,23
2016-12-29 14:00:00,6112.3,19
2016-12-29 22:00:00,4479.4,4
2016-12-29 22:00:00,3992.6,14
2016-12-29 22:00:00,4008.8,1
2016-12-29 22:00:00,4608.7,3
2016-12-29 22:00:00,5363.5,18
2016-12-29 22:00:00,5470.2,16
2016-12-29 22:00:00,4351.3,13
2016-12-29 22:00:00,5174.3,6
2016-12-29 22:00:00,5128.1,2
2016-12-29 22:00:00,5273.1,17
2016-12-29 22:00:00,5306.0,15
2016-12-29 22:00:00,4607.7,5
2017-01-04 03:00:00,5902.9,8
2017-01-04 03:00:00,4883.8,7
2017-01-04 03:00:00,5515.0,9
2017-01-04 03:00:00,5340.1,10
2017-01-04 03:00:00,4601.5,12
2017-01-04 03:00:00,5202.4,11
2017-01-04 18:00:00,4697.7,24
2017-01-04 18:00:00,6212.0,19
2017-01-04 18:00:00,5869.3,21
2017-01-04 18:00:00,5003.3,23
2017-01-04 18:00:00,5634.5,22
2017-01-04 18:00:00,6384.5,20
2017-01-04 23:00:00,4606.7,3
2017-01-04 23:00:00,5468.7,16
2017-01-04 23:00:00,5168.8,6
2017-01-04 23:00:00,5273.0,17
2017-01-04 23:00:00,5361.9,18
2017-01-04 23:00:00,4602.3,5
2017-01-04 23:00:00,5305.1,15
2017-01-04 23:00:00,4477.1,4
2017-01-04 23:00:00,4007.9,1
2017-01-04 23:00:00,3992.4,14
2017-01-04 23:00:00,4348.1,13
2017-01-04 23:00:00,5125.7,2
2017-01-10 00:00:00,4009.8,1
2017-01-10 00:00:00,5303.2,15
2017-01-10 00:00:00,5467.2,16
2017-01-10 00:00:00,3988.8,14
2017-01-10 00:00:00,5175.4,6
2017-01-10 00:00:00,4609.1,3
2017-01-10 00:00:00,5359.8,18
2017-01-10 00:00:00,5273.1,17
2017-01-10 00:00:00,4325.1,13
2017-01-10 00:00:00,4479.4,4
2017-01-10 00:00:00,5130.4,2
2017-01-10 00:00:00,4610.1,5
2017-01-10 04:00:00,5884.3,8
2017-01-10 04:00:00,4601.1,12
2017-01-10 04:00:00,4878.8,7
2017-01-10 04:00:00,5201.7,11
2017-01-10 04:00:00,5513.8,9
2017-01-10 04:00:00,5336.0,10
2017-01-10 19:00:00,5633.6,22
2017-01-10 19:00:00,6382.9,20
2017-01-10 19:00:00,4697.7,24
2017-01-10 19:00:00,6210.1,19
2017-01-10 19:00:00,5003.4,23
2017-01-10 19:00:00,5868.7,21
2017-01-18 01:00:00,4304.4,13
2017-01-18 01:00:00,3973.8,14
2017-01-18 01:00:00,5272.1,17
2017-01-18 01:00:00,4608.7,3
2017-01-18 01:00:00,4602.9,5
2017-01-18 01:00:00,5301.7,15
2017-01-18 01:00:00,5358.9,18
2017-01-18 01:00:00,5129.0,2
2017-01-18 01:00:00,4008.8,1
2017-01-18 01:00:00,4478.5,4
2017-01-18 01:00:00,5168.3,6
2017-01-18 01:00:00,5466.7,16
2017-01-18 05:00:00,5877.6,8
2017-01-18 05:00:00,5512.3,9
2017-01-18 05:00:00,5333.4,10
2017-01-18 05:00:00,4871.9,7
2017-01-18 05:00:00,4601.0,12
2017-01-18 05:00:00,5201.2,11
2017-01-18 20:00:00,5867.5,21
2017-01-18 20:00:00,6380.8,20
2017-01-18 20:00:00,5003.0,23
2017-01-18 20:00:00,6207.4,19
2017-01-18 20:00:00,4697.5,24
2017-01-18 20:00:00,5631.6,22
2017-01-24 02:00:00,5168.9,6
2017-01-24 02:00:00,5124.1,2
2017-01-24 02:00:00,4608.2,3
2017-01-24 02:00:00,4477.2,4
2017-01-24 02:00:00,,18
2017-01-24 02:00:00,4007.2,1
2017-01-24 02:00:00,5466.9,16
2017-01-24 02:00:00,5271.7,17
2017-01-24 02:00:00,4304.0,13
2017-01-24 02:00:00,5301.0,15
2017-01-24 02:00:00,4597.6,5
2017-01-24 02:00:00,3973.5,14
2017-01-24 06:00:00,5877.4,8
2017-01-24 06:00:00,5333.4,10
2017-01-24 06:00:00,4601.1,12
2017-01-24 06:00:00,5201.5,11
2017-01-24 06:00:00,5512.9,9
2017-01-24 06:00:00,4871.4,7
2017-01-24 21:00:00,6208.5,19
2017-01-24 21:00:00,5867.8,21
2017-01-24 21:00:00,4697.6,24
2017-01-24 21:00:00,5003.0,23
2017-01-24 21:00:00,5632.0,22
2017-01-24 21:00:00,6381.7,20
2017-02-02 03:00:00,5466.3,16
2017-02-02 03:00:00,5130.0,2
2017-02-02 03:00:00,4611.9,3
2017-02-02 03:00:00,4603.2,5
2017-02-02 03:00:00,5170.5,6
2017-02-02 03:00:00,4009.1,1
2017-02-02 03:00:00,5358.6,18
2017-02-02 03:00:00,5271.0,17
2017-02-02 03:00:00,5300.6,15
2017-02-02 03:00:00,4479.0,4
2017-02-02 03:00:00,4306.4,13
2017-02-02 03:00:00,3973.9,14
2017-02-02 07:00:00,5334.3,10
2017-02-02 07:00:00,4601.2,12
2017-02-02 07:00:00,5879.8,8
2017-02-02 07:00:00,4872.5,7
2017-02-02 07:00:00,5201.5,11
2017-02-02 07:00:00,5513.3,9
2017-02-02 22:00:00,6382.9,20
2017-02-02 22:00:00,6209.5,19
2017-02-02 22:00:00,5003.2,23
2017-02-02 22:00:00,4698.1,24
2017-02-02 22:00:00,5632.1,22
2017-02-02 22:00:00,5867.9,21
2017-02-23 04:00:00,5175.0,6
2017-02-23 04:00:00,5298.5,15
2017-02-23 04:00:00,5270.1,17
2017-02-23 04:00:00,5125.7,2
2017-02-23 04:00:00,5464.9,16
2017-02-23 04:00:00,5357.1,18
2017-02-23 04:00:00,4009.4,1
2017-02-23 04:00:00,4607.1,5
2017-02-23 04:00:00,3973.2,14
2017-02-23 04:00:00,4477.3,4
2017-02-23 04:00:00,4613.1,3
2017-02-23 04:00:00,4308.2,13
2017-02-23 08:00:00,5332.4,10
2017-02-23 08:00:00,4870.2,7
2017-02-23 08:00:00,4601.2,12
2017-02-23 08:00:00,5878.2,8
2017-02-23 08:00:00,5201.1,11
2017-02-23 08:00:00,5512.2,9
2017-02-23 23:00:00,5002.7,23
2017-02-23 23:00:00,5628.3,22
2017-02-23 23:00:00,5865.2,21
2017-02-23 23:00:00,6381.0,20
2017-02-23 23:00:00,4697.0,24
2017-02-23 23:00:00,6208.0,19
2017-03-09 00:00:00,5627.3,22
2017-03-09 00:00:00,5864.0,21
2017-03-09 00:00:00,5001.9,23
2017-03-09 00:00:00,4697.0,24
2017-03-09 00:00:00,6217.1,19
2017-03-09 00:00:00,6385.6,20
2017-03-09 05:00:00,4387.6,13
2017-03-09 05:00:00,4006.8,1
2017-03-09 05:00:00,5463.7,16
2017-03-09 05:00:00,5122.0,2
2017-03-09 05:00:00,4472.6,4
2017-03-09 05:00:00,4610.1,3
2017-03-09 05:00:00,5299.3,15
2017-03-09 05:00:00,4034.1,14
2017-03-09 05:00:00,5163.1,6
2017-03-09 05:00:00,5270.0,17
2017-03-09 05:00:00,5353.9,18
2017-03-09 05:00:00,4596.3,5
2017-03-09 09:00:00,5336.1,10
2017-03-09 09:00:00,4883.3,7
2017-03-09 09:00:00,4599.24,12
2017-03-09 09:00:00,5908.5,8
2017-03-09 09:00:00,5509.3,9
2017-03-09 09:00:00,5199.4,11
2017-03-17 01:00:00,5628.1,22
2017-03-17 01:00:00,6216.0,19
2017-03-17 01:00:00,5865.0,21
2017-03-17 01:00:00,5002.3,23
2017-03-17 01:00:00,6385.2,20
2017-03-17 01:00:00,4697.9,24
2017-03-17 06:00:00,4013.6,1
2017-03-17 06:00:00,5142.9,2
2017-03-17 06:00:00,5358.3,18
2017-03-17 06:00:00,4625.4,3
2017-03-17 06:00:00,4618.4,5
2017-03-17 06:00:00,5183.4,6
2017-03-17 06:00:00,4485.5,4
2017-03-17 06:00:00,5465.2,16
2017-03-17 06:00:00,5271.2,17
2017-03-17 06:00:00,5299.4,15
2017-03-17 06:00:00,4325.3,13
2017-03-17 06:00:00,3999.6,14
2017-03-17 10:00:00,5517.8,9
2017-03-17 10:00:00,5884.4,8
2017-03-17 10:00:00,5338.9,10
2017-03-17 10:00:00,4874.6,7
2017-03-17 10:00:00,4596.3,12
2017-03-17 10:00:00,5204.4,11
2017-03-23 02:00:00,6215.9,19
2017-03-23 02:00:00,5627.7,22
2017-03-23 02:00:00,5865.0,21
2017-03-23 02:00:00,6384.7,20
2017-03-23 02:00:00,5002.2,23
2017-03-23 02:00:00,4697.6,24
2017-03-23 07:00:00,5270.9,17
2017-03-23 07:00:00,5133.5,2
2017-03-23 07:00:00,4010.6,1
2017-03-23 07:00:00,4482.8,4
2017-03-23 07:00:00,5172.3,6
2017-03-23 07:00:00,5463.8,16
2017-03-23 07:00:00,4607.7,5
2017-03-23 07:00:00,5299.4,15
2017-03-23 07:00:00,4621.8,3
2017-03-23 07:00:00,3999.8,14
2017-03-23 07:00:00,5355.0,18
2017-03-23 07:00:00,4343.5,13
2017-03-23 11:00:00,5338.9,10
2017-03-23 11:00:00,5203.4,11
2017-03-23 11:00:00,4876.0,7
2017-03-23 11:00:00,4596.6,12
2017-03-23 11:00:00,5515.1,9
2017-03-23 11:00:00,5896.3,8
2017-04-19 03:00:00,5002.2,23
2017-04-19 03:00:00,5627.6,22
2017-04-19 03:00:00,4697.9,24
2017-04-19 03:00:00,5865.2,21
2017-04-19 03:00:00,6384.4,20
2017-04-19 03:00:00,6214.9,19
2017-04-19 08:00:00,4610.2,5
2017-04-19 08:00:00,4013.3,1
2017-04-19 08:00:00,5298.3,15
2017-04-19 08:00:00,5173.7,6
2017-04-19 08:00:00,5463.2,16
2017-04-19 08:00:00,5271.0,17
2017-04-19 08:00:00,5147.3,2
2017-04-19 08:00:00,5355.2,18
2017-04-19 08:00:00,4002.8,14
2017-04-19 08:00:00,4326.8,13
2017-04-19 08:00:00,4627.9,3
2017-04-19 08:00:00,4489.8,4
2017-04-19 12:00:00,4872.4,7
2017-04-19 12:00:00,5877.9,8
2017-04-19 12:00:00,5336.0,10
2017-04-19 12:00:00,5516.9,9
2017-04-19 12:00:00,5204.3,11
2017-04-19 12:00:00,4598.5,12
2017-04-25 04:00:00,5002.4,23
2017-04-25 04:00:00,5628.2,22
2017-04-25 04:00:00,5865.7,21
2017-04-25 04:00:00,6213.8,19
2017-04-25 04:00:00,4698.2,24
2017-04-25 04:00:00,6384.9,20
2017-04-25 09:00:00,5181.2,6
2017-04-25 09:00:00,5270.6,17
2017-04-25 09:00:00,5355.4,18
2017-04-25 09:00:00,3998.3,14
2017-04-25 09:00:00,4013.5,1
2017-04-25 09:00:00,4493.2,4
2017-04-25 09:00:00,5148.2,2
2017-04-25 09:00:00,4328.4,13
2017-04-25 09:00:00,4619.1,5
2017-04-25 09:00:00,5298.3,15
2017-04-25 09:00:00,4630.1,3
2017-04-25 09:00:00,5463.0,16
2017-04-25 13:00:00,5876.3,8
2017-04-25 13:00:00,5205.5,11
2017-04-25 13:00:00,5518.1,9
2017-04-25 13:00:00,4869.6,7
2017-04-25 13:00:00,4599.6,12
2017-04-25 13:00:00,5337.9,10
2017-05-03 05:00:00,5629.0,22
2017-05-03 05:00:00,6212.4,19
2017-05-03 05:00:00,5867.3,21
2017-05-03 05:00:00,6384.7,20
2017-05-03 05:00:00,5002.6,23
2017-05-03 05:00:00,4698.7,24
2017-05-03 10:00:00,3987.2,14
2017-05-03 10:00:00,4632.4,3
2017-05-03 10:00:00,5356.4,18
2017-05-03 10:00:00,5272.1,17
2017-05-03 10:00:00,5298.6,15
2017-05-03 10:00:00,5190.0,6
2017-05-03 10:00:00,4498.5,4
2017-05-03 10:00:00,4014.5,1
2017-05-03 10:00:00,5132.3,2
2017-05-03 10:00:00,4624.6,5
2017-05-03 10:00:00,5463.4,16
2017-05-03 10:00:00,4313.5,13
2017-05-03 14:00:00,5516.7,9
2017-05-03 14:00:00,4866.2,7
2017-05-03 14:00:00,5878.2,8
2017-05-03 14:00:00,4599.3,12
2017-05-03 14:00:00,5338.7,10
2017-05-03 14:00:00,5205.5,11
2017-05-12 06:00:00,5629.9,22
2017-05-12 06:00:00,4699.0,24
2017-05-12 06:00:00,6205.4,19
2017-05-12 06:00:00,5003.0,23
2017-05-12 06:00:00,6381.7,20
2017-05-12 06:00:00,5868.4,21
2017-05-12 11:00:00,4015.8,1
2017-05-12 11:00:00,5463.0,16
2017-05-12 11:00:00,5192.0,6
2017-05-12 11:00:00,5356.5,18
2017-05-12 11:00:00,4626.9,5
2017-05-12 11:00:00,4504.3,4
2017-05-12 11:00:00,5157.9,2
2017-05-12 11:00:00,5270.5,17
2017-05-12 11:00:00,4305.5,13
2017-05-12 11:00:00,4635.4,3
2017-05-12 11:00:00,5298.0,15
2017-05-12 11:00:00,3985.0,14
2017-05-12 15:00:00,5337.9,10
2017-05-12 15:00:00,5869.8,8
2017-05-12 15:00:00,4599.5,12
2017-05-12 15:00:00,4861.8,7
2017-05-12 15:00:00,5516.7,9
2017-05-12 15:00:00,5205.5,11
2017-05-19 07:00:00,6200.9,19
2017-05-19 07:00:00,5630.4,22
2017-05-19 07:00:00,5868.6,21
2017-05-19 07:00:00,4699.1,24
2017-05-19 07:00:00,5003.0,23
2017-05-19 07:00:00,6379.3,20
2017-05-19 12:00:00,5460.6,16
2017-05-19 12:00:00,4628.0,5
2017-05-19 12:00:00,5193.5,6
2017-05-19 12:00:00,4015.3,1
2017-05-19 12:00:00,5294.8,15
2017-05-19 12:00:00,4287.2,13
2017-05-19 12:00:00,5355.2,18
2017-05-19 12:00:00,3967.5,14
2017-05-19 12:00:00,5155.6,2
2017-05-19 12:00:00,4633.2,3
2017-05-19 12:00:00,5270.0,17
2017-05-19 12:00:00,4505.0,4
2017-05-19 16:00:00,5513.8,9
2017-05-19 16:00:00,5205.2,11
2017-05-19 16:00:00,4599.4,12
2017-05-19 16:00:00,4854.1,7
2017-05-19 16:00:00,5863.1,8
2017-05-19 16:00:00,5334.6,10
2017-05-25 08:00:00,6377.1,20
2017-05-25 08:00:00,6197.2,19
2017-05-25 08:00:00,4699.0,24
2017-05-25 08:00:00,5629.7,22
2017-05-25 08:00:00,5868.6,21
2017-05-25 08:00:00,5003.3,23
2017-05-25 13:00:00,4014.3,1
2017-05-25 13:00:00,4271.1,13
2017-05-25 13:00:00,5354.2,18
2017-05-25 13:00:00,3954.2,14
2017-05-25 13:00:00,4634.2,3
2017-05-25 13:00:00,5457.9,16
2017-05-25 13:00:00,4504.8,4
2017-05-25 13:00:00,5269.4,17
2017-05-25 13:00:00,4626.2,5
2017-05-25 13:00:00,5292.7,15
2017-05-25 13:00:00,5154.7,2
2017-05-25 13:00:00,5192.3,6
2017-05-25 17:00:00,4844.8,7
2017-05-25 17:00:00,5511.0,9
2017-05-25 17:00:00,4598.6,12
2017-05-25 17:00:00,5856.2,8
2017-05-25 17:00:00,5204.1,11
2017-05-25 17:00:00,5331.5,10
2017-06-13 09:00:00,5870.4,21
2017-06-13 09:00:00,6371.6,20
2017-06-13 09:00:00,6186.7,19
2017-06-13 09:00:00,5632.2,22
2017-06-13 09:00:00,5003.6,23
2017-06-13 09:00:00,4700.2,24
2017-06-13 14:00:00,4641.1,3
2017-06-13 14:00:00,5271.3,17
2017-06-13 14:00:00,5285.6,15
2017-06-13 14:00:00,4175.8,13
2017-06-13 14:00:00,5164.9,2
2017-06-13 14:00:00,3859.9,14
2017-06-13 14:00:00,5452.3,16
2017-06-13 14:00:00,5204.5,6
2017-06-13 14:00:00,4017.1,1
2017-06-13 14:00:00,4516.1,4
2017-06-13 14:00:00,5358.3,18
2017-06-13 14:00:00,4636.3,5
2017-06-13 18:00:00,5505.3,9
2017-06-13 18:00:00,5820.9,8
2017-06-13 18:00:00,4785.6,7
2017-06-13 18:00:00,5334.1,10
2017-06-13 18:00:00,5206.6,11
2017-06-13 18:00:00,4601.2,12
2017-06-21 10:00:00,5003.8,23
2017-06-21 10:00:00,5872.1,21
2017-06-21 10:00:00,4700.8,24
2017-06-21 10:00:00,5633.9,22
2017-06-21 10:00:00,6374.6,20
2017-06-21 10:00:00,6189.3,19
2017-06-21 15:00:00,4520.2,4
2017-06-21 15:00:00,5281.8,17
2017-06-21 15:00:00,4642.2,3
2017-06-21 15:00:00,5168.9,2
2017-06-21 15:00:00,3874.4,14
2017-06-21 15:00:00,5362.4,18
2017-06-21 15:00:00,4018.9,1
2017-06-21 15:00:00,5291.3,15
2017-06-21 15:00:00,5206.9,6
2017-06-21 15:00:00,5454.8,16
2017-06-21 15:00:00,4207.9,13
2017-06-21 15:00:00,4635.1,5
2017-06-21 19:00:00,4799.0,7
2017-06-21 19:00:00,5838.4,8
2017-06-21 19:00:00,5210.3,11
2017-06-21 19:00:00,5509.2,9
2017-06-21 19:00:00,5341.8,10
2017-06-21 19:00:00,4602.6,12
2017-06-28 11:00:00,5871.6,21
2017-06-28 11:00:00,5003.8,23
2017-06-28 11:00:00,5633.3,22
2017-06-28 11:00:00,6187.4,19
2017-06-28 11:00:00,6372.2,20
2017-06-28 11:00:00,4700.9,24
2017-06-28 16:00:00,5355.3,18
2017-06-28 16:00:00,5200.5,6
2017-06-28 16:00:00,3874.3,14
2017-06-28 16:00:00,4634.4,3
2017-06-28 16:00:00,4511.4,4
2017-06-28 16:00:00,4208.1,13
2017-06-28 16:00:00,5269.6,17
2017-06-28 16:00:00,5289.1,15
2017-06-28 16:00:00,4015.8,1
2017-06-28 16:00:00,5160.0,2
2017-06-28 16:00:00,5452.1,16
2017-06-28 16:00:00,4629.2,5
2017-06-28 20:00:00,5835.2,8
2017-06-28 20:00:00,4600.3,12
2017-06-28 20:00:00,5206.1,11
2017-06-28 20:00:00,4795.3,7
2017-06-28 20:00:00,5501.3,9
2017-06-28 20:00:00,5332.9,10
2017-07-06 12:00:00,5872.9,21
2017-07-06 12:00:00,5004.1,23
2017-07-06 12:00:00,5636.1,22
2017-07-06 12:00:00,6188.6,19
2017-07-06 12:00:00,6373.5,20
2017-07-06 12:00:00,4700.6,24
2017-07-06 17:00:00,4214.8,13
2017-07-06 17:00:00,4516.3,4
2017-07-06 17:00:00,5166.9,2
2017-07-06 17:00:00,3881.5,14
2017-07-06 17:00:00,4638.8,3
2017-07-06 17:00:00,4017.4,1
2017-07-06 17:00:00,5453.4,16
2017-07-06 17:00:00,5358.3,18
2017-07-06 17:00:00,4635.1,5
2017-07-06 17:00:00,5208.6,6
2017-07-06 17:00:00,5270.3,17
2017-07-06 17:00:00,5291.3,15
2017-07-06 21:00:00,4601.1,12
2017-07-06 21:00:00,5836.9,8
2017-07-06 21:00:00,5503.9,9
2017-07-06 21:00:00,4798.1,7
2017-07-06 21:00:00,5207.3,11
2017-07-06 21:00:00,5336.0,10
2017-07-12 13:00:00,6371.6,20
2017-07-12 13:00:00,5872.4,21
2017-07-12 13:00:00,5635.5,22
2017-07-12 13:00:00,5004.0,23
2017-07-12 13:00:00,6189.0,19
2017-07-12 13:00:00,4700.1,24
2017-07-12 18:00:00,4633.6,3
2017-07-12 18:00:00,4628.3,5
2017-07-12 18:00:00,4015.6,1
2017-07-12 18:00:00,5355.1,18
2017-07-12 18:00:00,4510.6,4
2017-07-12 18:00:00,5452.1,16
2017-07-12 18:00:00,5269.3,17
2017-07-12 18:00:00,4214.4,13
2017-07-12 18:00:00,5290.0,15
2017-07-12 18:00:00,3880.7,14
2017-07-12 18:00:00,5199.7,6
2017-07-12 18:00:00,5161.1,2
2017-07-12 22:00:00,4601.1,12
2017-07-12 22:00:00,5835.9,8
2017-07-12 22:00:00,5207.3,11
2017-07-12 22:00:00,5336.0,10
2017-07-12 22:00:00,5500.4,9
2017-07-12 22:00:00,4796.0,7
2017-07-20 14:00:00,6379.3,20
2017-07-20 14:00:00,5639.4,22
2017-07-20 14:00:00,5004.4,23
2017-07-20 14:00:00,6195.3,19
2017-07-20 14:00:00,5874.9,21
2017-07-20 14:00:00,4701.4,24
2017-07-20 19:00:00,4640.8,5
2017-07-20 19:00:00,4020.0,1
2017-07-20 19:00:00,5174.9,2
2017-07-20 19:00:00,5369.9,18
2017-07-20 19:00:00,5311.2,15
2017-07-20 19:00:00,4308.2,13
2017-07-20 19:00:00,4643.2,3
2017-07-20 19:00:00,5473.0,16
2017-07-20 19:00:00,5274.1,17
2017-07-20 19:00:00,3963.7,14
2017-07-20 19:00:00,5218.7,6
2017-07-20 19:00:00,4520.0,4
2017-07-20 23:00:00,5217.9,11
2017-07-20 23:00:00,5874.1,8
2017-07-20 23:00:00,5521.0,9
2017-07-20 23:00:00,4608.7,12
2017-07-20 23:00:00,5354.0,10
2017-07-20 23:00:00,4842.7,7
2017-07-27 00:00:00,4831.5,7
2017-07-27 00:00:00,4604.5,12
2017-07-27 00:00:00,5211.0,11
2017-07-27 00:00:00,5342.6,10
2017-07-27 00:00:00,5863.1,8
2017-07-27 00:00:00,5510.8,9
2017-07-27 15:00:00,4700.8,24
2017-07-27 15:00:00,6190.9,19
2017-07-27 15:00:00,6375.1,20
2017-07-27 15:00:00,5638.6,22
2017-07-27 15:00:00,5004.5,23
2017-07-27 15:00:00,5874.3,21
2017-07-27 20:00:00,5212.9,6
2017-07-27 20:00:00,5469.5,16
2017-07-27 20:00:00,5161.3,2
2017-07-27 20:00:00,5270.6,17
2017-07-27 20:00:00,4294.6,13
2017-07-27 20:00:00,4633.3,5
2017-07-27 20:00:00,5361.4,18
2017-07-27 20:00:00,5306.3,15
2017-07-27 20:00:00,4016.3,1
2017-07-27 20:00:00,4515.5,4
2017-07-27 20:00:00,3959.9,14
2017-07-27 20:00:00,4634.5,3
2017-08-03 01:00:00,5871.8,8
2017-08-03 01:00:00,5210.7,11
2017-08-03 01:00:00,4841.3,7
2017-08-03 01:00:00,5509.0,9
2017-08-03 01:00:00,5343.2,10
2017-08-03 01:00:00,4603.8,12
2017-08-03 16:00:00,4701.5,24
2017-08-03 16:00:00,5004.7,23
2017-08-03 16:00:00,5639.7,22
2017-08-03 16:00:00,5875.3,21
2017-08-03 16:00:00,6378.9,20
2017-08-03 16:00:00,6194.6,19
2017-08-03 21:00:00,5163.6,2
2017-08-03 21:00:00,5469.0,16
2017-08-03 21:00:00,4633.2,5
2017-08-03 21:00:00,4016.7,1
2017-08-03 21:00:00,5212.5,6
2017-08-03 21:00:00,5360.2,18
2017-08-03 21:00:00,5270.0,17
2017-08-03 21:00:00,4514.6,4
2017-08-03 21:00:00,4634.6,3
2017-08-03 21:00:00,5306.4,15
2017-08-03 21:00:00,3960.6,14
2017-08-03 21:00:00,4302.4,13
2017-08-10 02:00:00,5870.3,8
2017-08-10 02:00:00,5345.6,10
2017-08-10 02:00:00,5213.8,11
2017-08-10 02:00:00,5512.1,9
2017-08-10 02:00:00,4842.8,7
2017-08-10 02:00:00,4607.5,12
2017-08-10 17:00:00,4701.1,24
2017-08-10 17:00:00,5004.9,23
2017-08-10 17:00:00,6193.6,19
2017-08-10 17:00:00,6378.2,20
2017-08-10 17:00:00,5875.1,21
2017-08-10 17:00:00,5639.7,22
2017-08-10 22:00:00,4303.6,13
2017-08-10 22:00:00,5266.5,17
2017-08-10 22:00:00,3962.6,14
2017-08-10 22:00:00,4019.2,1
2017-08-10 22:00:00,5170.7,2
2017-08-10 22:00:00,5471.6,16
2017-08-10 22:00:00,5215.0,6
2017-08-10 22:00:00,5309.3,15
2017-08-10 22:00:00,4637.9,3
2017-08-10 22:00:00,4635.4,5
2017-08-10 22:00:00,5354.9,18
2017-08-10 22:00:00,4518.6,4
2017-08-17 03:00:00,5212.3,11
2017-08-17 03:00:00,4811.4,7
2017-08-17 03:00:00,5837.5,8
2017-08-17 03:00:00,5338.3,10
2017-08-17 03:00:00,4607.0,12
2017-08-17 03:00:00,5510.7,9
2017-08-17 18:00:00,5639.4,22
2017-08-17 18:00:00,6372.6,20
2017-08-17 18:00:00,5004.7,23
2017-08-17 18:00:00,5875.3,21
2017-08-17 18:00:00,4701.0,24
2017-08-17 18:00:00,6187.6,19
2017-08-17 23:00:00,5354.1,18
2017-08-17 23:00:00,4636.1,3
2017-08-17 23:00:00,5169.9,2
2017-08-17 23:00:00,4632.2,5
2017-08-17 23:00:00,4018.4,1
2017-08-17 23:00:00,4516.3,4
2017-08-17 23:00:00,5304.4,15
2017-08-17 23:00:00,5211.7,6
2017-08-17 23:00:00,3929.9,14
2017-08-17 23:00:00,5468.2,16
2017-08-17 23:00:00,5266.7,17
2017-08-17 23:00:00,4243.5,13
2017-09-06 00:00:00,5294.3,15
2017-09-06 00:00:00,4234.94,13
2017-09-06 00:00:00,4628.6,5
2017-09-06 00:00:00,3914.0,14
2017-09-06 00:00:00,5264.5,17
2017-09-06 00:00:00,5155.8,2
2017-09-06 00:00:00,4014.7,1
2017-09-06 00:00:00,4508.5,4
2017-09-06 00:00:00,5350.6,18
2017-09-06 00:00:00,5459.3,16
2017-09-06 00:00:00,4629.5,3
2017-09-06 00:00:00,5184.7,6
2017-09-06 04:00:00,5331.0,10
2017-09-06 04:00:00,5206.0,11
2017-09-06 04:00:00,5835.9,8
2017-09-06 04:00:00,5501.8,9
2017-09-06 04:00:00,4803.2,7
2017-09-06 04:00:00,4603.5,12
2017-09-06 19:00:00,4700.9,24
2017-09-06 19:00:00,5874.1,21
2017-09-06 19:00:00,6179.2,19
2017-09-06 19:00:00,5639.0,22
2017-09-06 19:00:00,6367.5,20
2017-09-06 19:00:00,5005.6,23
2017-09-13 01:00:00,4503.3,4
2017-09-13 01:00:00,4014.3,1
2017-09-13 01:00:00,5264.7,17
2017-09-13 01:00:00,4628.1,3
2017-09-13 01:00:00,4630.3,5
2017-09-13 01:00:00,5294.4,15
2017-09-13 01:00:00,5190.0,6
2017-09-13 01:00:00,4237.8,13
2017-09-13 01:00:00,5350.2,18
2017-09-13 01:00:00,5459.1,16
2017-09-13 01:00:00,3917.4,14
2017-09-13 01:00:00,5154.0,2
2017-09-13 05:00:00,5206.9,11
2017-09-13 05:00:00,5332.6,10
2017-09-13 05:00:00,5840.9,8
2017-09-13 05:00:00,5501.4,9
2017-09-13 05:00:00,4806.9,7
2017-09-13 05:00:00,4604.1,12
2017-09-13 20:00:00,5005.6,23
2017-09-13 20:00:00,6182.4,19
2017-09-13 20:00:00,5635.9,22
2017-09-13 20:00:00,4700.9,24
2017-09-13 20:00:00,6374.7,20
2017-09-13 20:00:00,5874.3,21
2017-09-21 02:00:00,4626.3,3
2017-09-21 02:00:00,4505.1,4
2017-09-21 02:00:00,4013.1,1
2017-09-21 02:00:00,3885.4,14
2017-09-21 02:00:00,5264.6,17
2017-09-21 02:00:00,4627.6,5
2017-09-21 02:00:00,5458.3,16
2017-09-21 02:00:00,5149.9,2
2017-09-21 02:00:00,5188.5,6
2017-09-21 02:00:00,5293.4,15
2017-09-21 02:00:00,5349.6,18
2017-09-21 02:00:00,4200.3,13
2017-09-21 06:00:00,4786.7,7
2017-09-21 06:00:00,5501.0,9
2017-09-21 06:00:00,5828.3,8
2017-09-21 06:00:00,4604.0,12
2017-09-21 06:00:00,5330.7,10
2017-09-21 06:00:00,5203.0,11
2017-09-21 21:00:00,6374.1,20
2017-09-21 21:00:00,5005.8,23
2017-09-21 21:00:00,6180.8,19
2017-09-21 21:00:00,5638.5,22
2017-09-21 21:00:00,5879.5,21
2017-09-21 21:00:00,4700.6,24
2017-09-27 03:00:00,5293.2,15
2017-09-27 03:00:00,5349.0,18
2017-09-27 03:00:00,4624.1,3
2017-09-27 03:00:00,5188.0,6
2017-09-27 03:00:00,5458.2,16
2017-09-27 03:00:00,5148.5,2
2017-09-27 03:00:00,5264.2,17
2017-09-27 03:00:00,4628.2,5
2017-09-27 03:00:00,4012.0,1
2017-09-27 03:00:00,3886.2,14
2017-09-27 03:00:00,4215.4,13
2017-09-27 03:00:00,4501.5,4
2017-09-27 07:00:00,4603.9,12
2017-09-27 07:00:00,5499.8,9
2017-09-27 07:00:00,5205.5,11
2017-09-27 07:00:00,5835.8,8
2017-09-27 07:00:00,4792.2,7
2017-09-27 07:00:00,5330.7,10
2017-09-27 22:00:00,6181.8,19
2017-09-27 22:00:00,6374.6,20
2017-09-27 22:00:00,5874.3,21
2017-09-27 22:00:00,4700.5,24
2017-09-27 22:00:00,5005.7,23
2017-09-27 22:00:00,5638.3,22
2017-10-05 04:00:00,5264.2,17
2017-10-05 04:00:00,4503.9,4
2017-10-05 04:00:00,4013.8,1
2017-10-05 04:00:00,3891.4,14
2017-10-05 04:00:00,5349.7,18
2017-10-05 04:00:00,5294.2,15
2017-10-05 04:00:00,4625.2,3
2017-10-05 04:00:00,4223.7,13
2017-10-05 04:00:00,5152.8,2
2017-10-05 04:00:00,4626.7,5
2017-10-05 04:00:00,5192.3,6
2017-10-05 04:00:00,5458.9,16
2017-10-05 08:00:00,4795.4,7
2017-10-05 08:00:00,5204.3,11
2017-10-05 08:00:00,4603.3,12
2017-10-05 08:00:00,5330.1,10
2017-10-05 08:00:00,5836.8,8
2017-10-05 08:00:00,5498.8,9
2017-10-05 23:00:00,5005.9,23
2017-10-05 23:00:00,6185.1,19
2017-10-05 23:00:00,5638.8,22
2017-10-05 23:00:00,6376.5,20
2017-10-05 23:00:00,4701.0,24
2017-10-05 23:00:00,5874.7,21
2017-10-11 00:00:00,4700.5,24
2017-10-11 00:00:00,5005.6,23
2017-10-11 00:00:00,6375.1,20
2017-10-11 00:00:00,5638.3,22
2017-10-11 00:00:00,5874.1,21
2017-10-11 00:00:00,6183.9,19
2017-10-11 05:00:00,4013.0,1
2017-10-11 05:00:00,5294.4,15
2017-10-11 05:00:00,5192.7,6
2017-10-11 05:00:00,4625.1,3
2017-10-11 05:00:00,4625.9,5
2017-10-11 05:00:00,5458.9,16
2017-10-11 05:00:00,4240.3,13
2017-10-11 05:00:00,5264.3,17
2017-10-11 05:00:00,5349.9,18
2017-10-11 05:00:00,3904.6,14
2017-10-11 05:00:00,4502.0,4
2017-10-11 05:00:00,5149.5,2
2017-10-11 09:00:00,5205.4,11
2017-10-11 09:00:00,5499.7,9
2017-10-11 09:00:00,5331.8,10
2017-10-11 09:00:00,4604.4,12
2017-10-11 09:00:00,5841.4,8
2017-10-11 09:00:00,4803.3,7
2017-11-07 01:00:00,4700.4,24
2017-11-07 01:00:00,6188.7,19
2017-11-07 01:00:00,5005.4,23
2017-11-07 01:00:00,6375.4,20
2017-11-07 01:00:00,5637.9,22
2017-11-07 01:00:00,5872.0,21
2017-11-07 06:00:00,4014.2,1
2017-11-07 06:00:00,5295.1,15
2017-11-07 06:00:00,5192.8,6
2017-11-07 06:00:00,4622.0,3
2017-11-07 06:00:00,5353.4,18
2017-11-07 06:00:00,4237.1,13
2017-11-07 06:00:00,5459.1,16
2017-11-07 06:00:00,3903.7,14
2017-11-07 06:00:00,4502.0,4
2017-11-07 06:00:00,5264.0,17
2017-11-07 06:00:00,4617.2,5
2017-11-07 06:00:00,5151.5,2
2017-11-07 10:00:00,5209.8,11
2017-11-07 10:00:00,5503.1,9
2017-11-07 10:00:00,5842.9,8
2017-11-07 10:00:00,5332.4,10
2017-11-07 10:00:00,4605.0,12
2017-11-07 10:00:00,4801.6,7
2017-11-16 02:00:00,5005.0,23
2017-11-16 02:00:00,5871.9,21
2017-11-16 02:00:00,4699.8,24
2017-11-16 02:00:00,6377.5,20
2017-11-16 02:00:00,6192.5,19
2017-11-16 02:00:00,5636.8,22
2017-11-16 07:00:00,5186.8,6
2017-11-16 07:00:00,4617.8,3
2017-11-16 07:00:00,5131.9,2
2017-11-16 07:00:00,4260.0,13
2017-11-16 07:00:00,4491.8,4
2017-11-16 07:00:00,5459.9,16
2017-11-16 07:00:00,5263.8,17
2017-11-16 07:00:00,5295.5,15
2017-11-16 07:00:00,4008.1,1
2017-11-16 07:00:00,5350.5,18
2017-11-16 07:00:00,3921.3,14
2017-11-16 07:00:00,4609.3,5
2017-11-16 11:00:00,4605.7,12
2017-11-16 11:00:00,5335.4,10
2017-11-16 11:00:00,4823.2,7
2017-11-16 11:00:00,5860.7,8
2017-11-16 11:00:00,5205.0,11
2017-11-16 11:00:00,5499.3,9
2017-11-22 03:00:00,4700.9,24
2017-11-22 03:00:00,5873.1,21
2017-11-22 03:00:00,5637.9,22
2017-11-22 03:00:00,5005.4,23
2017-11-22 03:00:00,6196.7,19
2017-11-22 03:00:00,6381.7,20
2017-11-22 08:00:00,4501.2,4
2017-11-22 08:00:00,4269.9,13
2017-11-22 08:00:00,5151.2,2
2017-11-22 08:00:00,5200.21,6
2017-11-22 08:00:00,3931.3,14
2017-11-22 08:00:00,4626.6,3
2017-11-22 08:00:00,5300.1,15
2017-11-22 08:00:00,5355.3,18
2017-11-22 08:00:00,4626.4,5
2017-11-22 08:00:00,5464.3,16
2017-11-22 08:00:00,5265.7,17
2017-11-22 08:00:00,4014.3,1
2017-11-22 12:00:00,5340.4,10
2017-11-22 12:00:00,5209.9,11
2017-11-22 12:00:00,4829.4,7
2017-11-22 12:00:00,4609.1,12
2017-11-22 12:00:00,5863.3,8
2017-11-22 12:00:00,5504.4,9
2017-11-30 04:00:00,6379.9,20
2017-11-30 04:00:00,6195.4,19
2017-11-30 04:00:00,5004.6,23
2017-11-30 04:00:00,4699.6,24
2017-11-30 04:00:00,5636.5,22
2017-11-30 04:00:00,5871.5,21
2017-11-30 09:00:00,4496.9,4
2017-11-30 09:00:00,4613.0,5
2017-11-30 09:00:00,4281.8,13
2017-11-30 09:00:00,5352.1,18
2017-11-30 09:00:00,5141.3,2
2017-11-30 09:00:00,5299.5,15
2017-11-30 09:00:00,4621.6,3
2017-11-30 09:00:00,4011.3,1
2017-11-30 09:00:00,5192.8,6
2017-11-30 09:00:00,3940.3,14
2017-11-30 09:00:00,5264.2,17
2017-11-30 09:00:00,5462.7,16
2017-11-30 13:00:00,4607.3,12
2017-11-30 13:00:00,4834.4,7
2017-11-30 13:00:00,5338.7,10
2017-11-30 13:00:00,5868.4,8
2017-11-30 13:00:00,5501.6,9
2017-11-30 13:00:00,5206.9,11
2017-12-13 05:00:00,4699.2,24
2017-12-13 05:00:00,5004.5,23
2017-12-13 05:00:00,6381.6,20
2017-12-13 05:00:00,6199.1,19
2017-12-13 05:00:00,5870.8,21
2017-12-13 05:00:00,5635.6,22
2017-12-13 10:00:00,5299.7,15
2017-12-13 10:00:00,4312.8,13
2017-12-13 10:00:00,4487.4,4
2017-12-13 10:00:00,5182.7,6
2017-12-13 10:00:00,5263.5,17
2017-12-13 10:00:00,5463.2,16
2017-12-13 10:00:00,5132.7,2
2017-12-13 10:00:00,4606.2,5
2017-12-13 10:00:00,3978.6,14
2017-12-13 10:00:00,4009.3,1
2017-12-13 10:00:00,5351.4,18
2017-12-13 10:00:00,4616.1,3
2017-12-13 14:00:00,5206.2,11
2017-12-13 14:00:00,5880.0,8
2017-12-13 14:00:00,5339.8,10
2017-12-13 14:00:00,4848.3,7
2017-12-13 14:00:00,5501.0,9
2017-12-13 14:00:00,4607.5,12
2017-12-20 06:00:00,6382.9,20
2017-12-20 06:00:00,4698.7,24
2017-12-20 06:00:00,6202.0,19
2017-12-20 06:00:00,5870.0,21
2017-12-20 06:00:00,5004.3,23
2017-12-20 06:00:00,5634.5,22
2017-12-20 11:00:00,5299.6,15
2017-12-20 11:00:00,4607.9,5
2017-12-20 11:00:00,4330.6,13
2017-12-20 11:00:00,5263.5,17
2017-12-20 11:00:00,5463.1,16
2017-12-20 11:00:00,5185.1,6
2017-12-20 11:00:00,5133.2,2
2017-12-20 11:00:00,5351.0,18
2017-12-20 11:00:00,3988.1,14
2017-12-20 11:00:00,4617.7,3
2017-12-20 11:00:00,4487.1,4
2017-12-20 11:00:00,4009.8,1
2017-12-20 15:00:00,5340.5,10
2017-12-20 15:00:00,4855.2,7
2017-12-20 15:00:00,4607.4,12
2017-12-20 15:00:00,5205.9,11
2017-12-20 15:00:00,5889.7,8
2017-12-20 15:00:00,5500.9,9
2017-12-28 07:00:00,6382.4,20
2017-12-28 07:00:00,5004.1,23
2017-12-28 07:00:00,4698.4,24
2017-12-28 07:00:00,6201.8,19
2017-12-28 07:00:00,5869.4,21
2017-12-28 07:00:00,5633.0,22
2017-12-28 12:00:00,5263.3,17
2017-12-28 12:00:00,3987.9,14
2017-12-28 12:00:00,5350.8,18
2017-12-28 12:00:00,5462.9,16
2017-12-28 12:00:00,5299.5,15
2017-12-28 12:00:00,4590.7,5
2017-12-28 12:00:00,4325.8,13
2017-12-28 12:00:00,5130.3,2
2017-12-28 12:00:00,5169.4,6
2017-12-28 12:00:00,4614.4,3
2017-12-28 12:00:00,4483.3,4
2017-12-28 12:00:00,4008.7,1
2017-12-28 16:00:00,4607.4,12
2017-12-28 16:00:00,5500.3,9
2017-12-28 16:00:00,5885.2,8
2017-12-28 16:00:00,4854.7,7
2017-12-28 16:00:00,5338.0,10
2017-12-28 16:00:00,5205.3,11
2018-01-03 08:00:00,5004.0,23
2018-01-03 08:00:00,5868.3,21
2018-01-03 08:00:00,6383.2,20
2018-01-03 08:00:00,6203.9,19
2018-01-03 08:00:00,5630.7,22
2018-01-03 08:00:00,4698.1,24
2018-01-03 13:00:00,5167.9,6
2018-01-03 13:00:00,5299.5,15
2018-01-03 13:00:00,5132.1,2
2018-01-03 13:00:00,4482.9,4
2018-01-03 13:00:00,4587.7,5
2018-01-03 13:00:00,5263.2,17
2018-01-03 13:00:00,4329.6,13
2018-01-03 13:00:00,4614.8,3
2018-01-03 13:00:00,5350.5,18
2018-01-03 13:00:00,5462.8,16
2018-01-03 13:00:00,4009.7,1
2018-01-03 13:00:00,3988.1,14
2018-01-03 17:00:00,5205.2,11
2018-01-03 17:00:00,4856.8,7
2018-01-03 17:00:00,5500.1,9
2018-01-03 17:00:00,5890.4,8
2018-01-03 17:00:00,5339.9,10
2018-01-03 17:00:00,4607.0,12
2018-01-11 09:00:00,5003.5,23
2018-01-11 09:00:00,6384.8,20
2018-01-11 09:00:00,5627.2,22
2018-01-11 09:00:00,4698.0,24
2018-01-11 09:00:00,5868.1,21
2018-01-11 09:00:00,6207.4,19
2018-01-11 14:00:00,4013.3,14
2018-01-11 14:00:00,5350.6,18
2018-01-11 14:00:00,4581.6,5
2018-01-11 14:00:00,4612.9,3
2018-01-11 14:00:00,4356.4,13
2018-01-11 14:00:00,4007.6,1
2018-01-11 14:00:00,5300.1,15
2018-01-11 14:00:00,5463.2,16
2018-01-11 14:00:00,5160.4,6
2018-01-11 14:00:00,4479.5,4
2018-01-11 14:00:00,5124.6,2
2018-01-11 14:00:00,5263.1,17
2018-01-11 18:00:00,4865.5,7
2018-01-11 18:00:00,5341.4,10
2018-01-11 18:00:00,5500.9,9
2018-01-11 18:00:00,4606.7,12
2018-01-11 18:00:00,5205.6,11
2018-01-11 18:00:00,5904.1,8
2018-01-16 10:00:00,6384.5,20
2018-01-16 10:00:00,6207.9,19
2018-01-16 10:00:00,5867.3,21
2018-01-16 10:00:00,5003.5,23
2018-01-16 10:00:00,5624.5,22
2018-01-16 10:00:00,4697.6,24
2018-01-16 15:00:00,4613.9,3
2018-01-16 15:00:00,4013.5,14
2018-01-16 15:00:00,4587.9,5
2018-01-16 15:00:00,4008.5,1
2018-01-16 15:00:00,5350.5,18
2018-01-16 15:00:00,5463.2,16
2018-01-16 15:00:00,4356.4,13
2018-01-16 15:00:00,5126.7,2
2018-01-16 15:00:00,5300.0,15
2018-01-16 15:00:00,4479.3,4
2018-01-16 15:00:00,5262.8,17
2018-01-16 15:00:00,5166.7,6
2018-01-16 19:00:00,4865.6,7
2018-01-16 19:00:00,5500.9,9
2018-01-16 19:00:00,5341.0,10
2018-01-16 19:00:00,5204.9,11
2018-01-16 19:00:00,5903.5,8
2018-01-16 19:00:00,4606.8,12
2018-01-24 11:00:00,5003.5,23
2018-01-24 11:00:00,4697.6,24
2018-01-24 11:00:00,6383.5,20
2018-01-24 11:00:00,6207.1,19
2018-01-24 11:00:00,5866.8,21
2018-01-24 11:00:00,5619.7,22
2018-01-24 16:00:00,4009.6,1
2018-01-24 16:00:00,4615.0,3
2018-01-24 16:00:00,4479.8,4
2018-01-24 16:00:00,5299.5,15
2018-01-24 16:00:00,4587.5,5
2018-01-24 16:00:00,5167.2,6
2018-01-24 16:00:00,3992.3,14
2018-01-24 16:00:00,5262.5,17
2018-01-24 16:00:00,5462.6,16
2018-01-24 16:00:00,4308.4,13
2018-01-24 16:00:00,5131.8,2
2018-01-24 16:00:00,5349.8,18
2018-01-24 20:00:00,5500.1,9
2018-01-24 20:00:00,5204.3,11
2018-01-24 20:00:00,5335.3,10
2018-01-24 20:00:00,4851.7,7
2018-01-24 20:00:00,5874.2,8
2018-01-24 20:00:00,4606.1,12
2018-02-08 12:00:00,6207.0,19
2018-02-08 12:00:00,5003.5,23
2018-02-08 12:00:00,5610.5,22
2018-02-08 12:00:00,5866.5,21
2018-02-08 12:00:00,4697.5,24
2018-02-08 12:00:00,6383.3,20
2018-02-08 17:00:00,4482.6,4
2018-02-08 17:00:00,5349.6,18
2018-02-08 17:00:00,4590.1,5
2018-02-08 17:00:00,5130.0,2
2018-02-08 17:00:00,4009.8,1
2018-02-08 17:00:00,4618.1,3
2018-02-08 17:00:00,4002.6,14
2018-02-08 17:00:00,5172.5,6
2018-02-08 17:00:00,5298.8,15
2018-02-08 17:00:00,5462.3,16
2018-02-08 17:00:00,4344.5,13
2018-02-08 17:00:00,5262.4,17
2018-02-08 21:00:00,5204.1,11
2018-02-08 21:00:00,5338.0,10
2018-02-08 21:00:00,4606.0,12
2018-02-08 21:00:00,4860.3,7
2018-02-08 21:00:00,5898.2,8
2018-02-08 21:00:00,5500.3,9
2018-03-03 13:00:00,6206.1,19
2018-03-03 13:00:00,5864.4,21
2018-03-03 13:00:00,4696.8,24
2018-03-03 13:00:00,6381.0,20
2018-03-03 13:00:00,5001.8,23
2018-03-03 13:00:00,5602.6,22
2018-03-03 18:00:00,5139.2,2
2018-03-03 18:00:00,5350.5,18
2018-03-03 18:00:00,4486.7,4
2018-03-03 18:00:00,4590.1,5
2018-03-03 18:00:00,5171.7,6
2018-03-03 18:00:00,5262.6,17
2018-03-03 18:00:00,5464.4,16
2018-03-03 18:00:00,4330.9,13
2018-03-03 18:00:00,4625.5,3
2018-03-03 18:00:00,4011.3,1
2018-03-03 18:00:00,4011.3,14
2018-03-03 18:00:00,5302.7,15
2018-03-03 22:00:00,5506.4,9
2018-03-03 22:00:00,5336.0,10
2018-03-03 22:00:00,5887.9,8
2018-03-03 22:00:00,4859.8,7
2018-03-03 22:00:00,4601.7,12
2018-03-03 22:00:00,5203.7,11
2018-03-06 14:00:00,4696.8,24
2018-03-06 14:00:00,6382.1,20
2018-03-06 14:00:00,5002.3,23
2018-03-06 14:00:00,5864.2,21
2018-03-06 14:00:00,6207.4,19
2018-03-06 14:00:00,5603.1,22
2018-03-06 19:00:00,4009.8,14
2018-03-06 19:00:00,5463.0,16
2018-03-06 19:00:00,5127.1,2
2018-03-06 19:00:00,5300.0,15
2018-03-06 19:00:00,5163.7,6
2018-03-06 19:00:00,4579.8,5
2018-03-06 19:00:00,4617.2,3
2018-03-06 19:00:00,4479.2,4
2018-03-06 19:00:00,4008.2,1
2018-03-06 19:00:00,5350.1,18
2018-03-06 19:00:00,5262.6,17
2018-03-06 19:00:00,4351.8,13
2018-03-06 23:00:00,4864.3,7
2018-03-06 23:00:00,5204.2,11
2018-03-06 23:00:00,5502.1,9
2018-03-06 23:00:00,5900.7,8
2018-03-06 23:00:00,4606.1,12
2018-03-06 23:00:00,5339.7,10
2018-03-11 00:00:00,5343.1,10
2018-03-11 00:00:00,4604.5,12
2018-03-11 00:00:00,5904.6,8
2018-03-11 00:00:00,4867.2,7
2018-03-11 00:00:00,5505.5,9
2018-03-11 00:00:00,5205.7,11
2018-03-11 15:00:00,4697.5,24
2018-03-11 15:00:00,6384.8,20
2018-03-11 15:00:00,6210.6,19
2018-03-11 15:00:00,5865.0,21
2018-03-11 15:00:00,5602.2,22
2018-03-11 15:00:00,5002.4,23
2018-03-11 20:00:00,5464.5,16
2018-03-11 20:00:00,5263.0,17
2018-03-11 20:00:00,4486.2,4
2018-03-11 20:00:00,4014.1,14
2018-03-11 20:00:00,4596.2,5
2018-03-11 20:00:00,5351.5,18
2018-03-11 20:00:00,4012.1,1
2018-03-11 20:00:00,4624.7,3
2018-03-11 20:00:00,5174.4,6
2018-03-11 20:00:00,5302.6,15
2018-03-11 20:00:00,5139.5,2
2018-03-11 20:00:00,4357.7,13
2018-03-20 01:00:00,4603.2,12
2018-03-20 01:00:00,5341.9,10
2018-03-20 01:00:00,5904.7,8
2018-03-20 01:00:00,5507.3,9
2018-03-20 01:00:00,5205.4,11
2018-03-20 01:00:00,4868.6,7
2018-03-20 16:00:00,6211.0,19
2018-03-20 16:00:00,5604.5,22
2018-03-20 16:00:00,5002.2,23
2018-03-20 16:00:00,4697.7,24
2018-03-20 16:00:00,5864.7,21
2018-03-20 16:00:00,6385.1,20
2018-03-20 21:00:00,5304.0,15
2018-03-20 21:00:00,5176.4,6
2018-03-20 21:00:00,4011.5,1
2018-03-20 21:00:00,4487.6,4
2018-03-20 21:00:00,5351.4,18
2018-03-20 21:00:00,5262.8,17
2018-03-20 21:00:00,4601.8,5
2018-03-20 21:00:00,5138.5,2
2018-03-20 21:00:00,5465.0,16
2018-03-20 21:00:00,4627.8,3
2018-03-20 21:00:00,4359.5,13
2018-03-20 21:00:00,4017.8,14
2018-04-13 02:00:00,5899.8,8
2018-04-13 02:00:00,5203.9,11
2018-04-13 02:00:00,4864.0,7
2018-04-13 02:00:00,4601.2,12
2018-04-13 02:00:00,5337.4,10
2018-04-13 02:00:00,5505.3,9
2018-04-13 17:00:00,6207.1,19
2018-04-13 17:00:00,5864.2,21
2018-04-13 17:00:00,5602.6,22
2018-04-13 17:00:00,4697.1,24
2018-04-13 17:00:00,5001.9,23
2018-04-13 17:00:00,6382.1,20
2018-04-13 22:00:00,5261.9,17
2018-04-13 22:00:00,5464.0,16
2018-04-13 22:00:00,4351.4,13
2018-04-13 22:00:00,5302.5,15
2018-04-13 22:00:00,4012.9,14
2018-04-13 22:00:00,4487.1,4
2018-04-13 22:00:00,5176.4,6
2018-04-13 22:00:00,4010.0,1
2018-04-13 22:00:00,5132.1,2
2018-04-13 22:00:00,5349.2,18
2018-04-13 22:00:00,4595.0,5
2018-04-13 22:00:00,4627.2,3
2018-04-18 03:00:00,5508.4,9
2018-04-18 03:00:00,4865.6,7
2018-04-18 03:00:00,5897.6,8
2018-04-18 03:00:00,5204.4,11
2018-04-18 03:00:00,5339.3,10
2018-04-18 03:00:00,4602.2,12
2018-04-18 18:00:00,5864.5,21
2018-04-18 18:00:00,6207.2,19
2018-04-18 18:00:00,5001.9,23
2018-04-18 18:00:00,4697.5,24
2018-04-18 18:00:00,5602.6,22
2018-04-18 18:00:00,6382.7,20
2018-04-18 23:00:00,5172.3,6
2018-04-18 23:00:00,5141.6,2
2018-04-18 23:00:00,4353.2,13
2018-04-18 23:00:00,4012.1,1
2018-04-18 23:00:00,5303.7,15
2018-04-18 23:00:00,5350.9,18
2018-04-18 23:00:00,4628.4,3
2018-04-18 23:00:00,4490.0,4
2018-04-18 23:00:00,4015.2,14
2018-04-18 23:00:00,5262.4,17
2018-04-18 23:00:00,4593.5,5
2018-04-18 23:00:00,5464.9,16
2018-04-25 00:00:00,4625.9,3
2018-04-25 00:00:00,5303.3,15
2018-04-25 00:00:00,5350.2,18
2018-04-25 00:00:00,4010.0,1
2018-04-25 00:00:00,4586.5,5
2018-04-25 00:00:00,5135.1,2
2018-04-25 00:00:00,4015.2,14
2018-04-25 00:00:00,4486.8,4
2018-04-25 00:00:00,5464.5,16
2018-04-25 00:00:00,5262.0,17
2018-04-25 00:00:00,4352.2,13
2018-04-25 00:00:00,5171.3,6
2018-04-25 04:00:00,5506.1,9
2018-04-25 04:00:00,5897.5,8
2018-04-25 04:00:00,4865.0,7
2018-04-25 04:00:00,5203.4,11
2018-04-25 04:00:00,5337.6,10
2018-04-25 04:00:00,4601.6,12
2018-04-25 19:00:00,6381.2,20
2018-04-25 19:00:00,5001.6,23
2018-04-25 19:00:00,5864.0,21
2018-04-25 19:00:00,5602.1,22
2018-04-25 19:00:00,4696.7,24
2018-04-25 19:00:00,6206.3,19
2018-05-03 01:00:00,5302.7,15
2018-05-03 01:00:00,5139.2,2
2018-05-03 01:00:00,4351.0,13
2018-05-03 01:00:00,4014.9,14
2018-05-03 01:00:00,5349.6,18
2018-05-03 01:00:00,4628.6,3
2018-05-03 01:00:00,4597.5,5
2018-05-03 01:00:00,4489.6,4
2018-05-03 01:00:00,5261.7,17
2018-05-03 01:00:00,4011.5,1
2018-05-03 01:00:00,5464.2,16
2018-05-03 01:00:00,5177.9,6
2018-05-03 05:00:00,5505.5,9
2018-05-03 05:00:00,5203.1,11
2018-05-03 05:00:00,4864.4,7
2018-05-03 05:00:00,5895.6,8
2018-05-03 05:00:00,4601.0,12
2018-05-03 05:00:00,5336.6,10
2018-05-03 20:00:00,6381.2,20
2018-05-03 20:00:00,4696.0,24
2018-05-03 20:00:00,5864.2,21
2018-05-03 20:00:00,5001.8,23
2018-05-03 20:00:00,5602.1,22
2018-05-03 20:00:00,6206.1,19
2018-05-09 02:00:00,4014.9,14
2018-05-09 02:00:00,4490.5,4
2018-05-09 02:00:00,5178.2,6
2018-05-09 02:00:00,4349.2,13
2018-05-09 02:00:00,5464.3,16
2018-05-09 02:00:00,4012.0,1
2018-05-09 02:00:00,4596.7,5
2018-05-09 02:00:00,4629.5,3
2018-05-09 02:00:00,5349.5,18
2018-05-09 02:00:00,5261.8,17
2018-05-09 02:00:00,5302.9,15
2018-05-09 02:00:00,5139.8,2
2018-05-09 06:00:00,5203.2,11
2018-05-09 06:00:00,5895.8,8
2018-05-09 06:00:00,4864.6,7
2018-05-09 06:00:00,5505.2,9
2018-05-09 06:00:00,4601.1,12
2018-05-09 06:00:00,5336.6,10
2018-05-09 21:00:00,5602.3,22
2018-05-09 21:00:00,5864.1,21
2018-05-09 21:00:00,6206.1,19
2018-05-09 21:00:00,6381.4,20
2018-05-09 21:00:00,4697.1,24
2018-05-09 21:00:00,5001.8,23
2018-05-15 03:00:00,4014.3,14
2018-05-15 03:00:00,4013.5,1
2018-05-15 03:00:00,5262.6,17
2018-05-15 03:00:00,5181.8,6
2018-05-15 03:00:00,4604.8,5
2018-05-15 03:00:00,5303.5,15
2018-05-15 03:00:00,5351.7,18
2018-05-15 03:00:00,4345.5,13
2018-05-15 03:00:00,5148.2,2
2018-05-15 03:00:00,4496.6,4
2018-05-15 03:00:00,4632.8,3
2018-05-15 03:00:00,5465.9,16
2018-05-15 07:00:00,4583.5,12
2018-05-15 07:00:00,5892.3,8
2018-05-15 07:00:00,5338.1,10
2018-05-15 07:00:00,4865.1,7
2018-05-15 07:00:00,5207.2,11
2018-05-15 07:00:00,5508.5,9
2018-05-15 22:00:00,5602.1,22
2018-05-15 22:00:00,6206.4,19
2018-05-15 22:00:00,6382.2,20
2018-05-15 22:00:00,5001.9,23
2018-05-15 22:00:00,5865.0,21
2018-05-15 22:00:00,4697.5,24
2018-05-29 04:00:00,4015.7,1
2018-05-29 04:00:00,4508.2,4
2018-05-29 04:00:00,5196.5,6
2018-05-29 04:00:00,5300.0,15
2018-05-29 04:00:00,5355.2,18
2018-05-29 04:00:00,5264.5,17
2018-05-29 04:00:00,4607.0,5
2018-05-29 04:00:00,5466.1,16
2018-05-29 04:00:00,3989.5,14
2018-05-29 04:00:00,5155.7,2
2018-05-29 04:00:00,4309.2,13
2018-05-29 04:00:00,4638.3,3
2018-05-29 08:00:00,4851.7,7
2018-05-29 08:00:00,5339.3,10
2018-05-29 08:00:00,5512.2,9
2018-05-29 08:00:00,5880.5,8
2018-05-29 08:00:00,4588.0,12
2018-05-29 08:00:00,5209.5,11
2018-05-29 23:00:00,5002.0,23
2018-05-29 23:00:00,5604.1,22
2018-05-29 23:00:00,4697.2,24
2018-05-29 23:00:00,6381.2,20
2018-05-29 23:00:00,5867.7,21
2018-05-29 23:00:00,6200.0,19
2018-06-15 00:00:00,4699.2,24
2018-06-15 00:00:00,5003.3,23
2018-06-15 00:00:00,5871.0,21
2018-06-15 00:00:00,6203.5,19
2018-06-15 00:00:00,5606.5,22
2018-06-15 00:00:00,6385.9,20
2018-06-15 05:00:00,5302.7,15
2018-06-15 05:00:00,4618.2,5
2018-06-15 05:00:00,5261.7,17
2018-06-15 05:00:00,5464.2,16
2018-06-15 05:00:00,4351.0,13
2018-06-15 05:00:00,4645.2,3
2018-06-15 05:00:00,5163.2,2
2018-06-15 05:00:00,5210.1,6
2018-06-15 05:00:00,5349.6,18
2018-06-15 05:00:00,4017.0,1
2018-06-15 05:00:00,4014.9,14
2018-06-15 05:00:00,4516.1,4
2018-06-15 09:00:00,5217.9,11
2018-06-15 09:00:00,5519.1,9
2018-06-15 09:00:00,5898.5,8
2018-06-15 09:00:00,5348.1,10
2018-06-15 09:00:00,4867.2,7
2018-06-15 09:00:00,4593.8,12
2018-06-20 01:00:00,6198.7,19
2018-06-20 01:00:00,5608.8,22
2018-06-20 01:00:00,6382.4,20
2018-06-20 01:00:00,5871.9,21
2018-06-20 01:00:00,4698.71,24
2018-06-20 01:00:00,5003.0,23
2018-06-20 06:00:00,4349.2,13
2018-06-20 06:00:00,4648.7,3
2018-06-20 06:00:00,5349.5,18
2018-06-20 06:00:00,5464.3,16
2018-06-20 06:00:00,4620.6,5
2018-06-20 06:00:00,4019.0,1
2018-06-20 06:00:00,5218.3,6
2018-06-20 06:00:00,5302.9,15
2018-06-20 06:00:00,5261.8,17
2018-06-20 06:00:00,4521.8,4
2018-06-20 06:00:00,4014.9,14
2018-06-20 06:00:00,5171.6,2
2018-06-20 10:00:00,4862.3,7
2018-06-20 10:00:00,4595.4,12
2018-06-20 10:00:00,5218.9,11
2018-06-20 10:00:00,5349.2,10
2018-06-20 10:00:00,5521.6,9
2018-06-20 10:00:00,5885.1,8
2018-10-04 02:00:00,6176.7,19
2018-10-04 02:00:00,5613.2,22
2018-10-04 02:00:00,4700.2,24
2018-10-04 02:00:00,5878.8,21
2018-10-04 02:00:00,5008.1,23
2018-10-04 02:00:00,6371.6,20
2018-10-04 07:00:00,5259.0,15
2018-10-04 07:00:00,,18
2018-10-04 07:00:00,,17
2018-10-04 07:00:00,4630.0,3
2018-10-04 07:00:00,5464.6,14
2018-10-04 07:00:00,4015.7,1
2018-10-04 07:00:00,4508.9,4
2018-10-04 07:00:00,5194.7,6
2018-10-04 07:00:00,5162.0,2
2018-10-04 07:00:00,4204.8,13
2018-10-04 07:00:00,4600.2,5
2018-10-04 07:00:00,5359.8,16
2018-10-04 11:00:00,5214.3,11
2018-10-04 11:00:00,5502.4,9
2018-10-04 11:00:00,4788.9,7
2018-10-04 11:00:00,5826.7,8
2018-10-04 11:00:00,4590.1,12
2018-10-04 11:00:00,5330.9,10
2018-10-11 03:00:00,5612.6,22
2018-10-11 03:00:00,5879.3,21
2018-10-11 03:00:00,4699.7,24
2018-10-11 03:00:00,6372.2,20
2018-10-11 03:00:00,5008.0,23
2018-10-11 03:00:00,6177.3,19
2018-10-11 08:00:00,5259.0,15
2018-10-11 08:00:00,4013.1,1
2018-10-11 08:00:00,,17
2018-10-11 08:00:00,5190.1,6
2018-10-11 08:00:00,5361.8,16
2018-10-11 08:00:00,4626.7,3
2018-10-11 08:00:00,4504.6,4
2018-10-11 08:00:00,5153.5,2
2018-10-11 08:00:00,4588.6,5
2018-10-11 08:00:00,4209.2,13
2018-10-11 08:00:00,5463.0,14
2018-10-11 08:00:00,,18
2018-10-11 12:00:00,5215.2,11
2018-10-11 12:00:00,5331.0,10
2018-10-11 12:00:00,4583.0,12
2018-10-11 12:00:00,5834.5,8
2018-10-11 12:00:00,4789.9,7
2018-10-11 12:00:00,5503.0,9
2018-10-18 04:00:00,6375.1,20
2018-10-18 04:00:00,4699.4,24
2018-10-18 04:00:00,5878.9,21
2018-10-18 04:00:00,6181.8,19
2018-10-18 04:00:00,5612.3,22
2018-10-18 04:00:00,5007.8,23
2018-10-18 09:00:00,4255.4,13
2018-10-18 09:00:00,5582.5,5
2018-10-18 09:00:00,4222.9,3
2018-10-18 09:00:00,5144.2,2
2018-10-18 09:00:00,4010.9,1
2018-10-18 09:00:00,5185.0,6
2018-10-18 09:00:00,4500.4,4
2018-10-18 09:00:00,5258.5,17
2018-10-18 09:00:00,,18
2018-10-18 09:00:00,5296.0,15
2018-10-18 09:00:00,5463.2,16
2018-10-18 09:00:00,3915.3,14
2018-10-18 13:00:00,5213.6,11
2018-10-18 13:00:00,5335.6,10
2018-10-18 13:00:00,5860.1,8
2018-10-18 13:00:00,4590.3,12
2018-10-18 13:00:00,4817.0,7
2018-10-18 13:00:00,5500.3,9
2018-11-01 05:00:00,6378.8,20
2018-11-01 05:00:00,4699.1,24
2018-11-01 05:00:00,5612.0,22
2018-11-01 05:00:00,6187.3,19
2018-11-01 05:00:00,5878.7,21
2018-11-01 05:00:00,5007.0,23
2018-11-01 10:00:00,5185.5,6
2018-11-01 10:00:00,4012.3,1
2018-11-01 10:00:00,5464.6,16
2018-11-01 10:00:00,5300.6,15
2018-11-01 10:00:00,5146.4,2
2018-11-01 10:00:00,4591.0,5
2018-11-01 10:00:00,4497.8,4
2018-11-01 10:00:00,4623.1,3
2018-11-01 10:00:00,5258.5,17
2018-11-01 10:00:00,4273.5,13
2018-11-01 10:00:00,,18
2018-11-01 10:00:00,3951.2,14
2018-11-01 14:00:00,4592.0,12
2018-11-01 14:00:00,5502.1,9
2018-11-01 14:00:00,5854.4,8
2018-11-01 14:00:00,5336.1,10
2018-11-01 14:00:00,4829.3,7
2018-11-01 14:00:00,5214.4,11
2018-11-08 06:00:00,5611.4,22
2018-11-08 06:00:00,4698.7,24
2018-11-08 06:00:00,5007.7,23
2018-11-08 06:00:00,6375.9,20
2018-11-08 06:00:00,5877.8,21
2018-11-08 06:00:00,6184.5,19
2018-11-08 11:00:00,5299.4,15
2018-11-08 11:00:00,4230.6,13
2018-11-08 11:00:00,4622.5,3
2018-11-08 11:00:00,4586.3,5
2018-11-08 11:00:00,4497.2,4
2018-11-08 11:00:00,5144.4,2
2018-11-08 11:00:00,5258.3,17
2018-11-08 11:00:00,4011.8,1
2018-11-08 11:00:00,4564.3,16
2018-11-08 11:00:00,3921.2,14
2018-11-08 11:00:00,5184.1,6
2018-11-08 11:00:00,,18
2018-11-08 15:00:00,5501.0,9
2018-11-08 15:00:00,5844.3,8
2018-11-08 15:00:00,4808.9,7
2018-11-08 15:00:00,5213.7,11
2018-11-08 15:00:00,4591.0,12
2018-11-08 15:00:00,5332.5,10
2018-11-22 07:00:00,5876.2,21
2018-11-22 07:00:00,6189.2,19
2018-11-22 07:00:00,4698.5,24
2018-11-22 07:00:00,5007.6,23
2018-11-22 07:00:00,5610.3,22
2018-11-22 07:00:00,6378.7,20
2018-11-22 12:00:00,5137.7,2
2018-11-22 12:00:00,4580.5,5
2018-11-22 12:00:00,5175.4,6
2018-11-22 12:00:00,4620.6,3
2018-11-22 12:00:00,5463.9,16
2018-11-22 12:00:00,4270.0,13
2018-11-22 12:00:00,3952.1,14
2018-11-22 12:00:00,4493.5,4
2018-11-22 12:00:00,4010.7,1
2018-11-22 12:00:00,,18
2018-11-22 12:00:00,5257.8,17
2018-11-22 12:00:00,5299.4,15
2018-11-22 16:00:00,,7
2018-11-22 16:00:00,,12
2018-11-22 16:00:00,,10
2018-11-22 16:00:00,,8
2018-11-22 16:00:00,,9
2018-11-22 16:00:00,,11
2018-11-29 08:00:00,6186.5,19
2018-11-29 08:00:00,5875.5,21
2018-11-29 08:00:00,6376.5,20
2018-11-29 08:00:00,5007.4,23
2018-11-29 08:00:00,4698.2,24
2018-11-29 08:00:00,5609.8,22
2018-11-29 13:00:00,4492.5,4
2018-11-29 13:00:00,5177.5,6
2018-11-29 13:00:00,3905.1,14
2018-11-29 13:00:00,5138.7,2
2018-11-29 13:00:00,,18
2018-11-29 13:00:00,4579.4,5
2018-11-29 13:00:00,4009.8,1
2018-11-29 13:00:00,5463.3,16
2018-11-29 13:00:00,4214.9,13
2018-11-29 13:00:00,5270.9,17
2018-11-29 13:00:00,4620.6,3
2018-11-29 13:00:00,5298.2,15
2018-11-29 17:00:00,5212.2,11
2018-11-29 17:00:00,5500.5,9
2018-11-29 17:00:00,4588.9,12
2018-11-29 17:00:00,4801.4,7
2018-11-29 17:00:00,5837.4,8
2018-11-29 17:00:00,5329.8,10
2018-12-13 09:00:00,5874.59,21
2018-12-13 09:00:00,6194.77,19
2018-12-13 09:00:00,5608.57,22
2018-12-13 09:00:00,5006.93,23
2018-12-13 09:00:00,6382.15,20
2018-12-13 09:00:00,4698.28,24
2018-12-13 14:00:00,4324.55,13
2018-12-13 14:00:00,5346.0,18
2018-12-13 14:00:00,5272.9,17
2018-12-13 14:00:00,4577.05,5
2018-12-13 14:00:00,4008.96,1
2018-12-13 14:00:00,3976.38,14
2018-12-13 14:00:00,5299.64,15
2018-12-13 14:00:00,4619.7,3
2018-12-13 14:00:00,5465.6,16
2018-12-13 14:00:00,5133.37,2
2018-12-13 14:00:00,4488.27,4
2018-12-13 14:00:00,5170.7,6
2018-12-13 18:00:00,5501.77,9
2018-12-13 18:00:00,5212.78,11
2018-12-13 18:00:00,4848.1,7
2018-12-13 18:00:00,4586.36,12
2018-12-13 18:00:00,5339.32,10
2018-12-13 18:00:00,5886.27,8
2019-01-02 10:00:00,5006.37,23
2019-01-02 10:00:00,5870.43,21
2019-01-02 10:00:00,4696.94,24
2019-01-02 10:00:00,6379.32,20
2019-01-02 10:00:00,6194.0,19
2019-01-02 10:00:00,5605.71,22
2019-01-02 15:00:00,4293.35,13
2019-01-02 15:00:00,5343.93,18
2019-01-02 15:00:00,4612.25,3
2019-01-02 15:00:00,4476.01,4
2019-01-02 15:00:00,5272.2,17
2019-01-02 15:00:00,5464.43,16
2019-01-02 15:00:00,5299.03,15
2019-01-02 15:00:00,4004.95,1
2019-01-02 15:00:00,5119.23,2
2019-01-02 15:00:00,4550.14,5
2019-01-02 15:00:00,5148.03,6
2019-01-02 15:00:00,3964.57,14
2019-01-02 19:00:00,5875.3,8
2019-01-02 19:00:00,5500.37,9
2019-01-02 19:00:00,5332.12,10
2019-01-02 19:00:00,4841.07,7
2019-01-02 19:00:00,5210.31,11
2019-01-02 19:00:00,4586.68,12
2019-01-17 11:00:00,6377.32,20
2019-01-17 11:00:00,5602.6,22
2019-01-17 11:00:00,5007.5,23
2019-01-17 11:00:00,5868.18,21
2019-01-17 11:00:00,6193.11,19
2019-01-17 11:00:00,4685.0,24
2019-01-17 16:00:00,5127.56,2
2019-01-17 16:00:00,5157.39,6
2019-01-17 16:00:00,4479.01,4
2019-01-17 16:00:00,3964.51,14
2019-01-17 16:00:00,5356.83,18
2019-01-17 16:00:00,5298.83,15
2019-01-17 16:00:00,5464.53,16
2019-01-17 16:00:00,4007.88,1
2019-01-17 16:00:00,4275.55,13
2019-01-17 16:00:00,4616.71,3
2019-01-17 16:00:00,4565.22,5
2019-01-17 16:00:00,5253.48,17
2019-01-17 20:00:00,5327.0,10
2019-01-17 20:00:00,5488.33,9
2019-01-17 20:00:00,4583.99,12
2019-01-17 20:00:00,4833.6,7
2019-01-17 20:00:00,5207.12,11
2019-01-17 20:00:00,5857.02,8
2019-01-24 12:00:00,5007.78,23
2019-01-24 12:00:00,5602.5,22
2019-01-24 12:00:00,5868.07,21
2019-01-24 12:00:00,4696.18,24
2019-01-24 12:00:00,6192.86,19
2019-01-24 12:00:00,6357.48,20
2019-01-24 17:00:00,5253.99,17
2019-01-24 17:00:00,4007.88,1
2019-01-24 17:00:00,4619.12,3
2019-01-24 17:00:00,3946.29,14
2019-01-24 17:00:00,5465.17,16
2019-01-24 17:00:00,4564.73,5
2019-01-24 17:00:00,4479.8,4
2019-01-24 17:00:00,5127.16,2
2019-01-24 17:00:00,4264.58,13
2019-01-24 17:00:00,5357.65,18
2019-01-24 17:00:00,5156.8,6
2019-01-24 17:00:00,5298.71,15
2019-01-24 21:00:00,5499.83,9
2019-01-24 21:00:00,4585.62,12
2019-01-24 21:00:00,5864.41,8
2019-01-24 21:00:00,5206.43,11
2019-01-24 21:00:00,5327.39,10
2019-01-24 21:00:00,4829.02,7
2019-01-30 13:00:00,5601.76,22
2019-01-30 13:00:00,6195.05,19
2019-01-30 13:00:00,5007.78,23
2019-01-30 13:00:00,6378.8,20
2019-01-30 13:00:00,5867.36,21
2019-01-30 13:00:00,4696.67,24
2019-01-30 18:00:00,5152.6,6
2019-01-30 18:00:00,5132.69,2
2019-01-30 18:00:00,4571.9,5
2019-01-30 18:00:00,5464.23,16
2019-01-30 18:00:00,4622.66,3
2019-01-30 18:00:00,5355.49,18
2019-01-30 18:00:00,5253.17,17
2019-01-30 18:00:00,5297.81,15
2019-01-30 18:00:00,4265.75,13
2019-01-30 18:00:00,4479.6,4
2019-01-30 18:00:00,3946.42,14
2019-01-30 18:00:00,4010.02,1
2019-01-30 22:00:00,4828.66,7
2019-01-30 22:00:00,5864.75,8
2019-01-30 22:00:00,4583.58,12
2019-01-30 22:00:00,5326.48,10
2019-01-30 22:00:00,5498.54,9
2019-01-30 22:00:00,5205.25,11
2019-02-06 14:00:00,4696.67,24
2019-02-06 14:00:00,6378.8,20
2019-02-06 14:00:00,5867.36,21
2019-02-06 14:00:00,6195.05,19
2019-02-06 14:00:00,5007.78,23
2019-02-06 14:00:00,5601.76,22
2019-02-06 19:00:00,5356.93,18
2019-02-06 19:00:00,4010.02,1
2019-02-06 19:00:00,5465.97,16
2019-02-06 19:00:00,5254.04,17
2019-02-06 19:00:00,5152.6,6
2019-02-06 19:00:00,5298.42,15
2019-02-06 19:00:00,4622.66,3
2019-02-06 19:00:00,5132.69,2
2019-02-06 19:00:00,4276.34,13
2019-02-06 19:00:00,4479.6,4
2019-02-06 19:00:00,4571.9,5
2019-02-06 19:00:00,3947.4,14
2019-02-06 23:00:00,5869.72,8
2019-02-06 23:00:00,5500.9,9
2019-02-06 23:00:00,5207.43,11
2019-02-06 23:00:00,4585.54,12
2019-02-06 23:00:00,5329.04,10
2019-02-06 23:00:00,4834.05,7
2019-02-14 00:00:00,5329.76,10
2019-02-14 00:00:00,4586.27,12
2019-02-14 00:00:00,5869.12,8
2019-02-14 00:00:00,5501.77,9
2019-02-14 00:00:00,4834.33,7
2019-02-14 00:00:00,5207.93,11
2019-02-14 15:00:00,5866.99,21
2019-02-14 15:00:00,6194.9,19
2019-02-14 15:00:00,6378.3,20
2019-02-14 15:00:00,6501.38,22
2019-02-14 15:00:00,4696.76,24
2019-02-14 15:00:00,5007.79,23
2019-02-14 20:00:00,5253.99,17
2019-02-14 20:00:00,5147.8,6
2019-02-14 20:00:00,5464.27,16
2019-02-14 20:00:00,5298.32,15
2019-02-14 20:00:00,4624.0,3
2019-02-14 20:00:00,5133.27,2
2019-02-14 20:00:00,4278.45,13
2019-02-14 20:00:00,4479.8,4
2019-02-14 20:00:00,4009.02,1
2019-02-14 20:00:00,3949.49,14
2019-02-14 20:00:00,5385.87,18
2019-02-14 20:00:00,4559.47,5
2019-02-21 01:00:00,5328.14,10
2019-02-21 01:00:00,5878.03,8
2019-02-21 01:00:00,5500.17,9
2019-02-21 01:00:00,5206.34,11
2019-02-21 01:00:00,4585.28,12
2019-02-21 01:00:00,8441.07,7
2019-02-21 16:00:00,6500.4,22
2019-02-21 16:00:00,5865.12,21
2019-02-21 16:00:00,4696.24,24
2019-02-21 16:00:00,6378.38,20
2019-02-21 16:00:00,6194.9,19
2019-02-21 16:00:00,5007.22,23
2019-02-21 21:00:00,5464.43,16
2019-02-21 21:00:00,5253.77,17
2019-02-21 21:00:00,5297.81,15
2019-02-21 21:00:00,4548.86,5
2019-02-21 21:00:00,5140.72,6
2019-02-21 21:00:00,4620.76,3
2019-02-21 21:00:00,4004.75,1
2019-02-21 21:00:00,4297.64,13
2019-02-21 21:00:00,4475.94,4
2019-02-21 21:00:00,5121.85,2
2019-02-21 21:00:00,5354.87,18
2019-02-21 21:00:00,3959.9,14
2019-02-28 02:00:00,8440.8,7
2019-02-28 02:00:00,5873.16,8
2019-02-28 02:00:00,5330.99,10
2019-02-28 02:00:00,5502.75,9
2019-02-28 02:00:00,4565.54,12
2019-02-28 02:00:00,5208.71,11
2019-02-28 17:00:00,6500.96,22
2019-02-28 17:00:00,6195.95,19
2019-02-28 17:00:00,5007.96,23
2019-02-28 17:00:00,4696.94,24
2019-02-28 17:00:00,5864.29,21
2019-02-28 17:00:00,6379.32,20
2019-02-28 22:00:00,4011.37,1
2019-02-28 22:00:00,5352.17,18
2019-02-28 22:00:00,4579.5,5
2019-02-28 22:00:00,5159.24,6
2019-02-28 22:00:00,3960.23,14
2019-02-28 22:00:00,5298.93,15
2019-02-28 22:00:00,4295.72,13
2019-02-28 22:00:00,5257.29,17
2019-02-28 22:00:00,5465.71,16
2019-02-28 22:00:00,5140.14,2
2019-02-28 22:00:00,4484.47,4
2019-02-28 22:00:00,4630.29,3
2019-03-07 03:00:00,5868.3,8
2019-03-07 03:00:00,5326.48,10
2019-03-07 03:00:00,8436.63,7
2019-03-07 03:00:00,4581.77,12
2019-03-07 03:00:00,5205.15,11
2019-03-07 03:00:00,5501.75,9
2019-03-07 18:00:00,5861.91,21
2019-03-07 18:00:00,6500.29,22
2019-03-07 18:00:00,6378.38,20
2019-03-07 18:00:00,4696.35,24
2019-03-07 18:00:00,5007.31,23
2019-03-07 18:00:00,6195.05,19
2019-03-07 23:00:00,4479.16,4
2019-03-07 23:00:00,3959.71,14
2019-03-07 23:00:00,5255.89,17
2019-03-07 23:00:00,5128.32,2
2019-03-07 23:00:00,5295.98,15
2019-03-07 23:00:00,4563.37,5
2019-03-07 23:00:00,5148.43,6
2019-03-07 23:00:00,5464.25,16
2019-03-07 23:00:00,4625.57,3
2019-03-07 23:00:00,5349.3,18
2019-03-07 23:00:00,4291.27,13
2019-03-07 23:00:00,4008.28,1
2019-03-14 00:00:00,4010.56,1
2019-03-14 00:00:00,5463.18,16
2019-03-14 00:00:00,5350.2,18
2019-03-14 00:00:00,5136.04,2
2019-03-14 00:00:00,5296.91,15
2019-03-14 00:00:00,5256.01,17
2019-03-14 00:00:00,4483.43,4
2019-03-14 00:00:00,5161.58,6
2019-03-14 00:00:00,4630.47,3
2019-03-14 00:00:00,4291.79,13
2019-03-14 00:00:00,3960.05,14
2019-03-14 00:00:00,4576.58,5
2019-03-14 04:00:00,4838.5,7
2019-03-14 04:00:00,5206.21,11
2019-03-14 04:00:00,5328.0,10
2019-03-14 04:00:00,4582.61,12
2019-03-14 04:00:00,5869.18,8
2019-03-14 04:00:00,5500.11,9
2019-03-14 19:00:00,6194.53,19
2019-03-14 19:00:00,4696.51,24
2019-03-14 19:00:00,5600.19,22
2019-03-14 19:00:00,6377.87,20
2019-03-14 19:00:00,5860.26,21
2019-03-14 19:00:00,5007.4,23
2019-03-21 01:00:00,4487.15,4
2019-03-21 01:00:00,5464.43,16
2019-03-21 01:00:00,4584.4,5
2019-03-21 01:00:00,3959.18,14
2019-03-21 01:00:00,5256.28,17
2019-03-21 01:00:00,4011.1,1
2019-03-21 01:00:00,4279.3,13
2019-03-21 01:00:00,5350.54,18
2019-03-21 01:00:00,4634.2,3
2019-03-21 01:00:00,5166.28,6
2019-03-21 01:00:00,5296.47,15
2019-03-21 01:00:00,5139.37,2
2019-03-21 05:00:00,5328.85,10
2019-03-21 05:00:00,5502.2,9
2019-03-21 05:00:00,5866.13,8
2019-03-21 05:00:00,4583.81,12
2019-03-21 05:00:00,5207.12,11
2019-03-21 05:00:00,4834.03,7
2019-03-21 20:00:00,5008.61,23
2019-03-21 20:00:00,5859.67,21
2019-03-21 20:00:00,6196.07,19
2019-03-21 20:00:00,6379.01,20
2019-03-21 20:00:00,5600.7,22
2019-03-21 20:00:00,4698.04,24
2019-03-29 02:00:00,4011.37,1
2019-03-29 02:00:00,5464.86,16
2019-03-29 02:00:00,4574.11,5
2019-03-29 02:00:00,4300.1,13
2019-03-29 02:00:00,3966.15,14
2019-03-29 02:00:00,4490.65,4
2019-03-29 02:00:00,5257.39,17
2019-03-29 02:00:00,4636.61,3
2019-03-29 02:00:00,5351.26,18
2019-03-29 02:00:00,5298.1,15
2019-03-29 02:00:00,5164.18,6
2019-03-29 02:00:00,5142.19,2
2019-03-29 06:00:00,5207.43,11
2019-03-29 06:00:00,5502.85,9
2019-03-29 06:00:00,5877.55,8
2019-03-29 06:00:00,4585.87,12
2019-03-29 06:00:00,4842.57,7
2019-03-29 06:00:00,5331.5,10
2019-03-29 21:00:00,5007.91,23
2019-03-29 21:00:00,4697.1,24
2019-03-29 21:00:00,5858.02,21
2019-03-29 21:00:00,6378.38,20
2019-03-29 21:00:00,5599.61,22
2019-03-29 21:00:00,6195.3,19
2019-04-04 03:00:00,4315.23,13
2019-04-04 03:00:00,5296.69,15
2019-04-04 03:00:00,4631.62,3
2019-04-04 03:00:00,5461.77,16
2019-04-04 03:00:00,5130.37,2
2019-04-04 03:00:00,5156.03,6
2019-04-04 03:00:00,3975.98,14
2019-04-04 03:00:00,5346.93,18
2019-04-04 03:00:00,4483.27,4
2019-04-04 03:00:00,5254.47,17
2019-04-04 03:00:00,4565.4,5
2019-04-04 03:00:00,4008.49,1
2019-04-04 07:00:00,5885.05,8
2019-04-04 07:00:00,4583.01,12
2019-04-04 07:00:00,5203.18,11
2019-04-04 07:00:00,5497.59,9
2019-04-04 07:00:00,4846.58,7
2019-04-04 07:00:00,5328.33,10
2019-04-04 22:00:00,4696.24,24
2019-04-04 22:00:00,6377.06,20
2019-04-04 22:00:00,5856.91,21
2019-04-04 22:00:00,5007.02,23
2019-04-04 22:00:00,6194.4,19
2019-04-04 22:00:00,5598.18,22
2019-04-11 04:00:00,4332.69,13
2019-04-11 04:00:00,4009.76,1
2019-04-11 04:00:00,3991.36,14
2019-04-11 04:00:00,4572.64,5
2019-04-11 04:00:00,5137.81,2
2019-04-11 04:00:00,5163.65,6
2019-04-11 04:00:00,4635.19,3
2019-04-11 04:00:00,5256.5,17
2019-04-11 04:00:00,4487.95,4
2019-04-11 04:00:00,5349.98,18
2019-04-11 04:00:00,5463.79,16
2019-04-11 04:00:00,5298.52,15
2019-04-11 08:00:00,5206.62,11
2019-04-11 08:00:00,5501.02,9
2019-04-11 08:00:00,5332.73,10
2019-04-11 08:00:00,4583.91,12
2019-04-11 08:00:00,4854.18,7
2019-04-11 08:00:00,5890.77,8
2019-04-11 23:00:00,6197.72,19
2019-04-11 23:00:00,5857.31,21
2019-04-11 23:00:00,4696.75,24
2019-04-11 23:00:00,5598.97,22
2019-04-11 23:00:00,6378.8,20
2019-04-11 23:00:00,5007.71,23
2019-04-17 00:00:00,5857.76,21
2019-04-17 00:00:00,6196.72,19
2019-04-17 00:00:00,6379.15,20
2019-04-17 00:00:00,5599.63,22
2019-04-17 00:00:00,5007.58,23
2019-04-17 00:00:00,4697.1,24
2019-04-17 05:00:00,5168.44,6
2019-04-17 05:00:00,4331.25,13
2019-04-17 05:00:00,5256.88,17
2019-04-17 05:00:00,5463.53,16
2019-04-17 05:00:00,4581.28,5
2019-04-17 05:00:00,5349.92,18
2019-04-17 05:00:00,5299.13,15
2019-04-17 05:00:00,3991.95,14
2019-04-17 05:00:00,4491.28,4
2019-04-17 05:00:00,4639.37,3
2019-04-17 05:00:00,5146.58,2
2019-04-17 05:00:00,4013.04,1
2019-04-17 09:00:00,5208.81,11
2019-04-17 09:00:00,5502.62,9
2019-04-17 09:00:00,5333.23,10
2019-04-17 09:00:00,5888.25,8
2019-04-17 09:00:00,4584.71,12
2019-04-17 09:00:00,4855.57,7
2019-04-25 01:00:00,5007.22,23
2019-04-25 01:00:00,4696.51,24
2019-04-25 01:00:00,6196.07,19
2019-04-25 01:00:00,5598.63,22
2019-04-25 01:00:00,6378.0,20
2019-04-25 01:00:00,5857.06,21
2019-04-25 06:00:00,5299.23,15
2019-04-25 06:00:00,5167.64,6
2019-04-25 06:00:00,4010.23,1
2019-04-25 06:00:00,3998.08,14
2019-04-25 06:00:00,5349.6,18
2019-04-25 06:00:00,4637.27,3
2019-04-25 06:00:00,5464.1,16
2019-04-25 06:00:00,5138.6,2
2019-04-25 06:00:00,4340.97,13
2019-04-25 06:00:00,4575.17,5
2019-04-25 06:00:00,4490.25,4
2019-04-25 06:00:00,5056.29,17
2019-04-25 10:00:00,4857.63,7
2019-04-25 10:00:00,5206.84,11
2019-04-25 10:00:00,5333.45,10
2019-04-25 10:00:00,5892.91,8
2019-04-25 10:00:00,4584.48,12
2019-04-25 10:00:00,5502.1,9
2019-05-02 02:00:00,6195.3,19
2019-05-02 02:00:00,5007.69,23
2019-05-02 02:00:00,5858.64,21
2019-05-02 02:00:00,4697.02,24
2019-05-02 02:00:00,5599.29,22
2019-05-02 02:00:00,6377.71,20
2019-05-02 07:00:00,4496.52,4
2019-05-02 07:00:00,5171.66,6
2019-05-02 07:00:00,4587.89,5
2019-05-02 07:00:00,4642.27,3
2019-05-02 07:00:00,4014.25,1
2019-05-02 07:00:00,5151.14,2
2019-05-02 11:00:00,4586.03,12
2019-05-02 11:00:00,5503.91,9
2019-05-02 11:00:00,5331.6,10
2019-05-02 11:00:00,5879.23,8
2019-05-02 11:00:00,4851.21,7
2019-05-02 11:00:00,5208.12,11
2019-05-09 03:00:00,5857.31,21
2019-05-09 03:00:00,6375.79,20
2019-05-09 03:00:00,6191.97,19
2019-05-09 03:00:00,5599.39,22
2019-05-09 03:00:00,5007.58,23
2019-05-09 03:00:00,4696.94,24
2019-05-09 08:00:00,4496.44,4
2019-05-09 08:00:00,5167.05,6
2019-05-09 08:00:00,5146.05,2
2019-05-09 08:00:00,4574.5,5
2019-05-09 08:00:00,4641.53,3
2019-05-09 08:00:00,4012.77,1
2019-05-09 12:00:00,5503.18,9
2019-05-09 12:00:00,5328.53,10
2019-05-09 12:00:00,5866.99,8
2019-05-09 12:00:00,5207.22,11
2019-05-09 12:00:00,4584.07,12
2019-05-09 12:00:00,4843.63,7
2019-05-14 04:00:00,5601.38,22
2019-05-14 04:00:00,6380.28,20
2019-05-14 04:00:00,4698.79,24
2019-05-14 04:00:00,5860.6,21
2019-05-14 04:00:00,5009.26,23
2019-05-14 04:00:00,6195.3,19
2019-05-14 09:00:00,4575.87,5
2019-05-14 09:00:00,4014.87,1
2019-05-14 09:00:00,4646.87,3
2019-05-14 09:00:00,5155.04,2
2019-05-14 09:00:00,5176.09,6
2019-05-14 09:00:00,4502.8,4
2019-05-14 13:00:00,5866.88,8
2019-05-14 13:00:00,5506.08,9
2019-05-14 13:00:00,5332.12,10
2019-05-14 13:00:00,5210.4,11
2019-05-14 13:00:00,4842.23,7
2019-05-14 13:00:00,4585.77,12
2019-05-23 05:00:00,5008.43,23
2019-05-23 05:00:00,5600.61,22
2019-05-23 05:00:00,6376.9,20
2019-05-23 05:00:00,6192.09,19
2019-05-23 05:00:00,4697.61,24
2019-05-23 05:00:00,5859.67,21
2019-05-23 10:00:00,5149.38,2
2019-05-23 10:00:00,5176.27,6
2019-05-23 10:00:00,4643.95,3
2019-05-23 10:00:00,4013.04,1
2019-05-23 10:00:00,4582.61,5
2019-05-23 10:00:00,4499.7,4
2019-05-23 14:00:00,4839.03,7
2019-05-23 14:00:00,5864.52,8
2019-05-23 14:00:00,5207.72,11
2019-05-23 14:00:00,5329.85,10
2019-05-23 14:00:00,4584.07,12
2019-05-23 14:00:00,5503.26,9
2019-05-28 06:00:00,6376.77,20
2019-05-28 06:00:00,5860.37,21
2019-05-28 06:00:00,6192.97,19
2019-05-28 06:00:00,5008.61,23
2019-05-28 06:00:00,4698.95,24
2019-05-28 06:00:00,5600.85,22
2019-05-28 07:00:00,4305.46,13
2019-05-28 07:00:00,5350.31,18
2019-05-28 07:00:00,5464.63,16
2019-05-28 07:00:00,5257.29,17
2019-05-28 07:00:00,5298.13,15
2019-05-28 07:00:00,3987.1,14
2019-05-28 11:00:00,4644.87,3
2019-05-28 11:00:00,4013.63,1
2019-05-28 11:00:00,4585.05,5
2019-05-28 11:00:00,4502.88,4
2019-05-28 11:00:00,5153.1,2
2019-05-28 11:00:00,5179.12,6
2019-05-28 15:00:00,5208.62,11
2019-05-28 15:00:00,5504.45,9
2019-05-28 15:00:00,5865.34,8
2019-05-28 15:00:00,4584.71,12
2019-05-28 15:00:00,5330.99,10
2019-05-28 15:00:00,4839.01,7
2019-06-06 07:00:00,4698.2,24
2019-06-06 07:00:00,6376.9,20
2019-06-06 07:00:00,5601.51,22
2019-06-06 07:00:00,6190.68,19
2019-06-06 07:00:00,5008.99,23
2019-06-06 07:00:00,5861.08,21
2019-06-06 08:00:00,5256.76,17
2019-06-06 08:00:00,5463.36,16
2019-06-06 08:00:00,3977.04,14
2019-06-06 08:00:00,4290.53,13
2019-06-06 08:00:00,5349.2,18
2019-06-06 08:00:00,5297.3,15
2019-06-06 12:00:00,5186.3,6
2019-06-06 12:00:00,4596.2,5
2019-06-06 12:00:00,4016.66,1
2019-06-06 12:00:00,4650.46,3
2019-06-06 12:00:00,5163.53,2
2019-06-06 12:00:00,4511.01,4
2019-06-06 16:00:00,4846.13,7
2019-06-06 16:00:00,5878.52,8
2019-06-06 16:00:00,5211.59,11
2019-06-06 16:00:00,5508.02,9
2019-06-06 16:00:00,5337.15,10
2019-06-06 16:00:00,4588.41,12
2019-06-13 08:00:00,6374.9,20
2019-06-13 08:00:00,5861.08,21
2019-06-13 08:00:00,4697.77,24
2019-06-13 08:00:00,5008.7,23
2019-06-13 08:00:00,6188.74,19
2019-06-13 08:00:00,5601.38,22
2019-06-13 09:00:00,5350.74,18
2019-06-13 09:00:00,3997.64,14
2019-06-13 09:00:00,5297.49,15
2019-06-13 09:00:00,5463.59,16
2019-06-13 09:00:00,4280.11,13
2019-06-13 09:00:00,5257.42,17
2019-06-13 13:00:00,4505.19,4
2019-06-13 13:00:00,5151.53,2
2019-06-13 13:00:00,4644.77,3
2019-06-13 13:00:00,4013.17,1
2019-06-13 13:00:00,4580.71,5
2019-06-13 13:00:00,5182.47,6
2019-06-13 17:00:00,5208.91,11
2019-06-13 17:00:00,4586.86,12
2019-06-13 17:00:00,5870.43,8
2019-06-13 17:00:00,5504.68,9
2019-06-13 17:00:00,4843.01,7
2019-06-13 17:00:00,5332.22,10
2019-06-19 09:00:00,4698.38,24
2019-06-19 09:00:00,5861.57,21
2019-06-19 09:00:00,6376.1,20
2019-06-19 09:00:00,5009.17,23
2019-06-19 09:00:00,5601.62,22
2019-06-19 09:00:00,6189.91,19
2019-06-19 10:00:00,4283.96,13
2019-06-19 10:00:00,5257.0,17
2019-06-19 10:00:00,5463.95,16
2019-06-19 10:00:00,5349.6,18
2019-06-19 10:00:00,3967.8,14
2019-06-19 10:00:00,5296.69,15
2019-06-19 14:00:00,5150.46,2
2019-06-19 14:00:00,5186.01,6
2019-06-19 14:00:00,4647.69,3
2019-06-19 14:00:00,4507.58,4
2019-06-19 14:00:00,4588.23,5
2019-06-19 14:00:00,4013.23,1
2019-06-19 18:00:00,4587.84,12
2019-06-19 18:00:00,5884.68,8
2019-06-19 18:00:00,5336.01,10
2019-06-19 18:00:00,5506.18,9
2019-06-19 18:00:00,4849.5,7
2019-06-19 18:00:00,5210.59,11
2019-06-27 10:00:00,5610.25,22
2019-06-27 10:00:00,4707.28,24
2019-06-27 10:00:00,6385.64,20
2019-06-27 10:00:00,5017.68,23
2019-06-27 10:00:00,6199.8,19
2019-06-27 10:00:00,5867.36,21
2019-06-27 11:00:00,3967.54,14
2019-06-27 11:00:00,4285.8,13
2019-06-27 11:00:00,5257.48,17
2019-06-27 11:00:00,5296.79,15
2019-06-27 11:00:00,5462.62,16
2019-06-27 11:00:00,5350.12,18
2019-06-27 15:00:00,5164.02,2
2019-06-27 15:00:00,4659.32,3
2019-06-27 15:00:00,4017.13,1
2019-06-27 15:00:00,4604.45,5
2019-06-27 15:00:00,4522.78,4
2019-06-27 15:00:00,5202.97,6
2019-06-27 19:00:00,5220.91,11
2019-06-27 19:00:00,5348.36,10
2019-06-27 19:00:00,5892.08,8
2019-06-27 19:00:00,4596.52,12
2019-06-27 19:00:00,5519.88,9
2019-06-27 19:00:00,4859.13,7
2019-07-04 11:00:00,6377.32,20
2019-07-04 11:00:00,5864.75,21
2019-07-04 11:00:00,6190.15,19
2019-07-04 11:00:00,5607.8,22
2019-07-04 11:00:00,5016.85,23
2019-07-04 11:00:00,4700.58,24
2019-07-04 12:00:00,5465.27,16
2019-07-04 12:00:00,5354.45,18
2019-07-04 12:00:00,5259.7,17
2019-07-04 12:00:00,4299.35,13
2019-07-04 12:00:00,3969.91,14
2019-07-04 12:00:00,5300.05,15
2019-07-04 16:00:00,4661.25,3
2019-07-04 16:00:00,4017.66,1
2019-07-04 16:00:00,4524.37,4
2019-07-04 16:00:00,5210.5,6
2019-07-04 16:00:00,5165.88,2
2019-07-04 16:00:00,4611.59,5
2019-07-04 20:00:00,4848.97,7
2019-07-04 20:00:00,5346.11,10
2019-07-04 20:00:00,5870.2,8
2019-07-04 20:00:00,4596.44,12
2019-07-04 20:00:00,5521.51,9
2019-07-04 20:00:00,5221.62,11
2019-07-12 12:00:00,6184.12,19
2019-07-12 12:00:00,5019.28,23
2019-07-12 12:00:00,4700.15,24
2019-07-12 12:00:00,5865.23,21
2019-07-12 12:00:00,6372.88,20
2019-07-12 12:00:00,5608.15,22
2019-07-12 13:00:00,5288.32,15
2019-07-12 13:00:00,5258.4,17
2019-07-12 13:00:00,5463.46,16
2019-07-12 13:00:00,5350.74,18
2019-07-12 13:00:00,4300.25,13
2019-07-12 13:00:00,3970.5,14
2019-07-12 17:00:00,5165.5,2
2019-07-12 17:00:00,4016.72,1
2019-07-12 17:00:00,4519.82,4
2019-07-12 17:00:00,4654.63,3
2019-07-12 17:00:00,4591.77,5
2019-07-12 17:00:00,5211.19,6
2019-07-12 21:00:00,5511.9,9
2019-07-12 21:00:00,5859.55,8
2019-07-12 21:00:00,5337.34,10
2019-07-12 21:00:00,5212.88,11
2019-07-12 21:00:00,4591.87,12
2019-07-12 21:00:00,4834.78,7
2019-07-18 13:00:00,5611.58,22
2019-07-18 13:00:00,5022.85,23
2019-07-18 13:00:00,6377.58,20
2019-07-18 13:00:00,5868.41,21
2019-07-18 13:00:00,4702.87,24
2019-07-18 13:00:00,6189.39,19
2019-07-18 14:00:00,5258.5,17
2019-07-18 14:00:00,3978.03,14
2019-07-18 14:00:00,4315.61,13
2019-07-18 14:00:00,5351.55,18
2019-07-18 14:00:00,5464.74,16
2019-07-18 14:00:00,5299.74,15
2019-07-18 18:00:00,4017.59,1
2019-07-18 18:00:00,5167.76,2
2019-07-18 18:00:00,4523.82,4
2019-07-18 18:00:00,4659.0,3
2019-07-18 18:00:00,5216.05,6
2019-07-18 18:00:00,4602.61,5
2019-07-18 22:00:00,5342.18,10
2019-07-18 22:00:00,5872.82,8
2019-07-18 22:00:00,4844.7,7
2019-07-18 22:00:00,5513.19,9
2019-07-18 22:00:00,5215.66,11
2019-07-18 22:00:00,4593.64,12
2019-07-26 14:00:00,4701.31,24
2019-07-26 14:00:00,5608.18,22
2019-07-26 14:00:00,6375.2,20
2019-07-26 14:00:00,5021.12,23
2019-07-26 14:00:00,5867.31,21
2019-07-26 14:00:00,6185.13,19
2019-07-26 15:00:00,4329.3,13
2019-07-26 15:00:00,3994.01,14
2019-07-26 15:00:00,5473.05,16
2019-07-26 15:00:00,5362.31,18
2019-07-26 15:00:00,5265.04,17
2019-07-26 15:00:00,5310.32,15
2019-07-26 19:00:00,4658.18,3
2019-07-26 19:00:00,5166.18,2
2019-07-26 19:00:00,4600.37,5
2019-07-26 19:00:00,4017.6,1
2019-07-26 19:00:00,5210.37,6
2019-07-26 19:00:00,4523.97,4
2019-07-26 23:00:00,5841.16,8
2019-07-26 23:00:00,5508.66,9
2019-07-26 23:00:00,4591.44,12
2019-07-26 23:00:00,5213.57,11
2019-07-26 23:00:00,5333.03,10
2019-07-26 23:00:00,4811.73,7
2019-08-01 00:00:00,5332.12,10
2019-08-01 00:00:00,5212.47,11
2019-08-01 00:00:00,4590.2,12
2019-08-01 00:00:00,5506.18,9
2019-08-01 00:00:00,5845.49,8
2019-08-01 00:00:00,4812.08,7
2019-08-01 15:00:00,4700.75,24
2019-08-01 15:00:00,5865.05,21
2019-08-01 15:00:00,6177.96,19
2019-08-01 15:00:00,5609.34,22
2019-08-01 15:00:00,6365.51,20
2019-08-01 15:00:00,5022.38,23
2019-08-01 16:00:00,4294.9,13
2019-08-01 16:00:00,3980.28,14
2019-08-01 16:00:00,5263.83,17
2019-08-01 16:00:00,5364.18,18
2019-08-01 16:00:00,5308.39,15
2019-08-01 16:00:00,5470.39,16
2019-08-01 20:00:00,4585.13,5
2019-08-01 20:00:00,4015.92,1
2019-08-01 20:00:00,5203.56,6
2019-08-01 20:00:00,4652.28,3
2019-08-01 20:00:00,5161.98,2
2019-08-01 20:00:00,4516.36,4
2019-08-08 01:00:00,5846.69,8
2019-08-08 01:00:00,4816.48,7
2019-08-08 01:00:00,5212.41,11
2019-08-08 01:00:00,4590.69,12
2019-08-08 01:00:00,5332.83,10
2019-08-08 01:00:00,5505.59,9
2019-08-08 16:00:00,5866.88,21
2019-08-08 16:00:00,5610.81,22
2019-08-08 16:00:00,4701.6,24
2019-08-08 16:00:00,6176.81,19
2019-08-08 16:00:00,5025.85,23
2019-08-08 16:00:00,6366.19,20
2019-08-08 17:00:00,5301.15,15
2019-08-08 17:00:00,4278.85,13
2019-08-08 17:00:00,5358.17,18
2019-08-08 17:00:00,5259.9,17
2019-08-08 17:00:00,3961.23,14
2019-08-08 17:00:00,5466.24,16
2019-08-08 21:00:00,4517.17,4
2019-08-08 21:00:00,4014.71,1
2019-08-08 21:00:00,5197.04,6
2019-08-08 21:00:00,4650.7,3
2019-08-08 21:00:00,5159.42,2
2019-08-08 21:00:00,4573.86,5
2019-08-14 02:00:00,5347.74,10
2019-08-14 02:00:00,5516.74,9
2019-08-14 02:00:00,5872.11,8
2019-08-14 02:00:00,4843.29,7
2019-08-14 02:00:00,4598.25,12
2019-08-14 02:00:00,5222.51,11
2019-08-14 17:00:00,4703.13,24
2019-08-14 17:00:00,6373.04,20
2019-08-14 17:00:00,5027.72,23
2019-08-14 17:00:00,5612.0,22
2019-08-14 17:00:00,6183.23,19
2019-08-14 17:00:00,5868.41,21
2019-08-14 18:00:00,3968.86,14
2019-08-14 18:00:00,5305.23,15
2019-08-14 18:00:00,5361.37,18
2019-08-14 18:00:00,5469.34,16
2019-08-14 18:00:00,4301.18,13
2019-08-14 18:00:00,5260.31,17
2019-08-14 22:00:00,4659.32,3
2019-08-14 22:00:00,4020.88,1
2019-08-14 22:00:00,4606.07,5
2019-08-14 22:00:00,5179.03,2
2019-08-14 22:00:00,4527.51,4
2019-08-14 22:00:00,5216.74,6
2019-08-23 03:00:00,5855.64,8
2019-08-23 03:00:00,4830.33,7
2019-08-23 03:00:00,5340.33,10
2019-08-23 03:00:00,5217.93,11
2019-08-23 03:00:00,5512.85,9
2019-08-23 03:00:00,4595.37,12
2019-08-23 18:00:00,5612.56,22
2019-08-23 18:00:00,4703.3,24
2019-08-23 18:00:00,6368.73,20
2019-08-23 18:00:00,5869.27,21
2019-08-23 18:00:00,6179.39,19
2019-08-23 18:00:00,5028.85,23
2019-08-23 19:00:00,5358.17,18
2019-08-23 19:00:00,5300.66,15
2019-08-23 19:00:00,5258.0,17
2019-08-23 19:00:00,3907.77,14
2019-08-23 19:00:00,5467.19,16
2019-08-23 19:00:00,4216.7,13
2019-08-23 23:00:00,4018.4,1
2019-08-23 23:00:00,5211.38,6
2019-08-23 23:00:00,4595.04,5
2019-08-23 23:00:00,5171.16,2
2019-08-23 23:00:00,4526.78,4
2019-08-23 23:00:00,4654.21,3
2019-08-30 00:00:00,4012.98,1
2019-08-30 00:00:00,5186.2,6
2019-08-30 00:00:00,4570.69,5
2019-08-30 00:00:00,5152.8,2
2019-08-30 00:00:00,4511.18,4
2019-08-30 00:00:00,4643.03,3
2019-08-30 04:00:00,5214.07,11
2019-08-30 04:00:00,4592.99,12
2019-08-30 04:00:00,5507.67,9
2019-08-30 04:00:00,5871.63,8
2019-08-30 04:00:00,4836.99,7
2019-08-30 04:00:00,5338.9,10
2019-08-30 19:00:00,6368.34,20
2019-08-30 19:00:00,6178.74,19
2019-08-30 19:00:00,5610.81,22
2019-08-30 19:00:00,5867.47,21
2019-08-30 19:00:00,4701.26,24
2019-08-30 19:00:00,5027.81,23
2019-08-30 20:00:00,5258.77,17
2019-08-30 20:00:00,3907.38,14
2019-08-30 20:00:00,4226.03,13
2019-08-30 20:00:00,5464.74,16
2019-08-30 20:00:00,5356.63,18
2019-08-30 20:00:00,5297.71,15
2019-09-13 01:00:00,4515.09,4
2019-09-13 01:00:00,4575.48,5
2019-09-13 01:00:00,5190.61,6
2019-09-13 01:00:00,4015.52,1
2019-09-13 01:00:00,4643.95,3
2019-09-13 01:00:00,5162.17,2
2019-09-13 05:00:00,4818.59,7
2019-09-13 05:00:00,5509.62,9
2019-09-13 05:00:00,5843.98,8
2019-09-13 05:00:00,4592.16,12
2019-09-13 05:00:00,5334.16,10
2019-09-13 05:00:00,5214.76,11
2019-09-13 20:00:00,4702.28,24
2019-09-13 20:00:00,5028.85,23
2019-09-13 20:00:00,6365.51,20
2019-09-13 20:00:00,6177.08,19
2019-09-13 20:00:00,5611.47,22
2019-09-13 20:00:00,5868.18,21
2019-09-13 21:00:00,5356.73,18
2019-09-13 21:00:00,5258.3,17
2019-09-13 21:00:00,3920.87,14
2019-09-13 21:00:00,4243.23,13
2019-09-13 21:00:00,5297.2,15
2019-09-13 21:00:00,5462.31,16
2019-09-16 02:00:00,5165.88,2
2019-09-16 02:00:00,4581.69,5
2019-09-16 02:00:00,4016.72,1
2019-09-16 02:00:00,4646.45,3
2019-09-16 02:00:00,5191.21,6
2019-09-16 02:00:00,4517.17,4
2019-09-16 06:00:00,4819.04,7
2019-09-16 06:00:00,5510.91,9
2019-09-16 06:00:00,4593.33,12
2019-09-16 06:00:00,5847.29,8
2019-09-16 06:00:00,5336.01,10
2019-09-16 06:00:00,5217.55,11
2019-09-16 21:00:00,5610.46,22
2019-09-16 21:00:00,6363.78,20
2019-09-16 21:00:00,6175.3,19
2019-09-16 21:00:00,4701.44,24
2019-09-16 21:00:00,5028.49,23
2019-09-16 21:00:00,5867.25,21
2019-09-16 22:00:00,3958.8,14
2019-09-16 22:00:00,5260.81,17
2019-09-16 22:00:00,5305.55,15
2019-09-16 22:00:00,5469.75,16
2019-09-16 22:00:00,5363.23,18
2019-09-16 22:00:00,4293.8,13
2019-09-29 03:00:00,4513.88,4
2019-09-29 03:00:00,4641.95,3
2019-09-29 03:00:00,5184.93,6
2019-09-29 03:00:00,4014.78,1
2019-09-29 03:00:00,4567.27,5
2019-09-29 03:00:00,5161.39,2
2019-09-29 07:00:00,5217.55,11
2019-09-29 07:00:00,5511.56,9
2019-09-29 07:00:00,5339.61,10
2019-09-29 07:00:00,5859.96,8
2019-09-29 07:00:00,4825.39,7
2019-09-29 07:00:00,4593.56,12
2019-09-29 22:00:00,6177.08,19
2019-09-29 22:00:00,6366.45,20
2019-09-29 22:00:00,5028.19,23
2019-09-29 22:00:00,5610.35,22
2019-09-29 22:00:00,5867.13,21
2019-09-29 22:00:00,4701.34,24
2019-09-29 23:00:00,5260.31,17
2019-09-29 23:00:00,5469.64,16
2019-09-29 23:00:00,4268.99,13
2019-09-29 23:00:00,5361.07,18
2019-09-29 23:00:00,5304.82,15
2019-09-29 23:00:00,3952.37,14
2019-10-03 00:00:00,5468.8,16
2019-10-03 00:00:00,5303.59,15
2019-10-03 00:00:00,4284.18,13
2019-10-03 00:00:00,5258.69,17
2019-10-03 00:00:00,5357.75,18
2019-10-03 00:00:00,3949.49,14
2019-10-03 04:00:00,4012.91,1
2019-10-03 04:00:00,5151.63,2
2019-10-03 04:00:00,4574.35,5
2019-10-03 04:00:00,4506.3,4
2019-10-03 04:00:00,5181.76,6
2019-10-03 04:00:00,4637.11,3
2019-10-03 08:00:00,5888.13,8
2019-10-03 08:00:00,4852.63,7
2019-10-03 08:00:00,5340.37,10
2019-10-03 08:00:00,5215.21,11
2019-10-03 08:00:00,4591.13,12
2019-10-03 08:00:00,5508.21,9
2019-10-03 23:00:00,6183.75,19
2019-10-03 23:00:00,5027.81,23
2019-10-03 23:00:00,5610.25,22
2019-10-03 23:00:00,6372.71,20
2019-10-03 23:00:00,5866.76,21
2019-10-03 23:00:00,4701.01,24
2019-10-10 00:00:00,4701.09,24
2019-10-10 00:00:00,5609.9,22
2019-10-10 00:00:00,6178.74,19
2019-10-10 00:00:00,6366.74,20
2019-10-10 00:00:00,5866.67,21
2019-10-10 00:00:00,5028.1,23
2019-10-10 01:00:00,5306.45,15
2019-10-10 01:00:00,5473.59,16
2019-10-10 01:00:00,5358.69,18
2019-10-10 01:00:00,3926.94,14
2019-10-10 01:00:00,5259.51,17
2019-10-10 01:00:00,4239.09,13
2019-10-10 05:00:00,5154.55,2
2019-10-10 05:00:00,5181.88,6
2019-10-10 05:00:00,4506.7,4
2019-10-10 05:00:00,4012.91,1
2019-10-10 05:00:00,4636.77,3
2019-10-10 05:00:00,4569.38,5
2019-10-10 09:00:00,5217.05,11
2019-10-10 09:00:00,4813.39,7
2019-10-10 09:00:00,5509.41,9
2019-10-10 09:00:00,4590.94,12
2019-10-10 09:00:00,5844.91,8
2019-10-10 09:00:00,5331.7,10
2019-10-17 01:00:00,5028.01,23
2019-10-17 01:00:00,6182.77,19
2019-10-17 01:00:00,4701.01,24
2019-10-17 01:00:00,6371.27,20
2019-10-17 01:00:00,5609.8,22
2019-10-17 01:00:00,5866.42,21
2019-10-17 02:00:00,3928.45,14
2019-10-17 02:00:00,5360.23,18
2019-10-17 02:00:00,5260.21,17
2019-10-17 02:00:00,5304.72,15
2019-10-17 02:00:00,5472.0,16
2019-10-17 02:00:00,4241.71,13
2019-10-17 06:00:00,4635.61,3
2019-10-17 06:00:00,5152.12,2
2019-10-17 06:00:00,4572.72,5
2019-10-17 06:00:00,4012.36,1
2019-10-17 06:00:00,4503.28,4
2019-10-17 06:00:00,5177.85,6
2019-10-17 10:00:00,5507.91,9
2019-10-17 10:00:00,4831.93,7
2019-10-17 10:00:00,5214.26,11
2019-10-17 10:00:00,5334.88,10
2019-10-17 10:00:00,5862.5,8
2019-10-17 10:00:00,4590.53,12
2019-10-24 02:00:00,5609.8,22
2019-10-24 02:00:00,4701.17,24
2019-10-24 02:00:00,5866.42,21
2019-10-24 02:00:00,6181.57,19
2019-10-24 02:00:00,6369.82,20
2019-10-24 02:00:00,5028.38,23
2019-10-24 03:00:00,3927.09,14
2019-10-24 03:00:00,5360.65,18
2019-10-24 03:00:00,5469.21,16
2019-10-24 03:00:00,5260.5,17
2019-10-24 03:00:00,4252.21,13
2019-10-24 03:00:00,5302.98,15
2019-10-24 07:00:00,4638.69,3
2019-10-24 07:00:00,4014.31,1
2019-10-24 07:00:00,4571.77,5
2019-10-24 07:00:00,5157.48,2
2019-10-24 07:00:00,5180.2,6
2019-10-24 07:00:00,4508.31,4
2019-10-24 11:00:00,4821.68,7
2019-10-24 11:00:00,5333.89,10
2019-10-24 11:00:00,5509.42,9
2019-10-24 11:00:00,5848.81,8
2019-10-24 11:00:00,5216.26,11
2019-10-24 11:00:00,4591.28,12
2019-10-31 03:00:00,5865.94,21
2019-10-31 03:00:00,5027.81,23
2019-10-31 03:00:00,6366.31,20
2019-10-31 03:00:00,4700.83,24
2019-10-31 03:00:00,5609.34,22
2019-10-31 03:00:00,6178.89,19
2019-10-31 04:00:00,5298.71,15
2019-10-31 04:00:00,5396.11,18
2019-10-31 04:00:00,3891.98,14
2019-10-31 04:00:00,5466.01,16
2019-10-31 04:00:00,4198.28,13
2019-10-31 04:00:00,5257.89,17
2019-10-31 08:00:00,4502.4,4
2019-10-31 08:00:00,4572.06,5
2019-10-31 08:00:00,5181.08,6
2019-10-31 08:00:00,4011.9,1
2019-10-31 08:00:00,4634.45,3
2019-10-31 08:00:00,5147.63,2
2019-10-31 12:00:00,4588.23,12
2019-10-31 12:00:00,5327.1,10
2019-10-31 12:00:00,5212.47,11
2019-10-31 12:00:00,5505.74,9
2019-10-31 12:00:00,4796.18,7
2019-10-31 12:00:00,5822.14,8
2019-11-07 04:00:00,5865.46,21
2019-11-07 04:00:00,5027.67,23
2019-11-07 04:00:00,5608.81,22
2019-11-07 04:00:00,4700.58,24
2019-11-07 04:00:00,6365.51,20
2019-11-07 04:00:00,6178.37,19
2019-11-07 05:00:00,5257.48,17
2019-11-07 05:00:00,4201.88,13
2019-11-07 05:00:00,3892.11,14
2019-11-07 05:00:00,5465.5,16
2019-11-07 05:00:00,5355.07,18
2019-11-07 05:00:00,5297.4,15
2019-11-07 09:00:00,4573.86,5
2019-11-07 09:00:00,5181.88,6
2019-11-07 09:00:00,4012.24,1
2019-11-07 09:00:00,4634.37,3
2019-11-07 09:00:00,5148.03,2
2019-11-07 09:00:00,4501.69,4
2019-11-07 13:00:00,4587.92,12
2019-11-07 13:00:00,5326.88,10
2019-11-07 13:00:00,5826.0,8
2019-11-07 13:00:00,5212.19,11
2019-11-07 13:00:00,5505.1,9
2019-11-07 13:00:00,4797.78,7
2019-11-14 05:00:00,6177.2,19
2019-11-14 05:00:00,6364.2,20
2019-11-14 05:00:00,4700.24,24
2019-11-14 05:00:00,5607.7,22
2019-11-14 05:00:00,5864.92,21
2019-11-14 05:00:00,5027.36,23
2019-11-14 06:00:00,5256.59,17
2019-11-14 06:00:00,5354.25,18
2019-11-14 06:00:00,4200.86,13
2019-11-14 06:00:00,5464.53,16
2019-11-14 06:00:00,5295.57,15
2019-11-14 06:00:00,3891.08,14
2019-11-14 10:00:00,4496.92,4
2019-11-14 10:00:00,5175.87,6
2019-11-14 10:00:00,4630.79,3
2019-11-14 10:00:00,5140.35,2
2019-11-14 10:00:00,4566.3,5
2019-11-14 10:00:00,4010.23,1
2019-11-14 14:00:00,4586.19,12
2019-11-14 14:00:00,5503.06,9
2019-11-14 14:00:00,5823.89,8
2019-11-14 14:00:00,5211.09,11
2019-11-14 14:00:00,4794.71,7
2019-11-14 14:00:00,5325.45,10
2019-11-22 06:00:00,4700.15,24
2019-11-22 06:00:00,5606.82,22
2019-11-22 06:00:00,5027.16,23
2019-11-22 06:00:00,6182.58,19
2019-11-22 06:00:00,6370.34,20
2019-11-22 06:00:00,5863.44,21
2019-11-22 07:00:00,3893.38,14
2019-11-22 07:00:00,4227.84,13
2019-11-22 07:00:00,5464.43,16
2019-11-22 07:00:00,5256.69,17
2019-11-22 07:00:00,5353.93,18
2019-11-22 07:00:00,5295.37,15
2019-11-22 11:00:00,4552.74,5
2019-11-22 11:00:00,5129.67,2
2019-11-22 11:00:00,5158.96,6
2019-11-22 11:00:00,4488.1,4
2019-11-22 11:00:00,4625.91,3
2019-11-22 11:00:00,4007.3,1
2019-11-22 15:00:00,4808.56,7
2019-11-22 15:00:00,5211.19,11
2019-11-22 15:00:00,5843.5,8
2019-11-22 15:00:00,5328.01,10
2019-11-22 15:00:00,4586.44,12
2019-11-22 15:00:00,5502.15,9
2019-11-28 07:00:00,5862.73,21
2019-11-28 07:00:00,5606.02,22
2019-11-28 07:00:00,6183.1,19
2019-11-28 07:00:00,4700.15,24
2019-11-28 07:00:00,6370.46,20
2019-11-28 07:00:00,5027.25,23
2019-11-28 08:00:00,4234.8,13
2019-11-28 08:00:00,5352.79,18
2019-11-28 08:00:00,3901.4,14
2019-11-28 08:00:00,5296.18,15
2019-11-28 08:00:00,5465.17,16
2019-11-28 08:00:00,5258.09,17
2019-11-28 12:00:00,4565.81,5
2019-11-28 12:00:00,5137.72,2
2019-11-28 12:00:00,4492.65,4
2019-11-28 12:00:00,5170.48,6
2019-11-28 12:00:00,4634.69,3
2019-11-28 12:00:00,4006.49,1
2019-11-28 16:00:00,5843.16,8
2019-11-28 16:00:00,5329.14,10
2019-11-28 16:00:00,5503.7,9
2019-11-28 16:00:00,4586.93,12
2019-11-28 16:00:00,4811.2,7
2019-11-28 16:00:00,5212.28,11
2019-12-05 08:00:00,6371.94,20
2019-12-05 08:00:00,5606.26,22
2019-12-05 08:00:00,5862.87,21
2019-12-05 08:00:00,5027.25,23
2019-12-05 08:00:00,6185.05,19
2019-12-05 08:00:00,4700.15,24
2019-12-05 09:00:00,5464.74,16
2019-12-05 09:00:00,5352.69,18
2019-12-05 09:00:00,3911.76,14
2019-12-05 09:00:00,5295.66,15
2019-12-05 09:00:00,5258.5,17
2019-12-05 09:00:00,4245.05,13
2019-12-05 13:00:00,4565.96,5
2019-12-05 13:00:00,5135.97,2
2019-12-05 13:00:00,4634.2,3
2019-12-05 13:00:00,5169.12,6
2019-12-05 13:00:00,4006.09,1
2019-12-05 13:00:00,4491.2,4
2019-12-05 17:00:00,5211.69,11
2019-12-05 17:00:00,5328.72,10
2019-12-05 17:00:00,4817.09,7
2019-12-05 17:00:00,5503.6,9
2019-12-05 17:00:00,4586.52,12
2019-12-05 17:00:00,5847.51,8
2019-12-12 09:00:00,4699.48,24
2019-12-12 09:00:00,5026.59,23
2019-12-12 09:00:00,6191.57,19
2019-12-12 09:00:00,6376.64,20
2019-12-12 09:00:00,5862.02,21
2019-12-12 09:00:00,5605.49,22
2019-12-12 10:00:00,4329.99,13
2019-12-12 10:00:00,5297.2,15
2019-12-12 10:00:00,3991.88,14
2019-12-12 10:00:00,5353.01,18
2019-12-12 10:00:00,5465.37,16
2019-12-12 10:00:00,5258.5,17
2019-12-12 14:00:00,5154.95,6
2019-12-12 14:00:00,4484.0,4
2019-12-12 14:00:00,4555.48,5
2019-12-12 14:00:00,5121.55,2
2019-12-12 14:00:00,4629.79,3
2019-12-12 14:00:00,4002.14,1
2019-12-12 18:00:00,5881.6,8
2019-12-12 18:00:00,5511.25,9
2019-12-12 18:00:00,5335.1,10
2019-12-12 18:00:00,5215.85,11
2019-12-12 18:00:00,4851.38,7
2019-12-12 18:00:00,4583.63,12
2019-12-16 11:00:00,5352.79,18
2019-12-16 11:00:00,5298.71,15
2019-12-16 11:00:00,5258.21,17
2019-12-16 11:00:00,5466.65,16
2019-12-16 11:00:00,4331.93,13
2019-12-16 11:00:00,3993.42,14
2019-12-19 10:00:00,6371.61,20
2019-12-19 10:00:00,5863.02,21
2019-12-19 10:00:00,4699.73,24
2019-12-19 10:00:00,6191.97,19
2019-12-19 10:00:00,5026.8,23
2019-12-19 10:00:00,5605.71,22
2019-12-19 15:00:00,4631.28,3
2019-12-19 15:00:00,4485.9,4
2019-12-19 15:00:00,4004.21,1
2019-12-19 15:00:00,5157.97,6
2019-12-19 15:00:00,4560.35,5
2019-12-19 15:00:00,5127.04,2
2019-12-19 19:00:00,5510.91,9
2019-12-19 19:00:00,4583.91,12
2019-12-19 19:00:00,4853.35,7
2019-12-19 19:00:00,5335.2,10
2019-12-19 19:00:00,5216.74,11
2019-12-19 19:00:00,5885.39,8
2019-12-26 11:00:00,5026.41,23
2019-12-26 11:00:00,5861.31,21
2019-12-26 11:00:00,6378.25,20
2019-12-26 11:00:00,5605.49,22
2019-12-26 11:00:00,6194.65,19
2019-12-26 11:00:00,4699.4,24
2019-12-26 12:00:00,5353.41,18
2019-12-26 12:00:00,5300.15,15
2019-12-26 12:00:00,5258.59,17
2019-12-26 12:00:00,4342.18,13
2019-12-26 12:00:00,4002.8,14
2019-12-26 12:00:00,5466.78,16
2019-12-26 16:00:00,4003.14,1
2019-12-26 16:00:00,4555.25,5
2019-12-26 16:00:00,4482.95,4
2019-12-26 16:00:00,5123.1,2
2019-12-26 16:00:00,4630.21,3
2019-12-26 16:00:00,5151.82,6
2019-12-26 20:00:00,5337.34,10
2019-12-26 20:00:00,4860.84,7
2019-12-26 20:00:00,5511.46,9
2019-12-26 20:00:00,4583.65,12
2019-12-26 20:00:00,5217.24,11
2019-12-26 20:00:00,5895.17,8
2020-01-09 12:00:00,4698.46,24
2020-01-09 12:00:00,6196.96,19
2020-01-09 12:00:00,5859.67,21
2020-01-09 12:00:00,6378.67,20
2020-01-09 12:00:00,5024.9,23
2020-01-09 12:00:00,5602.18,22
2020-01-09 13:00:00,4347.61,13
2020-01-09 13:00:00,5466.01,16
2020-01-09 13:00:00,5351.26,18
2020-01-09 13:00:00,4009.02,14
2020-01-09 13:00:00,5257.7,17
2020-01-09 13:00:00,5299.74,15
2020-01-09 17:00:00,5117.61,2
2020-01-09 17:00:00,5146.86,6
2020-01-09 17:00:00,4002.21,1
2020-01-09 17:00:00,4627.4,3
2020-01-09 17:00:00,4476.16,4
2020-01-09 17:00:00,4555.09,5
2020-01-09 21:00:00,5335.62,10
2020-01-09 21:00:00,5895.77,8
2020-01-09 21:00:00,5509.72,9
2020-01-09 21:00:00,4579.99,12
2020-01-09 21:00:00,4862.0,7
2020-01-09 21:00:00,5215.66,11
2020-01-16 13:00:00,6377.71,20
2020-01-16 13:00:00,5600.61,22
2020-01-16 13:00:00,5858.25,21
2020-01-16 13:00:00,5024.43,23
2020-01-16 13:00:00,6196.96,19
2020-01-16 13:00:00,4697.95,24
2020-01-16 14:00:00,4005.18,14
2020-01-16 14:00:00,5298.13,15
2020-01-16 14:00:00,5465.03,16
2020-01-16 14:00:00,5354.31,18
2020-01-16 14:00:00,5257.3,17
2020-01-16 14:00:00,4345.16,13
2020-01-16 18:00:00,4477.83,4
2020-01-16 18:00:00,4629.55,3
2020-01-16 18:00:00,4003.68,1
2020-01-16 18:00:00,5121.45,2
2020-01-16 18:00:00,5154.15,6
2020-01-16 18:00:00,4666.2,5
2020-01-16 22:00:00,5879.3,8
2020-01-16 22:00:00,5506.13,9
2020-01-16 22:00:00,5332.61,10
2020-01-16 22:00:00,4578.18,12
2020-01-16 22:00:00,5215.6,11
2020-01-16 22:00:00,4862.13,7
2020-01-23 14:00:00,6197.61,19
2020-01-23 14:00:00,5858.36,21
2020-01-23 14:00:00,5024.63,23
2020-01-23 14:00:00,5600.72,22
2020-01-23 14:00:00,4698.2,24
2020-01-23 14:00:00,6378.25,20
2020-01-23 15:00:00,5466.35,16
2020-01-23 15:00:00,5257.39,17
2020-01-23 15:00:00,5351.35,18
2020-01-23 15:00:00,5300.25,15
2020-01-23 15:00:00,4010.63,14
2020-01-23 15:00:00,4347.23,13
2020-01-23 19:00:00,4633.46,3
2020-01-23 19:00:00,4480.43,4
2020-01-23 19:00:00,5154.37,6
2020-01-23 19:00:00,5129.21,2
2020-01-23 19:00:00,4566.3,5
2020-01-23 19:00:00,4005.48,1
2020-01-23 23:00:00,5335.88,10
2020-01-23 23:00:00,5509.62,9
2020-01-23 23:00:00,5895.4,8
2020-01-23 23:00:00,4578.18,12
2020-01-23 23:00:00,4863.52,7
2020-01-23 23:00:00,5215.16,11
2020-01-28 00:00:00,5511.35,9
2020-01-28 00:00:00,5896.99,8
2020-01-28 00:00:00,4865.39,7
2020-01-28 00:00:00,5214.95,11
2020-01-28 00:00:00,4578.44,12
2020-01-28 00:00:00,5334.26,10
2020-01-28 15:00:00,5598.31,22
2020-01-28 15:00:00,5856.6,21
2020-01-28 15:00:00,5023.51,23
2020-01-28 15:00:00,6377.58,20
2020-01-28 15:00:00,6197.09,19
2020-01-28 15:00:00,4697.18,24
2020-01-28 16:00:00,4349.64,13
2020-01-28 16:00:00,5351.06,18
2020-01-28 16:00:00,5300.45,15
2020-01-28 16:00:00,5466.35,16
2020-01-28 16:00:00,4011.22,14
2020-01-28 16:00:00,5257.29,17
2020-01-28 20:00:00,4555.33,5
2020-01-28 20:00:00,4002.67,1
2020-01-28 20:00:00,5148.43,6
2020-01-28 20:00:00,4630.29,3
2020-01-28 20:00:00,4477.11,4
2020-01-28 20:00:00,5119.53,2
2020-02-06 01:00:00,5893.03,8
2020-02-06 01:00:00,5510.6,9
2020-02-06 01:00:00,4862.88,7
2020-02-06 01:00:00,4575.25,12
2020-02-06 01:00:00,5331.92,10
2020-02-06 01:00:00,5213.47,11
2020-02-06 16:00:00,6376.1,20
2020-02-06 16:00:00,6196.19,19
2020-02-06 16:00:00,5855.41,21
2020-02-06 16:00:00,5596.74,22
2020-02-06 16:00:00,5023.03,23
2020-02-06 16:00:00,4696.51,24
2020-02-06 17:00:00,4340.21,13
2020-02-06 17:00:00,5256.88,17
2020-02-06 17:00:00,5300.01,15
2020-02-06 17:00:00,5465.71,16
2020-02-06 17:00:00,4010.63,14
2020-02-06 17:00:00,5350.12,18
2020-02-06 21:00:00,4627.14,3
2020-02-06 21:00:00,4000.61,1
2020-02-06 21:00:00,4471.15,4
2020-02-06 21:00:00,5112.29,2
2020-02-06 21:00:00,5142.78,6
2020-02-06 21:00:00,4549.42,5
2020-02-13 02:00:00,5512.1,9
2020-02-13 02:00:00,5214.07,11
2020-02-13 02:00:00,5897.55,8
2020-02-13 02:00:00,5335.0,10
2020-02-13 02:00:00,4866.01,7
2020-02-13 02:00:00,4576.46,12
2020-02-13 17:00:00,6377.58,20
2020-02-13 17:00:00,4696.67,24
2020-02-13 17:00:00,5023.12,23
2020-02-13 17:00:00,5596.88,22
2020-02-13 17:00:00,6199.53,19
2020-02-13 17:00:00,5855.53,21
2020-02-13 18:00:00,4357.44,13
2020-02-13 18:00:00,5299.18,15
2020-02-13 18:00:00,5256.91,17
2020-02-13 18:00:00,5350.31,18
2020-02-13 18:00:00,5466.14,16
2020-02-13 18:00:00,4018.33,14
2020-02-13 22:00:00,4558.81,5
2020-02-13 22:00:00,4003.41,1
2020-02-13 22:00:00,5148.61,6
2020-02-13 22:00:00,5120.3,2
2020-02-13 22:00:00,4631.38,3
2020-02-13 22:00:00,4475.69,4
2020-02-20 03:00:00,5213.57,11
2020-02-20 03:00:00,5334.07,10
2020-02-20 03:00:00,5894.23,8
2020-02-20 03:00:00,4576.64,12
2020-02-20 03:00:00,4865.39,7
2020-02-20 03:00:00,5511.79,9
2020-02-20 18:00:00,4696.67,24
2020-02-20 18:00:00,5855.3,21
2020-02-20 18:00:00,5596.88,22
2020-02-20 18:00:00,6199.0,19
2020-02-20 18:00:00,6377.41,20
2020-02-20 18:00:00,5023.12,23
2020-02-20 19:00:00,5465.71,16
2020-02-20 19:00:00,5256.79,17
2020-02-20 19:00:00,4351.97,13
2020-02-20 19:00:00,5349.99,18
2020-02-20 19:00:00,4018.0,14
2020-02-20 19:00:00,5299.47,15
2020-02-20 23:00:00,4005.14,1
2020-02-20 23:00:00,4476.64,4
2020-02-20 23:00:00,5153.48,6
2020-02-20 23:00:00,4633.54,3
2020-02-20 23:00:00,4568.64,5
2020-02-20 23:00:00,5126.0,2
2020-02-27 00:00:00,4482.4,4
2020-02-27 00:00:00,5158.65,6
2020-02-27 00:00:00,4640.19,3
2020-02-27 00:00:00,4574.91,5
2020-02-27 00:00:00,4003.6,1
2020-02-27 00:00:00,5126.19,2
2020-02-27 04:00:00,4576.08,12
2020-02-27 04:00:00,4866.74,7
2020-02-27 04:00:00,5215.55,11
2020-02-27 04:00:00,5336.73,10
2020-02-27 04:00:00,5514.05,9
2020-02-27 04:00:00,5899.58,8
2020-02-27 19:00:00,5853.29,21
2020-02-27 19:00:00,6378.25,20
2020-02-27 19:00:00,6200.95,19
2020-02-27 19:00:00,4696.24,24
2020-02-27 19:00:00,5595.1,22
2020-02-27 19:00:00,5022.56,23
2020-02-27 20:00:00,5257.29,17
2020-02-27 20:00:00,4020.56,14
2020-02-27 20:00:00,5466.65,16
2020-02-27 20:00:00,4361.08,13
2020-02-27 20:00:00,5351.55,18
2020-02-27 20:00:00,5301.28,15
2020-03-05 01:00:00,5125.03,2
2020-03-05 01:00:00,4638.11,3
2020-03-05 01:00:00,4004.0,1
2020-03-05 01:00:00,4480.42,4
2020-03-05 01:00:00,5150.65,6
2020-03-05 01:00:00,4559.99,5
2020-03-05 05:00:00,5336.23,10
2020-03-05 05:00:00,5897.92,8
2020-03-05 05:00:00,4866.73,7
2020-03-05 05:00:00,5214.57,11
2020-03-05 05:00:00,4574.91,12
2020-03-05 05:00:00,5514.15,9
2020-03-05 20:00:00,6199.8,19
2020-03-05 20:00:00,6377.45,20
2020-03-05 20:00:00,5022.29,23
2020-03-05 20:00:00,5595.21,22
2020-03-05 20:00:00,4694.05,24
2020-03-05 20:00:00,5853.88,21
2020-03-05 21:00:00,4020.96,14
2020-03-05 21:00:00,5466.45,16
2020-03-05 21:00:00,5351.35,18
2020-03-05 21:00:00,5301.28,15
2020-03-05 21:00:00,5257.29,17
2020-03-05 21:00:00,4360.09,13
2020-03-12 02:00:00,5134.72,6
2020-03-12 02:00:00,4475.29,4
2020-03-12 02:00:00,4634.77,3
2020-03-12 02:00:00,4001.28,1
2020-03-12 02:00:00,5113.74,2
2020-03-12 02:00:00,4538.77,5
2020-03-12 06:00:00,5213.88,11
2020-03-12 06:00:00,4860.65,7
2020-03-12 06:00:00,4575.84,12
2020-03-12 06:00:00,5512.21,9
2020-03-12 06:00:00,5331.8,10
2020-03-12 06:00:00,5883.25,8
2020-03-12 21:00:00,6375.03,20
2020-03-12 21:00:00,5594.1,22
2020-03-12 21:00:00,5021.44,23
2020-03-12 21:00:00,5853.06,21
2020-03-12 21:00:00,6196.19,19
2020-03-12 21:00:00,4693.19,24
2020-03-12 22:00:00,5350.44,18
2020-03-12 22:00:00,4331.63,13
2020-03-12 22:00:00,5300.05,15
2020-03-12 22:00:00,5465.6,16
2020-03-12 22:00:00,5256.1,17
2020-03-12 22:00:00,4013.78,14
2020-03-27 03:00:00,4564.01,5
2020-03-27 03:00:00,4003.14,1
2020-03-27 03:00:00,5119.04,2
2020-03-27 03:00:00,5149.38,6
2020-03-27 03:00:00,4641.03,3
2020-03-27 03:00:00,4479.18,4
2020-03-27 07:00:00,5910.58,8
2020-03-27 07:00:00,5512.85,9
2020-03-27 07:00:00,4576.64,12
2020-03-27 07:00:00,5214.66,11
2020-03-27 07:00:00,5336.11,10
2020-03-27 07:00:00,4873.27,7
2020-03-27 22:00:00,5852.81,21
2020-03-27 22:00:00,4693.38,24
2020-03-27 22:00:00,6199.53,19
2020-03-27 22:00:00,5021.44,23
2020-03-27 22:00:00,6377.19,20
2020-03-27 22:00:00,5593.99,22
2020-03-27 23:00:00,5300.86,15
2020-03-27 23:00:00,4391.29,13
2020-03-27 23:00:00,4048.71,14
2020-03-27 23:00:00,5257.2,17
2020-03-27 23:00:00,5466.24,16
2020-03-27 23:00:00,5351.16,18
2020-04-08 00:00:00,5310.64,15
2020-04-08 00:00:00,4060.01,14
2020-04-08 00:00:00,5473.92,16
2020-04-08 00:00:00,5361.37,18
2020-04-08 00:00:00,4399.97,13
2020-04-08 00:00:00,5262.62,17
2020-04-08 04:00:00,5145.3,2
2020-04-08 04:00:00,4595.61,5
2020-04-08 04:00:00,4497.62,4
2020-04-08 04:00:00,4009.83,1
2020-04-08 04:00:00,4655.22,3
2020-04-08 04:00:00,5175.68,6
2020-04-08 08:00:00,4588.23,12
2020-04-08 08:00:00,5222.22,11
2020-04-08 08:00:00,4880.36,7
2020-04-08 08:00:00,5347.22,10
2020-04-08 08:00:00,5916.82,8
2020-04-08 08:00:00,5523.77,9
2020-04-08 23:00:00,4594.47,24
2020-04-08 23:00:00,5595.42,22
2020-04-08 23:00:00,6204.04,19
2020-04-08 23:00:00,5854.48,21
2020-04-08 23:00:00,6381.09,20
2020-04-08 23:00:00,5022.56,23
2020-04-22 00:00:00,5021.5,23
2020-04-22 00:00:00,5594.76,22
2020-04-22 00:00:00,6201.6,19
2020-04-22 00:00:00,5854.4,21
2020-04-22 00:00:00,6378.51,20
2020-04-22 00:00:00,4691.5,24
2020-04-22 01:00:00,5471.56,16
2020-04-22 01:00:00,4397.74,13
2020-04-22 01:00:00,5357.13,18
2020-04-22 01:00:00,5310.74,15
2020-04-22 01:00:00,4064.51,14
2020-04-22 01:00:00,5261.92,17
2020-04-22 05:00:00,4007.42,1
2020-04-22 05:00:00,5173.52,6
2020-04-22 05:00:00,4497.4,4
2020-04-22 05:00:00,4582.44,5
2020-04-22 05:00:00,4652.28,3
2020-04-22 05:00:00,5140.72,2
2020-04-22 09:00:00,4582.44,12
2020-04-22 09:00:00,4876.96,7
2020-04-22 09:00:00,5337.24,10
2020-04-22 09:00:00,5912.39,8
2020-04-22 09:00:00,5217.05,11
2020-05-06 01:00:00,5856.49,21
2020-05-06 01:00:00,5595.98,22
2020-05-06 01:00:00,4692.79,24
2020-05-06 01:00:00,6202.61,19
2020-05-06 01:00:00,5022.65,23
2020-05-06 01:00:00,6379.99,20
2020-05-06 02:00:00,5262.31,17
2020-05-06 02:00:00,5312.47,15
2020-05-06 02:00:00,5360.13,18
2020-05-06 02:00:00,4067.51,14
2020-05-06 02:00:00,4398.9,13
2020-05-06 02:00:00,5475.51,16
2020-05-06 06:00:00,5185.21,6
2020-05-06 06:00:00,4658.31,3
2020-05-06 06:00:00,4010.36,1
2020-05-06 06:00:00,4504.96,4
2020-05-06 06:00:00,4594.47,5
2020-05-06 06:00:00,5154.27,2
2020-05-06 10:00:00,5219.62,11
2020-05-06 10:00:00,5912.99,8
2020-05-06 10:00:00,4586.6,12
2020-05-06 10:00:00,4878.46,7
2020-05-06 10:00:00,5341.88,10
2020-05-20 02:00:00,5857.31,21
2020-05-20 02:00:00,4691.77,24
2020-05-20 02:00:00,6200.45,19
2020-05-20 02:00:00,6377.58,20
2020-05-20 02:00:00,5022.29,23
2020-05-20 02:00:00,5596.43,22
2020-05-20 03:00:00,5475.61,16
2020-05-20 03:00:00,5312.28,15
2020-05-20 03:00:00,4068.34,14
2020-05-20 03:00:00,4395.6,13
2020-05-20 03:00:00,5262.02,17
2020-05-20 03:00:00,5358.79,18
2020-05-20 07:00:00,5185.8,6
2020-05-20 07:00:00,4585.46,5
2020-05-20 07:00:00,4008.75,1
2020-05-20 07:00:00,4657.91,3
2020-05-20 07:00:00,5153.99,2
2020-05-20 07:00:00,4507.43,4
2020-05-20 11:00:00,5339.32,10
2020-05-20 11:00:00,5217.43,11
2020-05-20 11:00:00,4876.76,7
2020-05-20 11:00:00,4584.64,12
2020-05-20 11:00:00,5909.86,8
2020-06-04 03:00:00,5861.91,21
2020-06-04 03:00:00,4692.79,24
2020-06-04 03:00:00,6377.45,20
2020-06-04 03:00:00,5023.89,23
2020-06-04 03:00:00,6198.14,19
2020-06-04 03:00:00,5603.93,22
2020-06-04 04:00:00,5477.97,16
2020-06-04 04:00:00,4057.35,14
2020-06-04 04:00:00,5264.63,17
2020-06-04 04:00:00,5365.2,18
2020-06-04 04:00:00,4376.0,13
2020-06-04 04:00:00,5313.28,15
2020-06-04 08:00:00,5199.22,6
2020-06-04 08:00:00,4012.7,1
2020-06-04 08:00:00,4664.03,3
2020-06-04 08:00:00,4500.05,5
2020-06-04 08:00:00,5169.99,2
2020-06-04 08:00:00,4520.41,4
2020-06-04 12:00:00,5223.8,11
2020-06-04 12:00:00,5344.35,10
2020-06-04 12:00:00,4584.15,12
2020-06-04 12:00:00,5900.67,8
2020-06-04 12:00:00,4876.96,7
2020-06-17 04:00:00,5023.98,23
2020-06-17 04:00:00,6373.17,20
2020-06-17 04:00:00,6192.99,19
2020-06-17 04:00:00,5602.95,22
2020-06-17 04:00:00,4691.77,24
2020-06-17 04:00:00,5861.31,21
2020-06-17 05:00:00,4054.42,14
2020-06-17 05:00:00,5262.31,17
2020-06-17 05:00:00,5476.97,16
2020-06-17 05:00:00,4375.85,13
2020-06-17 05:00:00,5311.25,15
2020-06-17 05:00:00,5359.61,18
2020-06-17 09:00:00,4583.81,5
2020-06-17 09:00:00,4009.09,1
2020-06-17 09:00:00,5192.11,6
2020-06-17 09:00:00,5160.22,2
2020-06-17 09:00:00,4515.76,4
2020-06-17 09:00:00,4658.41,3
2020-06-17 13:00:00,4580.71,12
2020-06-17 13:00:00,4871.83,7
2020-06-17 13:00:00,5897.81,8
2020-06-17 13:00:00,5338.7,10
2020-06-17 13:00:00,5218.74,11
2020-07-03 05:00:00,4696.19,24
2020-07-03 05:00:00,6367.25,20
2020-07-03 05:00:00,6184.98,19
2020-07-03 05:00:00,5606.69,22
2020-07-03 05:00:00,5025.76,23
2020-07-03 05:00:00,5863.81,21
2020-07-03 06:00:00,5266.76,17
2020-07-03 06:00:00,5311.45,15
2020-07-03 06:00:00,5369.25,18
2020-07-03 06:00:00,3969.38,14
2020-07-03 06:00:00,4279.44,13
2020-07-03 06:00:00,5476.89,16
2020-07-03 10:00:00,4605.4,5
2020-07-03 10:00:00,4527.11,4
2020-07-03 10:00:00,5210.5,6
2020-07-03 10:00:00,4014.65,1
2020-07-03 10:00:00,5178.23,2
2020-07-03 10:00:00,4666.37,3
2020-07-03 14:00:00,4848.8,7
2020-07-03 14:00:00,5346.31,10
2020-07-03 14:00:00,5229.98,11
2020-07-03 14:00:00,5868.41,8
2020-07-03 14:00:00,4589.53,12
2020-08-04 06:00:00,6337.11,20
2020-08-04 06:00:00,5865.23,21
2020-08-04 06:00:00,4684.47,24
2020-08-04 06:00:00,6171.07,19
2020-08-04 06:00:00,5607.48,22
2020-08-04 06:00:00,5028.19,23
2020-08-04 07:00:00,5263.64,17
2020-08-04 07:00:00,5360.97,18
2020-08-04 07:00:00,3912.21,14
2020-08-04 07:00:00,4238.65,13
2020-08-04 07:00:00,5298.71,15
2020-08-04 07:00:00,5461.44,16
2020-08-04 11:00:00,4009.62,1
2020-08-04 11:00:00,4651.88,3
2020-08-04 11:00:00,5165.5,2
2020-08-04 11:00:00,4677.28,5
2020-08-04 11:00:00,4519.57,4
2020-08-04 11:00:00,5201.28,6
2020-08-04 15:00:00,4824.08,7
2020-08-04 15:00:00,5222.57,11
2020-08-04 15:00:00,5336.23,10
2020-08-04 15:00:00,4583.09,12
2020-08-04 15:00:00,5856.83,8
